ngay_cong_bo,to_chuc_phat_hanh,linh_vuc,loai_hinh,trang_thai_xep_hang,loai_y_kien,ky_han,ket_qua_xep_hang,trien_vong,ma_trai_phieu,bao_cao_vi,bao_cao_en,bao_cao_chi_tiet,link_to_chuc_phat_hanh,issuer_id,to_chuc_xhtn,thoi_gian_scrape,ngay_cong_bo_dt
27/06/2026,Công ty TNHH Mặt Trời Vũng Tàu,Bất động sản,Doanh nghiệp,Lần đầu,Công cụ nợ,,A-,Ổn định,,https://sni-rating.s3.ap-southeast-1.amazonaws.com/wp-content/uploads/2026/06/29163503/SVT-Public-Scan-1.pdf,,,https://sniratings.com.vn/?rating=cong-ty-tnhh-mat-troi-vung-tau,5793,S&I Ratings,2026-08-13 09:14:42,2026-06-27
10/06/2026,Công ty Cổ phần Bluemarq Group,Bất động sản,Doanh nghiệp,Giám sát Xếp hạng,,,BBB+,Tích cực,,,,,https://sniratings.com.vn/?rating=cong-ty-co-phan-bluemarq-group,5800,S&I Ratings,2026-08-13 09:14:42,2026-06-10
28/05/2026,Công ty Cổ phần Công nghệ Tài chính Encapital,Công nghệ thông tin,Doanh nghiệp,Giám sát Xếp hạng,,,BBB,Ổn định,,,,,https://sniratings.com.vn/?rating=cong-ty-co-phan-cong-nghe-tai-chinh-encapital-2,5798,S&I Ratings,2026-08-13 09:14:42,2026-05-28
24/04/2026,Công ty Cổ phần Chứng khoán KAFI,Chứng khoán,Tổ chức tài chính,Lần đầu,Tổ chức phát hành,,A,Ổn định,,https://sni-rating.s3.ap-southeast-1.amazonaws.com/wp-content/uploads/2026/04/28163747/KAFI-Public.pdf,,https://sni-rating.s3.ap-southeast-1.amazonaws.com/wp-content/uploads/2026/04/28163739/KAFI-Rating-Report.pdf,https://sniratings.com.vn/?rating=cong-ty-co-phan-chung-khoan-kafi,5575,S&I Ratings,2026-08-13 09:14:42,2026-04-24
24/03/2026,Công ty TNHH Xây dựng Dân dụng Phú Quốc,Bất động sản,Doanh nghiệp,Lần đầu,Công cụ nợ,,A,Ổn định,,https://sni-rating.s3.ap-southeast-1.amazonaws.com/wp-content/uploads/2026/03/26162151/PCC-Bond-Public.pdf,,,https://sniratings.com.vn/?rating=cong-ty-tnhh-xay-dung-dan-dung-phu-quoc-2,5456,S&I Ratings,2026-08-13 09:14:42,2026-03-24
24/03/2026,Công ty TNHH Xây dựng Dân dụng Phú Quốc,Bất động sản,Doanh nghiệp,Lần đầu,Tổ chức phát hành,,BB+,Ổn định,,https://sni-rating.s3.ap-southeast-1.amazonaws.com/wp-content/uploads/2026/03/26161837/PCC-Corporate-Public.pdf,,,https://sniratings.com.vn/?rating=cong-ty-tnhh-xay-dung-dan-dung-phu-quoc,5454,S&I Ratings,2026-08-13 09:14:42,2026-03-24
10/12/2025,Công ty Cổ phần Tập đoàn Đất Xanh,Bất động sản,Doanh nghiệp,Lần đầu,Tổ chức phát hành,,BBB+,Tích cực,,https://sni-rating.s3.ap-southeast-1.amazonaws.com/wp-content/uploads/2025/12/11142639/DXG-Public.pdf,,https://sni-rating.s3.ap-southeast-1.amazonaws.com/wp-content/uploads/2025/12/11091425/DXG-Rating-Report.pdf,https://sniratings.com.vn/?rating=cong-ty-co-phan-tap-doan-dat-xanh,5262,S&I Ratings,2026-08-13 09:14:42,2025-12-10
10/12/2025,Công ty Cổ phần Chứng khoán DNSE,Chứng khoán,Tổ chức tài chính,Giám sát Xếp hạng,,,BBB,Ổn định,,,,,https://sniratings.com.vn/?rating=cong-ty-co-phan-chung-khoan-dnse-2,5258,S&I Ratings,2026-08-13 09:14:42,2025-12-10
28/11/2025,Công ty Cổ phần Công nghệ Tài chính Encapital,Công nghệ thông tin,Doanh nghiệp,Lần đầu,Tổ chức phát hành,,BBB,Ổn định,,https://sni-rating.s3.ap-southeast-1.amazonaws.com/wp-content/uploads/2025/12/01133207/CBTT_XHTN_SI-ENCAP.pdf,,,https://sniratings.com.vn/?rating=cong-ty-co-phan-cong-nghe-tai-chinh-encapital,5239,S&I Ratings,2026-08-13 09:14:42,2025-11-28
10/09/2025,Ngân Hàng TMCP Phương Đông,Ngân hàng,Tổ chức tài chính,Giám sát Xếp hạng,,,A+,Ổn định,,,,,https://sniratings.com.vn/?rating=ngan-hang-tmcp-phuong-dong,4941,S&I Ratings,2026-08-13 09:14:42,2025-09-10
10/06/2025,Công ty Cổ phần Chứng khoán DNSE,Chứng khoán,Tổ chức tài chính,Lần đầu,Tổ chức phát hành,,BBB,Ổn định,,https://sni-rating.s3.ap-southeast-1.amazonaws.com/wp-content/uploads/2025/06/10143529/DNSE-Credit-Report-Summary.pdf,,,https://sniratings.com.vn/?rating=cong-ty-co-phan-chung-khoan-dnse,4708,S&I Ratings,2026-08-13 09:14:42,2025-06-10
10/03/2025,Ngân Hàng TMCP Phương Đông,Ngân hàng,Tổ chức tài chính,Lần đầu,Tổ chức phát hành,,A+,Ổn định,,https://sni-rating.s3.ap-southeast-1.amazonaws.com/wp-content/uploads/2025/03/10163537/OCB-Credit-Report-Summary.pdf,,,https://sniratings.com.vn/?rating=ngan-hang-tmcp-an-binh,591,S&I Ratings,2026-08-13 09:14:42,2025-03-10
27/06/2026,Công ty TNHH Mặt Trời Vũng Tàu,Bất động sản,Doanh nghiệp,Lần đầu,Công cụ nợ,,A-,Ổn định,,https://sni-rating.s3.ap-southeast-1.amazonaws.com/wp-content/uploads/2026/06/29163503/SVT-Public-Scan-1.pdf,,,https://sniratings.com.vn/?rating=cong-ty-tnhh-mat-troi-vung-tau,5793,S&I Ratings,2026-09-04 11:05:35,2026-06-27
10/06/2026,Công ty Cổ phần Bluemarq Group,Bất động sản,Doanh nghiệp,Giám sát Xếp hạng,,,BBB+,Tích cực,,,,,https://sniratings.com.vn/?rating=cong-ty-co-phan-bluemarq-group,5800,S&I Ratings,2026-09-04 11:05:35,2026-06-10
28/05/2026,Công ty Cổ phần Công nghệ Tài chính Encapital,Công nghệ thông tin,Doanh nghiệp,Giám sát Xếp hạng,,,BBB,Ổn định,,,,,https://sniratings.com.vn/?rating=cong-ty-co-phan-cong-nghe-tai-chinh-encapital-2,5798,S&I Ratings,2026-09-04 11:05:35,2026-05-28
24/04/2026,Công ty Cổ phần Chứng khoán KAFI,Chứng khoán,Tổ chức tài chính,Lần đầu,Tổ chức phát hành,,A,Ổn định,,https://sni-rating.s3.ap-southeast-1.amazonaws.com/wp-content/uploads/2026/04/28163747/KAFI-Public.pdf,,https://sni-rating.s3.ap-southeast-1.amazonaws.com/wp-content/uploads/2026/04/28163739/KAFI-Rating-Report.pdf,https://sniratings.com.vn/?rating=cong-ty-co-phan-chung-khoan-kafi,5575,S&I Ratings,2026-09-04 11:05:35,2026-04-24
24/03/2026,Công ty TNHH Xây dựng Dân dụng Phú Quốc,Bất động sản,Doanh nghiệp,Lần đầu,Công cụ nợ,,A,Ổn định,,https://sni-rating.s3.ap-southeast-1.amazonaws.com/wp-content/uploads/2026/03/26162151/PCC-Bond-Public.pdf,,,https://sniratings.com.vn/?rating=cong-ty-tnhh-xay-dung-dan-dung-phu-quoc-2,5456,S&I Ratings,2026-09-04 11:05:35,2026-03-24
24/03/2026,Công ty TNHH Xây dựng Dân dụng Phú Quốc,Bất động sản,Doanh nghiệp,Lần đầu,Tổ chức phát hành,,BB+,Ổn định,,https://sni-rating.s3.ap-southeast-1.amazonaws.com/wp-content/uploads/2026/03/26161837/PCC-Corporate-Public.pdf,,,https://sniratings.com.vn/?rating=cong-ty-tnhh-xay-dung-dan-dung-phu-quoc,5454,S&I Ratings,2026-09-04 11:05:35,2026-03-24
10/12/2025,Công ty Cổ phần Tập đoàn Đất Xanh,Bất động sản,Doanh nghiệp,Lần đầu,Tổ chức phát hành,,BBB+,Tích cực,,https://sni-rating.s3.ap-southeast-1.amazonaws.com/wp-content/uploads/2025/12/11142639/DXG-Public.pdf,,https://sni-rating.s3.ap-southeast-1.amazonaws.com/wp-content/uploads/2025/12/11091425/DXG-Rating-Report.pdf,https://sniratings.com.vn/?rating=cong-ty-co-phan-tap-doan-dat-xanh,5262,S&I Ratings,2026-09-04 11:05:35,2025-12-10
10/12/2025,Công ty Cổ phần Chứng khoán DNSE,Chứng khoán,Tổ chức tài chính,Giám sát Xếp hạng,,,BBB,Ổn định,,,,,https://sniratings.com.vn/?rating=cong-ty-co-phan-chung-khoan-dnse-2,5258,S&I Ratings,2026-09-04 11:05:35,2025-12-10
28/11/2025,Công ty Cổ phần Công nghệ Tài chính Encapital,Công nghệ thông tin,Doanh nghiệp,Lần đầu,Tổ chức phát hành,,BBB,Ổn định,,https://sni-rating.s3.ap-southeast-1.amazonaws.com/wp-content/uploads/2025/12/01133207/CBTT_XHTN_SI-ENCAP.pdf,,,https://sniratings.com.vn/?rating=cong-ty-co-phan-cong-nghe-tai-chinh-encapital,5239,S&I Ratings,2026-09-04 11:05:35,2025-11-28
10/09/2025,Ngân Hàng TMCP Phương Đông,Ngân hàng,Tổ chức tài chính,Giám sát Xếp hạng,,,A+,Ổn định,,,,,https://sniratings.com.vn/?rating=ngan-hang-tmcp-phuong-dong,4941,S&I Ratings,2026-09-04 11:05:35,2025-09-10
10/06/2025,Công ty Cổ phần Chứng khoán DNSE,Chứng khoán,Tổ chức tài chính,Lần đầu,Tổ chức phát hành,,BBB,Ổn định,,https://sni-rating.s3.ap-southeast-1.amazonaws.com/wp-content/uploads/2025/06/10143529/DNSE-Credit-Report-Summary.pdf,,,https://sniratings.com.vn/?rating=cong-ty-co-phan-chung-khoan-dnse,4708,S&I Ratings,2026-09-04 11:05:35,2025-06-10
10/03/2025,Ngân Hàng TMCP Phương Đông,Ngân hàng,Tổ chức tài chính,Lần đầu,Tổ chức phát hành,,A+,Ổn định,,https://sni-rating.s3.ap-southeast-1.amazonaws.com/wp-content/uploads/2025/03/10163537/OCB-Credit-Report-Summary.pdf,,,https://sniratings.com.vn/?rating=ngan-hang-tmcp-an-binh,591,S&I Ratings,2026-09-04 11:05:35,2025-03-10
27/06/2026,Công ty TNHH Mặt Trời Vũng Tàu,Bất động sản,Doanh nghiệp,Lần đầu,Công cụ nợ,,A-,Ổn định,,https://sni-rating.s3.ap-southeast-1.amazonaws.com/wp-content/uploads/2026/06/29163503/SVT-Public-Scan-1.pdf,,,https://sniratings.com.vn/?rating=cong-ty-tnhh-mat-troi-vung-tau,5793,S&I Ratings,2026-09-04 11:11:23,2026-06-27
10/06/2026,Công ty Cổ phần Bluemarq Group,Bất động sản,Doanh nghiệp,Giám sát Xếp hạng,,,BBB+,Tích cực,,,,,https://sniratings.com.vn/?rating=cong-ty-co-phan-bluemarq-group,5800,S&I Ratings,2026-09-04 11:11:23,2026-06-10
28/05/2026,Công ty Cổ phần Công nghệ Tài chính Encapital,Công nghệ thông tin,Doanh nghiệp,Giám sát Xếp hạng,,,BBB,Ổn định,,,,,https://sniratings.com.vn/?rating=cong-ty-co-phan-cong-nghe-tai-chinh-encapital-2,5798,S&I Ratings,2026-09-04 11:11:23,2026-05-28
24/04/2026,Công ty Cổ phần Chứng khoán KAFI,Chứng khoán,Tổ chức tài chính,Lần đầu,Tổ chức phát hành,,A,Ổn định,,https://sni-rating.s3.ap-southeast-1.amazonaws.com/wp-content/uploads/2026/04/28163747/KAFI-Public.pdf,,https://sni-rating.s3.ap-southeast-1.amazonaws.com/wp-content/uploads/2026/04/28163739/KAFI-Rating-Report.pdf,https://sniratings.com.vn/?rating=cong-ty-co-phan-chung-khoan-kafi,5575,S&I Ratings,2026-09-04 11:11:23,2026-04-24
24/03/2026,Công ty TNHH Xây dựng Dân dụng Phú Quốc,Bất động sản,Doanh nghiệp,Lần đầu,Công cụ nợ,,A,Ổn định,,https://sni-rating.s3.ap-southeast-1.amazonaws.com/wp-content/uploads/2026/03/26162151/PCC-Bond-Public.pdf,,,https://sniratings.com.vn/?rating=cong-ty-tnhh-xay-dung-dan-dung-phu-quoc-2,5456,S&I Ratings,2026-09-04 11:11:23,2026-03-24
24/03/2026,Công ty TNHH Xây dựng Dân dụng Phú Quốc,Bất động sản,Doanh nghiệp,Lần đầu,Tổ chức phát hành,,BB+,Ổn định,,https://sni-rating.s3.ap-southeast-1.amazonaws.com/wp-content/uploads/2026/03/26161837/PCC-Corporate-Public.pdf,,,https://sniratings.com.vn/?rating=cong-ty-tnhh-xay-dung-dan-dung-phu-quoc,5454,S&I Ratings,2026-09-04 11:11:23,2026-03-24
10/12/2025,Công ty Cổ phần Tập đoàn Đất Xanh,Bất động sản,Doanh nghiệp,Lần đầu,Tổ chức phát hành,,BBB+,Tích cực,,https://sni-rating.s3.ap-southeast-1.amazonaws.com/wp-content/uploads/2025/12/11142639/DXG-Public.pdf,,https://sni-rating.s3.ap-southeast-1.amazonaws.com/wp-content/uploads/2025/12/11091425/DXG-Rating-Report.pdf,https://sniratings.com.vn/?rating=cong-ty-co-phan-tap-doan-dat-xanh,5262,S&I Ratings,2026-09-04 11:11:23,2025-12-10
10/12/2025,Công ty Cổ phần Chứng khoán DNSE,Chứng khoán,Tổ chức tài chính,Giám sát Xếp hạng,,,BBB,Ổn định,,,,,https://sniratings.com.vn/?rating=cong-ty-co-phan-chung-khoan-dnse-2,5258,S&I Ratings,2026-09-04 11:11:23,2025-12-10
28/11/2025,Công ty Cổ phần Công nghệ Tài chính Encapital,Công nghệ thông tin,Doanh nghiệp,Lần đầu,Tổ chức phát hành,,BBB,Ổn định,,https://sni-rating.s3.ap-southeast-1.amazonaws.com/wp-content/uploads/2025/12/01133207/CBTT_XHTN_SI-ENCAP.pdf,,,https://sniratings.com.vn/?rating=cong-ty-co-phan-cong-nghe-tai-chinh-encapital,5239,S&I Ratings,2026-09-04 11:11:23,2025-11-28
10/09/2025,Ngân Hàng TMCP Phương Đông,Ngân hàng,Tổ chức tài chính,Giám sát Xếp hạng,,,A+,Ổn định,,,,,https://sniratings.com.vn/?rating=ngan-hang-tmcp-phuong-dong,4941,S&I Ratings,2026-09-04 11:11:23,2025-09-10
10/06/2025,Công ty Cổ phần Chứng khoán DNSE,Chứng khoán,Tổ chức tài chính,Lần đầu,Tổ chức phát hành,,BBB,Ổn định,,https://sni-rating.s3.ap-southeast-1.amazonaws.com/wp-content/uploads/2025/06/10143529/DNSE-Credit-Report-Summary.pdf,,,https://sniratings.com.vn/?rating=cong-ty-co-phan-chung-khoan-dnse,4708,S&I Ratings,2026-09-04 11:11:23,2025-06-10
10/03/2025,Ngân Hàng TMCP Phương Đông,Ngân hàng,Tổ chức tài chính,Lần đầu,Tổ chức phát hành,,A+,Ổn định,,https://sni-rating.s3.ap-southeast-1.amazonaws.com/wp-content/uploads/2025/03/10163537/OCB-Credit-Report-Summary.pdf,,,https://sniratings.com.vn/?rating=ngan-hang-tmcp-an-binh,591,S&I Ratings,2026-09-04 11:11:23,2025-03-10
27/06/2026,Công ty TNHH Mặt Trời Vũng Tàu,Bất động sản,Doanh nghiệp,Lần đầu,Công cụ nợ,,A-,Ổn định,,https://sni-rating.s3.ap-southeast-1.amazonaws.com/wp-content/uploads/2026/06/29163503/SVT-Public-Scan-1.pdf,,,https://sniratings.com.vn/?rating=cong-ty-tnhh-mat-troi-vung-tau,5793,S&I Ratings,2026-09-04 17:36:35,2026-06-27
10/06/2026,Công ty Cổ phần Bluemarq Group,Bất động sản,Doanh nghiệp,Giám sát Xếp hạng,,,BBB+,Tích cực,,,,,https://sniratings.com.vn/?rating=cong-ty-co-phan-bluemarq-group,5800,S&I Ratings,2026-09-04 17:36:35,2026-06-10
28/05/2026,Công ty Cổ phần Công nghệ Tài chính Encapital,Công nghệ thông tin,Doanh nghiệp,Giám sát Xếp hạng,,,BBB,Ổn định,,,,,https://sniratings.com.vn/?rating=cong-ty-co-phan-cong-nghe-tai-chinh-encapital-2,5798,S&I Ratings,2026-09-04 17:36:35,2026-05-28
24/04/2026,Công ty Cổ phần Chứng khoán KAFI,Chứng khoán,Tổ chức tài chính,Lần đầu,Tổ chức phát hành,,A,Ổn định,,https://sni-rating.s3.ap-southeast-1.amazonaws.com/wp-content/uploads/2026/04/28163747/KAFI-Public.pdf,,https://sni-rating.s3.ap-southeast-1.amazonaws.com/wp-content/uploads/2026/04/28163739/KAFI-Rating-Report.pdf,https://sniratings.com.vn/?rating=cong-ty-co-phan-chung-khoan-kafi,5575,S&I Ratings,2026-09-04 17:36:35,2026-04-24
24/03/2026,Công ty TNHH Xây dựng Dân dụng Phú Quốc,Bất động sản,Doanh nghiệp,Lần đầu,Công cụ nợ,,A,Ổn định,,https://sni-rating.s3.ap-southeast-1.amazonaws.com/wp-content/uploads/2026/03/26162151/PCC-Bond-Public.pdf,,,https://sniratings.com.vn/?rating=cong-ty-tnhh-xay-dung-dan-dung-phu-quoc-2,5456,S&I Ratings,2026-09-04 17:36:35,2026-03-24
24/03/2026,Công ty TNHH Xây dựng Dân dụng Phú Quốc,Bất động sản,Doanh nghiệp,Lần đầu,Tổ chức phát hành,,BB+,Ổn định,,https://sni-rating.s3.ap-southeast-1.amazonaws.com/wp-content/uploads/2026/03/26161837/PCC-Corporate-Public.pdf,,,https://sniratings.com.vn/?rating=cong-ty-tnhh-xay-dung-dan-dung-phu-quoc,5454,S&I Ratings,2026-09-04 17:36:35,2026-03-24
10/12/2025,Công ty Cổ phần Tập đoàn Đất Xanh,Bất động sản,Doanh nghiệp,Lần đầu,Tổ chức phát hành,,BBB+,Tích cực,,https://sni-rating.s3.ap-southeast-1.amazonaws.com/wp-content/uploads/2025/12/11142639/DXG-Public.pdf,,https://sni-rating.s3.ap-southeast-1.amazonaws.com/wp-content/uploads/2025/12/11091425/DXG-Rating-Report.pdf,https://sniratings.com.vn/?rating=cong-ty-co-phan-tap-doan-dat-xanh,5262,S&I Ratings,2026-09-04 17:36:35,2025-12-10
10/12/2025,Công ty Cổ phần Chứng khoán DNSE,Chứng khoán,Tổ chức tài chính,Giám sát Xếp hạng,,,BBB,Ổn định,,,,,https://sniratings.com.vn/?rating=cong-ty-co-phan-chung-khoan-dnse-2,5258,S&I Ratings,2026-09-04 17:36:35,2025-12-10
28/11/2025,Công ty Cổ phần Công nghệ Tài chính Encapital,Công nghệ thông tin,Doanh nghiệp,Lần đầu,Tổ chức phát hành,,BBB,Ổn định,,https://sni-rating.s3.ap-southeast-1.amazonaws.com/wp-content/uploads/2025/12/01133207/CBTT_XHTN_SI-ENCAP.pdf,,,https://sniratings.com.vn/?rating=cong-ty-co-phan-cong-nghe-tai-chinh-encapital,5239,S&I Ratings,2026-09-04 17:36:35,2025-11-28
10/09/2025,Ngân Hàng TMCP Phương Đông,Ngân hàng,Tổ chức tài chính,Giám sát Xếp hạng,,,A+,Ổn định,,,,,https://sniratings.com.vn/?rating=ngan-hang-tmcp-phuong-dong,4941,S&I Ratings,2026-09-04 17:36:35,2025-09-10
10/06/2025,Công ty Cổ phần Chứng khoán DNSE,Chứng khoán,Tổ chức tài chính,Lần đầu,Tổ chức phát hành,,BBB,Ổn định,,https://sni-rating.s3.ap-southeast-1.amazonaws.com/wp-content/uploads/2025/06/10143529/DNSE-Credit-Report-Summary.pdf,,,https://sniratings.com.vn/?rating=cong-ty-co-phan-chung-khoan-dnse,4708,S&I Ratings,2026-09-04 17:36:35,2025-06-10
10/03/2025,Ngân Hàng TMCP Phương Đông,Ngân hàng,Tổ chức tài chính,Lần đầu,Tổ chức phát hành,,A+,Ổn định,,https://sni-rating.s3.ap-southeast-1.amazonaws.com/wp-content/uploads/2025/03/10163537/OCB-Credit-Report-Summary.pdf,,,https://sniratings.com.vn/?rating=ngan-hang-tmcp-an-binh,591,S&I Ratings,2026-09-04 17:36:35,2025-03-10
27/06/2026,Công ty TNHH Mặt Trời Vũng Tàu,Bất động sản,Doanh nghiệp,Lần đầu,Công cụ nợ,,A-,Ổn định,,https://sni-rating.s3.ap-southeast-1.amazonaws.com/wp-content/uploads/2026/06/29163503/SVT-Public-Scan-1.pdf,,,https://sniratings.com.vn/?rating=cong-ty-tnhh-mat-troi-vung-tau,5793,S&I Ratings,2026-09-07 08:10:55,2026-06-27
10/06/2026,Công ty Cổ phần Bluemarq Group,Bất động sản,Doanh nghiệp,Giám sát Xếp hạng,,,BBB+,Tích cực,,,,,https://sniratings.com.vn/?rating=cong-ty-co-phan-bluemarq-group,5800,S&I Ratings,2026-09-07 08:10:55,2026-06-10
28/05/2026,Công ty Cổ phần Công nghệ Tài chính Encapital,Công nghệ thông tin,Doanh nghiệp,Giám sát Xếp hạng,,,BBB,Ổn định,,,,,https://sniratings.com.vn/?rating=cong-ty-co-phan-cong-nghe-tai-chinh-encapital-2,5798,S&I Ratings,2026-09-07 08:10:55,2026-05-28
24/04/2026,Công ty Cổ phần Chứng khoán KAFI,Chứng khoán,Tổ chức tài chính,Lần đầu,Tổ chức phát hành,,A,Ổn định,,https://sni-rating.s3.ap-southeast-1.amazonaws.com/wp-content/uploads/2026/04/28163747/KAFI-Public.pdf,,https://sni-rating.s3.ap-southeast-1.amazonaws.com/wp-content/uploads/2026/04/28163739/KAFI-Rating-Report.pdf,https://sniratings.com.vn/?rating=cong-ty-co-phan-chung-khoan-kafi,5575,S&I Ratings,2026-09-07 08:10:55,2026-04-24
24/03/2026,Công ty TNHH Xây dựng Dân dụng Phú Quốc,Bất động sản,Doanh nghiệp,Lần đầu,Công cụ nợ,,A,Ổn định,,https://sni-rating.s3.ap-southeast-1.amazonaws.com/wp-content/uploads/2026/03/26162151/PCC-Bond-Public.pdf,,,https://sniratings.com.vn/?rating=cong-ty-tnhh-xay-dung-dan-dung-phu-quoc-2,5456,S&I Ratings,2026-09-07 08:10:55,2026-03-24
24/03/2026,Công ty TNHH Xây dựng Dân dụng Phú Quốc,Bất động sản,Doanh nghiệp,Lần đầu,Tổ chức phát hành,,BB+,Ổn định,,https://sni-rating.s3.ap-southeast-1.amazonaws.com/wp-content/uploads/2026/03/26161837/PCC-Corporate-Public.pdf,,,https://sniratings.com.vn/?rating=cong-ty-tnhh-xay-dung-dan-dung-phu-quoc,5454,S&I Ratings,2026-09-07 08:10:55,2026-03-24
10/12/2025,Công ty Cổ phần Tập đoàn Đất Xanh,Bất động sản,Doanh nghiệp,Lần đầu,Tổ chức phát hành,,BBB+,Tích cực,,https://sni-rating.s3.ap-southeast-1.amazonaws.com/wp-content/uploads/2025/12/11142639/DXG-Public.pdf,,https://sni-rating.s3.ap-southeast-1.amazonaws.com/wp-content/uploads/2025/12/11091425/DXG-Rating-Report.pdf,https://sniratings.com.vn/?rating=cong-ty-co-phan-tap-doan-dat-xanh,5262,S&I Ratings,2026-09-07 08:10:55,2025-12-10
10/12/2025,Công ty Cổ phần Chứng khoán DNSE,Chứng khoán,Tổ chức tài chính,Giám sát Xếp hạng,,,BBB,Ổn định,,,,,https://sniratings.com.vn/?rating=cong-ty-co-phan-chung-khoan-dnse-2,5258,S&I Ratings,2026-09-07 08:10:55,2025-12-10
28/11/2025,Công ty Cổ phần Công nghệ Tài chính Encapital,Công nghệ thông tin,Doanh nghiệp,Lần đầu,Tổ chức phát hành,,BBB,Ổn định,,https://sni-rating.s3.ap-southeast-1.amazonaws.com/wp-content/uploads/2025/12/01133207/CBTT_XHTN_SI-ENCAP.pdf,,,https://sniratings.com.vn/?rating=cong-ty-co-phan-cong-nghe-tai-chinh-encapital,5239,S&I Ratings,2026-09-07 08:10:55,2025-11-28
10/09/2025,Ngân Hàng TMCP Phương Đông,Ngân hàng,Tổ chức tài chính,Giám sát Xếp hạng,,,A+,Ổn định,,,,,https://sniratings.com.vn/?rating=ngan-hang-tmcp-phuong-dong,4941,S&I Ratings,2026-09-07 08:10:55,2025-09-10
10/06/2025,Công ty Cổ phần Chứng khoán DNSE,Chứng khoán,Tổ chức tài chính,Lần đầu,Tổ chức phát hành,,BBB,Ổn định,,https://sni-rating.s3.ap-southeast-1.amazonaws.com/wp-content/uploads/2025/06/10143529/DNSE-Credit-Report-Summary.pdf,,,https://sniratings.com.vn/?rating=cong-ty-co-phan-chung-khoan-dnse,4708,S&I Ratings,2026-09-07 08:10:55,2025-06-10
10/03/2025,Ngân Hàng TMCP Phương Đông,Ngân hàng,Tổ chức tài chính,Lần đầu,Tổ chức phát hành,,A+,Ổn định,,https://sni-rating.s3.ap-southeast-1.amazonaws.com/wp-content/uploads/2025/03/10163537/OCB-Credit-Report-Summary.pdf,,,https://sniratings.com.vn/?rating=ngan-hang-tmcp-an-binh,591,S&I Ratings,2026-09-07 08:10:55,2025-03-10
27/06/2026,Công ty TNHH Mặt Trời Vũng Tàu,Bất động sản,Doanh nghiệp,Lần đầu,Công cụ nợ,,A-,Ổn định,,https://sni-rating.s3.ap-southeast-1.amazonaws.com/wp-content/uploads/2026/06/29163503/SVT-Public-Scan-1.pdf,,,https://sniratings.com.vn/?rating=cong-ty-tnhh-mat-troi-vung-tau,5793,S&I Ratings,2026-09-07 15:15:20,2026-06-27
10/06/2026,Công ty Cổ phần Bluemarq Group,Bất động sản,Doanh nghiệp,Giám sát Xếp hạng,,,BBB+,Tích cực,,,,,https://sniratings.com.vn/?rating=cong-ty-co-phan-bluemarq-group,5800,S&I Ratings,2026-09-07 15:15:20,2026-06-10
28/05/2026,Công ty Cổ phần Công nghệ Tài chính Encapital,Công nghệ thông tin,Doanh nghiệp,Giám sát Xếp hạng,,,BBB,Ổn định,,,,,https://sniratings.com.vn/?rating=cong-ty-co-phan-cong-nghe-tai-chinh-encapital-2,5798,S&I Ratings,2026-09-07 15:15:20,2026-05-28
24/04/2026,Công ty Cổ phần Chứng khoán KAFI,Chứng khoán,Tổ chức tài chính,Lần đầu,Tổ chức phát hành,,A,Ổn định,,https://sni-rating.s3.ap-southeast-1.amazonaws.com/wp-content/uploads/2026/04/28163747/KAFI-Public.pdf,,https://sni-rating.s3.ap-southeast-1.amazonaws.com/wp-content/uploads/2026/04/28163739/KAFI-Rating-Report.pdf,https://sniratings.com.vn/?rating=cong-ty-co-phan-chung-khoan-kafi,5575,S&I Ratings,2026-09-07 15:15:20,2026-04-24
24/03/2026,Công ty TNHH Xây dựng Dân dụng Phú Quốc,Bất động sản,Doanh nghiệp,Lần đầu,Công cụ nợ,,A,Ổn định,,https://sni-rating.s3.ap-southeast-1.amazonaws.com/wp-content/uploads/2026/03/26162151/PCC-Bond-Public.pdf,,,https://sniratings.com.vn/?rating=cong-ty-tnhh-xay-dung-dan-dung-phu-quoc-2,5456,S&I Ratings,2026-09-07 15:15:20,2026-03-24
24/03/2026,Công ty TNHH Xây dựng Dân dụng Phú Quốc,Bất động sản,Doanh nghiệp,Lần đầu,Tổ chức phát hành,,BB+,Ổn định,,https://sni-rating.s3.ap-southeast-1.amazonaws.com/wp-content/uploads/2026/03/26161837/PCC-Corporate-Public.pdf,,,https://sniratings.com.vn/?rating=cong-ty-tnhh-xay-dung-dan-dung-phu-quoc,5454,S&I Ratings,2026-09-07 15:15:20,2026-03-24
10/12/2025,Công ty Cổ phần Tập đoàn Đất Xanh,Bất động sản,Doanh nghiệp,Lần đầu,Tổ chức phát hành,,BBB+,Tích cực,,https://sni-rating.s3.ap-southeast-1.amazonaws.com/wp-content/uploads/2025/12/11142639/DXG-Public.pdf,,https://sni-rating.s3.ap-southeast-1.amazonaws.com/wp-content/uploads/2025/12/11091425/DXG-Rating-Report.pdf,https://sniratings.com.vn/?rating=cong-ty-co-phan-tap-doan-dat-xanh,5262,S&I Ratings,2026-09-07 15:15:20,2025-12-10
10/12/2025,Công ty Cổ phần Chứng khoán DNSE,Chứng khoán,Tổ chức tài chính,Giám sát Xếp hạng,,,BBB,Ổn định,,,,,https://sniratings.com.vn/?rating=cong-ty-co-phan-chung-khoan-dnse-2,5258,S&I Ratings,2026-09-07 15:15:20,2025-12-10
28/11/2025,Công ty Cổ phần Công nghệ Tài chính Encapital,Công nghệ thông tin,Doanh nghiệp,Lần đầu,Tổ chức phát hành,,BBB,Ổn định,,https://sni-rating.s3.ap-southeast-1.amazonaws.com/wp-content/uploads/2025/12/01133207/CBTT_XHTN_SI-ENCAP.pdf,,,https://sniratings.com.vn/?rating=cong-ty-co-phan-cong-nghe-tai-chinh-encapital,5239,S&I Ratings,2026-09-07 15:15:20,2025-11-28
10/09/2025,Ngân Hàng TMCP Phương Đông,Ngân hàng,Tổ chức tài chính,Giám sát Xếp hạng,,,A+,Ổn định,,,,,https://sniratings.com.vn/?rating=ngan-hang-tmcp-phuong-dong,4941,S&I Ratings,2026-09-07 15:15:20,2025-09-10
10/06/2025,Công ty Cổ phần Chứng khoán DNSE,Chứng khoán,Tổ chức tài chính,Lần đầu,Tổ chức phát hành,,BBB,Ổn định,,https://sni-rating.s3.ap-southeast-1.amazonaws.com/wp-content/uploads/2025/06/10143529/DNSE-Credit-Report-Summary.pdf,,,https://sniratings.com.vn/?rating=cong-ty-co-phan-chung-khoan-dnse,4708,S&I Ratings,2026-09-07 15:15:20,2025-06-10
10/03/2025,Ngân Hàng TMCP Phương Đông,Ngân hàng,Tổ chức tài chính,Lần đầu,Tổ chức phát hành,,A+,Ổn định,,https://sni-rating.s3.ap-southeast-1.amazonaws.com/wp-content/uploads/2025/03/10163537/OCB-Credit-Report-Summary.pdf,,,https://sniratings.com.vn/?rating=ngan-hang-tmcp-an-binh,591,S&I Ratings,2026-09-07 15:15:20,2025-03-10
27/06/2026,Công ty TNHH Mặt Trời Vũng Tàu,Bất động sản,Doanh nghiệp,Lần đầu,Công cụ nợ,,A-,Ổn định,,https://sni-rating.s3.ap-southeast-1.amazonaws.com/wp-content/uploads/2026/06/29163503/SVT-Public-Scan-1.pdf,,,https://sniratings.com.vn/?rating=cong-ty-tnhh-mat-troi-vung-tau,5793,S&I Ratings,2026-09-08 08:29:49,2026-06-27
10/06/2026,Công ty Cổ phần Bluemarq Group,Bất động sản,Doanh nghiệp,Giám sát Xếp hạng,,,BBB+,Tích cực,,,,,https://sniratings.com.vn/?rating=cong-ty-co-phan-bluemarq-group,5800,S&I Ratings,2026-09-08 08:29:49,2026-06-10
28/05/2026,Công ty Cổ phần Công nghệ Tài chính Encapital,Công nghệ thông tin,Doanh nghiệp,Giám sát Xếp hạng,,,BBB,Ổn định,,,,,https://sniratings.com.vn/?rating=cong-ty-co-phan-cong-nghe-tai-chinh-encapital-2,5798,S&I Ratings,2026-09-08 08:29:49,2026-05-28
24/04/2026,Công ty Cổ phần Chứng khoán KAFI,Chứng khoán,Tổ chức tài chính,Lần đầu,Tổ chức phát hành,,A,Ổn định,,https://sni-rating.s3.ap-southeast-1.amazonaws.com/wp-content/uploads/2026/04/28163747/KAFI-Public.pdf,,https://sni-rating.s3.ap-southeast-1.amazonaws.com/wp-content/uploads/2026/04/28163739/KAFI-Rating-Report.pdf,https://sniratings.com.vn/?rating=cong-ty-co-phan-chung-khoan-kafi,5575,S&I Ratings,2026-09-08 08:29:49,2026-04-24
24/03/2026,Công ty TNHH Xây dựng Dân dụng Phú Quốc,Bất động sản,Doanh nghiệp,Lần đầu,Công cụ nợ,,A,Ổn định,,https://sni-rating.s3.ap-southeast-1.amazonaws.com/wp-content/uploads/2026/03/26162151/PCC-Bond-Public.pdf,,,https://sniratings.com.vn/?rating=cong-ty-tnhh-xay-dung-dan-dung-phu-quoc-2,5456,S&I Ratings,2026-09-08 08:29:49,2026-03-24
24/03/2026,Công ty TNHH Xây dựng Dân dụng Phú Quốc,Bất động sản,Doanh nghiệp,Lần đầu,Tổ chức phát hành,,BB+,Ổn định,,https://sni-rating.s3.ap-southeast-1.amazonaws.com/wp-content/uploads/2026/03/26161837/PCC-Corporate-Public.pdf,,,https://sniratings.com.vn/?rating=cong-ty-tnhh-xay-dung-dan-dung-phu-quoc,5454,S&I Ratings,2026-09-08 08:29:49,2026-03-24
10/12/2025,Công ty Cổ phần Tập đoàn Đất Xanh,Bất động sản,Doanh nghiệp,Lần đầu,Tổ chức phát hành,,BBB+,Tích cực,,https://sni-rating.s3.ap-southeast-1.amazonaws.com/wp-content/uploads/2025/12/11142639/DXG-Public.pdf,,https://sni-rating.s3.ap-southeast-1.amazonaws.com/wp-content/uploads/2025/12/11091425/DXG-Rating-Report.pdf,https://sniratings.com.vn/?rating=cong-ty-co-phan-tap-doan-dat-xanh,5262,S&I Ratings,2026-09-08 08:29:49,2025-12-10
10/12/2025,Công ty Cổ phần Chứng khoán DNSE,Chứng khoán,Tổ chức tài chính,Giám sát Xếp hạng,,,BBB,Ổn định,,,,,https://sniratings.com.vn/?rating=cong-ty-co-phan-chung-khoan-dnse-2,5258,S&I Ratings,2026-09-08 08:29:49,2025-12-10
28/11/2025,Công ty Cổ phần Công nghệ Tài chính Encapital,Công nghệ thông tin,Doanh nghiệp,Lần đầu,Tổ chức phát hành,,BBB,Ổn định,,https://sni-rating.s3.ap-southeast-1.amazonaws.com/wp-content/uploads/2025/12/01133207/CBTT_XHTN_SI-ENCAP.pdf,,,https://sniratings.com.vn/?rating=cong-ty-co-phan-cong-nghe-tai-chinh-encapital,5239,S&I Ratings,2026-09-08 08:29:49,2025-11-28
10/09/2025,Ngân Hàng TMCP Phương Đông,Ngân hàng,Tổ chức tài chính,Giám sát Xếp hạng,,,A+,Ổn định,,,,,https://sniratings.com.vn/?rating=ngan-hang-tmcp-phuong-dong,4941,S&I Ratings,2026-09-08 08:29:49,2025-09-10
10/06/2025,Công ty Cổ phần Chứng khoán DNSE,Chứng khoán,Tổ chức tài chính,Lần đầu,Tổ chức phát hành,,BBB,Ổn định,,https://sni-rating.s3.ap-southeast-1.amazonaws.com/wp-content/uploads/2025/06/10143529/DNSE-Credit-Report-Summary.pdf,,,https://sniratings.com.vn/?rating=cong-ty-co-phan-chung-khoan-dnse,4708,S&I Ratings,2026-09-08 08:29:49,2025-06-10
10/03/2025,Ngân Hàng TMCP Phương Đông,Ngân hàng,Tổ chức tài chính,Lần đầu,Tổ chức phát hành,,A+,Ổn định,,https://sni-rating.s3.ap-southeast-1.amazonaws.com/wp-content/uploads/2025/03/10163537/OCB-Credit-Report-Summary.pdf,,,https://sniratings.com.vn/?rating=ngan-hang-tmcp-an-binh,591,S&I Ratings,2026-09-08 08:29:49,2025-03-10
27/06/2026,Công ty TNHH Mặt Trời Vũng Tàu,Bất động sản,Doanh nghiệp,Lần đầu,Công cụ nợ,,A-,Ổn định,,https://sni-rating.s3.ap-southeast-1.amazonaws.com/wp-content/uploads/2026/06/29163503/SVT-Public-Scan-1.pdf,,,https://sniratings.com.vn/?rating=cong-ty-tnhh-mat-troi-vung-tau,5793,S&I Ratings,2026-09-08 15:15:22,2026-06-27
10/06/2026,Công ty Cổ phần Bluemarq Group,Bất động sản,Doanh nghiệp,Giám sát Xếp hạng,,,BBB+,Tích cực,,,,,https://sniratings.com.vn/?rating=cong-ty-co-phan-bluemarq-group,5800,S&I Ratings,2026-09-08 15:15:22,2026-06-10
28/05/2026,Công ty Cổ phần Công nghệ Tài chính Encapital,Công nghệ thông tin,Doanh nghiệp,Giám sát Xếp hạng,,,BBB,Ổn định,,,,,https://sniratings.com.vn/?rating=cong-ty-co-phan-cong-nghe-tai-chinh-encapital-2,5798,S&I Ratings,2026-09-08 15:15:22,2026-05-28
24/04/2026,Công ty Cổ phần Chứng khoán KAFI,Chứng khoán,Tổ chức tài chính,Lần đầu,Tổ chức phát hành,,A,Ổn định,,https://sni-rating.s3.ap-southeast-1.amazonaws.com/wp-content/uploads/2026/04/28163747/KAFI-Public.pdf,,https://sni-rating.s3.ap-southeast-1.amazonaws.com/wp-content/uploads/2026/04/28163739/KAFI-Rating-Report.pdf,https://sniratings.com.vn/?rating=cong-ty-co-phan-chung-khoan-kafi,5575,S&I Ratings,2026-09-08 15:15:22,2026-04-24
24/03/2026,Công ty TNHH Xây dựng Dân dụng Phú Quốc,Bất động sản,Doanh nghiệp,Lần đầu,Công cụ nợ,,A,Ổn định,,https://sni-rating.s3.ap-southeast-1.amazonaws.com/wp-content/uploads/2026/03/26162151/PCC-Bond-Public.pdf,,,https://sniratings.com.vn/?rating=cong-ty-tnhh-xay-dung-dan-dung-phu-quoc-2,5456,S&I Ratings,2026-09-08 15:15:22,2026-03-24
24/03/2026,Công ty TNHH Xây dựng Dân dụng Phú Quốc,Bất động sản,Doanh nghiệp,Lần đầu,Tổ chức phát hành,,BB+,Ổn định,,https://sni-rating.s3.ap-southeast-1.amazonaws.com/wp-content/uploads/2026/03/26161837/PCC-Corporate-Public.pdf,,,https://sniratings.com.vn/?rating=cong-ty-tnhh-xay-dung-dan-dung-phu-quoc,5454,S&I Ratings,2026-09-08 15:15:22,2026-03-24
10/12/2025,Công ty Cổ phần Tập đoàn Đất Xanh,Bất động sản,Doanh nghiệp,Lần đầu,Tổ chức phát hành,,BBB+,Tích cực,,https://sni-rating.s3.ap-southeast-1.amazonaws.com/wp-content/uploads/2025/12/11142639/DXG-Public.pdf,,https://sni-rating.s3.ap-southeast-1.amazonaws.com/wp-content/uploads/2025/12/11091425/DXG-Rating-Report.pdf,https://sniratings.com.vn/?rating=cong-ty-co-phan-tap-doan-dat-xanh,5262,S&I Ratings,2026-09-08 15:15:22,2025-12-10
10/12/2025,Công ty Cổ phần Chứng khoán DNSE,Chứng khoán,Tổ chức tài chính,Giám sát Xếp hạng,,,BBB,Ổn định,,,,,https://sniratings.com.vn/?rating=cong-ty-co-phan-chung-khoan-dnse-2,5258,S&I Ratings,2026-09-08 15:15:22,2025-12-10
28/11/2025,Công ty Cổ phần Công nghệ Tài chính Encapital,Công nghệ thông tin,Doanh nghiệp,Lần đầu,Tổ chức phát hành,,BBB,Ổn định,,https://sni-rating.s3.ap-southeast-1.amazonaws.com/wp-content/uploads/2025/12/01133207/CBTT_XHTN_SI-ENCAP.pdf,,,https://sniratings.com.vn/?rating=cong-ty-co-phan-cong-nghe-tai-chinh-encapital,5239,S&I Ratings,2026-09-08 15:15:22,2025-11-28
10/09/2025,Ngân Hàng TMCP Phương Đông,Ngân hàng,Tổ chức tài chính,Giám sát Xếp hạng,,,A+,Ổn định,,,,,https://sniratings.com.vn/?rating=ngan-hang-tmcp-phuong-dong,4941,S&I Ratings,2026-09-08 15:15:22,2025-09-10
10/06/2025,Công ty Cổ phần Chứng khoán DNSE,Chứng khoán,Tổ chức tài chính,Lần đầu,Tổ chức phát hành,,BBB,Ổn định,,https://sni-rating.s3.ap-southeast-1.amazonaws.com/wp-content/uploads/2025/06/10143529/DNSE-Credit-Report-Summary.pdf,,,https://sniratings.com.vn/?rating=cong-ty-co-phan-chung-khoan-dnse,4708,S&I Ratings,2026-09-08 15:15:22,2025-06-10
10/03/2025,Ngân Hàng TMCP Phương Đông,Ngân hàng,Tổ chức tài chính,Lần đầu,Tổ chức phát hành,,A+,Ổn định,,https://sni-rating.s3.ap-southeast-1.amazonaws.com/wp-content/uploads/2025/03/10163537/OCB-Credit-Report-Summary.pdf,,,https://sniratings.com.vn/?rating=ngan-hang-tmcp-an-binh,591,S&I Ratings,2026-09-08 15:15:22,2025-03-10
27/06/2026,Công ty TNHH Mặt Trời Vũng Tàu,Bất động sản,Doanh nghiệp,Lần đầu,Công cụ nợ,,A-,Ổn định,,https://sni-rating.s3.ap-southeast-1.amazonaws.com/wp-content/uploads/2026/06/29163503/SVT-Public-Scan-1.pdf,,,https://sniratings.com.vn/?rating=cong-ty-tnhh-mat-troi-vung-tau,5793,S&I Ratings,2026-09-09 08:30:36,2026-06-27
10/06/2026,Công ty Cổ phần Bluemarq Group,Bất động sản,Doanh nghiệp,Giám sát Xếp hạng,,,BBB+,Tích cực,,,,,https://sniratings.com.vn/?rating=cong-ty-co-phan-bluemarq-group,5800,S&I Ratings,2026-09-09 08:30:36,2026-06-10
28/05/2026,Công ty Cổ phần Công nghệ Tài chính Encapital,Công nghệ thông tin,Doanh nghiệp,Giám sát Xếp hạng,,,BBB,Ổn định,,,,,https://sniratings.com.vn/?rating=cong-ty-co-phan-cong-nghe-tai-chinh-encapital-2,5798,S&I Ratings,2026-09-09 08:30:36,2026-05-28
24/04/2026,Công ty Cổ phần Chứng khoán KAFI,Chứng khoán,Tổ chức tài chính,Lần đầu,Tổ chức phát hành,,A,Ổn định,,https://sni-rating.s3.ap-southeast-1.amazonaws.com/wp-content/uploads/2026/04/28163747/KAFI-Public.pdf,,https://sni-rating.s3.ap-southeast-1.amazonaws.com/wp-content/uploads/2026/04/28163739/KAFI-Rating-Report.pdf,https://sniratings.com.vn/?rating=cong-ty-co-phan-chung-khoan-kafi,5575,S&I Ratings,2026-09-09 08:30:36,2026-04-24
24/03/2026,Công ty TNHH Xây dựng Dân dụng Phú Quốc,Bất động sản,Doanh nghiệp,Lần đầu,Công cụ nợ,,A,Ổn định,,https://sni-rating.s3.ap-southeast-1.amazonaws.com/wp-content/uploads/2026/03/26162151/PCC-Bond-Public.pdf,,,https://sniratings.com.vn/?rating=cong-ty-tnhh-xay-dung-dan-dung-phu-quoc-2,5456,S&I Ratings,2026-09-09 08:30:36,2026-03-24
24/03/2026,Công ty TNHH Xây dựng Dân dụng Phú Quốc,Bất động sản,Doanh nghiệp,Lần đầu,Tổ chức phát hành,,BB+,Ổn định,,https://sni-rating.s3.ap-southeast-1.amazonaws.com/wp-content/uploads/2026/03/26161837/PCC-Corporate-Public.pdf,,,https://sniratings.com.vn/?rating=cong-ty-tnhh-xay-dung-dan-dung-phu-quoc,5454,S&I Ratings,2026-09-09 08:30:36,2026-03-24
10/12/2025,Công ty Cổ phần Tập đoàn Đất Xanh,Bất động sản,Doanh nghiệp,Lần đầu,Tổ chức phát hành,,BBB+,Tích cực,,https://sni-rating.s3.ap-southeast-1.amazonaws.com/wp-content/uploads/2025/12/11142639/DXG-Public.pdf,,https://sni-rating.s3.ap-southeast-1.amazonaws.com/wp-content/uploads/2025/12/11091425/DXG-Rating-Report.pdf,https://sniratings.com.vn/?rating=cong-ty-co-phan-tap-doan-dat-xanh,5262,S&I Ratings,2026-09-09 08:30:36,2025-12-10
10/12/2025,Công ty Cổ phần Chứng khoán DNSE,Chứng khoán,Tổ chức tài chính,Giám sát Xếp hạng,,,BBB,Ổn định,,,,,https://sniratings.com.vn/?rating=cong-ty-co-phan-chung-khoan-dnse-2,5258,S&I Ratings,2026-09-09 08:30:36,2025-12-10
28/11/2025,Công ty Cổ phần Công nghệ Tài chính Encapital,Công nghệ thông tin,Doanh nghiệp,Lần đầu,Tổ chức phát hành,,BBB,Ổn định,,https://sni-rating.s3.ap-southeast-1.amazonaws.com/wp-content/uploads/2025/12/01133207/CBTT_XHTN_SI-ENCAP.pdf,,,https://sniratings.com.vn/?rating=cong-ty-co-phan-cong-nghe-tai-chinh-encapital,5239,S&I Ratings,2026-09-09 08:30:36,2025-11-28
10/09/2025,Ngân Hàng TMCP Phương Đông,Ngân hàng,Tổ chức tài chính,Giám sát Xếp hạng,,,A+,Ổn định,,,,,https://sniratings.com.vn/?rating=ngan-hang-tmcp-phuong-dong,4941,S&I Ratings,2026-09-09 08:30:36,2025-09-10
10/06/2025,Công ty Cổ phần Chứng khoán DNSE,Chứng khoán,Tổ chức tài chính,Lần đầu,Tổ chức phát hành,,BBB,Ổn định,,https://sni-rating.s3.ap-southeast-1.amazonaws.com/wp-content/uploads/2025/06/10143529/DNSE-Credit-Report-Summary.pdf,,,https://sniratings.com.vn/?rating=cong-ty-co-phan-chung-khoan-dnse,4708,S&I Ratings,2026-09-09 08:30:36,2025-06-10
10/03/2025,Ngân Hàng TMCP Phương Đông,Ngân hàng,Tổ chức tài chính,Lần đầu,Tổ chức phát hành,,A+,Ổn định,,https://sni-rating.s3.ap-southeast-1.amazonaws.com/wp-content/uploads/2025/03/10163537/OCB-Credit-Report-Summary.pdf,,,https://sniratings.com.vn/?rating=ngan-hang-tmcp-an-binh,591,S&I Ratings,2026-09-09 08:30:36,2025-03-10
27/06/2026,Công ty TNHH Mặt Trời Vũng Tàu,Bất động sản,Doanh nghiệp,Lần đầu,Công cụ nợ,,A-,Ổn định,,https://sni-rating.s3.ap-southeast-1.amazonaws.com/wp-content/uploads/2026/06/29163503/SVT-Public-Scan-1.pdf,,,https://sniratings.com.vn/?rating=cong-ty-tnhh-mat-troi-vung-tau,5793,S&I Ratings,2026-09-09 15:15:21,2026-06-27
10/06/2026,Công ty Cổ phần Bluemarq Group,Bất động sản,Doanh nghiệp,Giám sát Xếp hạng,,,BBB+,Tích cực,,,,,https://sniratings.com.vn/?rating=cong-ty-co-phan-bluemarq-group,5800,S&I Ratings,2026-09-09 15:15:21,2026-06-10
28/05/2026,Công ty Cổ phần Công nghệ Tài chính Encapital,Công nghệ thông tin,Doanh nghiệp,Giám sát Xếp hạng,,,BBB,Ổn định,,,,,https://sniratings.com.vn/?rating=cong-ty-co-phan-cong-nghe-tai-chinh-encapital-2,5798,S&I Ratings,2026-09-09 15:15:21,2026-05-28
24/04/2026,Công ty Cổ phần Chứng khoán KAFI,Chứng khoán,Tổ chức tài chính,Lần đầu,Tổ chức phát hành,,A,Ổn định,,https://sni-rating.s3.ap-southeast-1.amazonaws.com/wp-content/uploads/2026/04/28163747/KAFI-Public.pdf,,https://sni-rating.s3.ap-southeast-1.amazonaws.com/wp-content/uploads/2026/04/28163739/KAFI-Rating-Report.pdf,https://sniratings.com.vn/?rating=cong-ty-co-phan-chung-khoan-kafi,5575,S&I Ratings,2026-09-09 15:15:21,2026-04-24
24/03/2026,Công ty TNHH Xây dựng Dân dụng Phú Quốc,Bất động sản,Doanh nghiệp,Lần đầu,Công cụ nợ,,A,Ổn định,,https://sni-rating.s3.ap-southeast-1.amazonaws.com/wp-content/uploads/2026/03/26162151/PCC-Bond-Public.pdf,,,https://sniratings.com.vn/?rating=cong-ty-tnhh-xay-dung-dan-dung-phu-quoc-2,5456,S&I Ratings,2026-09-09 15:15:21,2026-03-24
24/03/2026,Công ty TNHH Xây dựng Dân dụng Phú Quốc,Bất động sản,Doanh nghiệp,Lần đầu,Tổ chức phát hành,,BB+,Ổn định,,https://sni-rating.s3.ap-southeast-1.amazonaws.com/wp-content/uploads/2026/03/26161837/PCC-Corporate-Public.pdf,,,https://sniratings.com.vn/?rating=cong-ty-tnhh-xay-dung-dan-dung-phu-quoc,5454,S&I Ratings,2026-09-09 15:15:21,2026-03-24
10/12/2025,Công ty Cổ phần Tập đoàn Đất Xanh,Bất động sản,Doanh nghiệp,Lần đầu,Tổ chức phát hành,,BBB+,Tích cực,,https://sni-rating.s3.ap-southeast-1.amazonaws.com/wp-content/uploads/2025/12/11142639/DXG-Public.pdf,,https://sni-rating.s3.ap-southeast-1.amazonaws.com/wp-content/uploads/2025/12/11091425/DXG-Rating-Report.pdf,https://sniratings.com.vn/?rating=cong-ty-co-phan-tap-doan-dat-xanh,5262,S&I Ratings,2026-09-09 15:15:21,2025-12-10
10/12/2025,Công ty Cổ phần Chứng khoán DNSE,Chứng khoán,Tổ chức tài chính,Giám sát Xếp hạng,,,BBB,Ổn định,,,,,https://sniratings.com.vn/?rating=cong-ty-co-phan-chung-khoan-dnse-2,5258,S&I Ratings,2026-09-09 15:15:21,2025-12-10
28/11/2025,Công ty Cổ phần Công nghệ Tài chính Encapital,Công nghệ thông tin,Doanh nghiệp,Lần đầu,Tổ chức phát hành,,BBB,Ổn định,,https://sni-rating.s3.ap-southeast-1.amazonaws.com/wp-content/uploads/2025/12/01133207/CBTT_XHTN_SI-ENCAP.pdf,,,https://sniratings.com.vn/?rating=cong-ty-co-phan-cong-nghe-tai-chinh-encapital,5239,S&I Ratings,2026-09-09 15:15:21,2025-11-28
10/09/2025,Ngân Hàng TMCP Phương Đông,Ngân hàng,Tổ chức tài chính,Giám sát Xếp hạng,,,A+,Ổn định,,,,,https://sniratings.com.vn/?rating=ngan-hang-tmcp-phuong-dong,4941,S&I Ratings,2026-09-09 15:15:21,2025-09-10
10/06/2025,Công ty Cổ phần Chứng khoán DNSE,Chứng khoán,Tổ chức tài chính,Lần đầu,Tổ chức phát hành,,BBB,Ổn định,,https://sni-rating.s3.ap-southeast-1.amazonaws.com/wp-content/uploads/2025/06/10143529/DNSE-Credit-Report-Summary.pdf,,,https://sniratings.com.vn/?rating=cong-ty-co-phan-chung-khoan-dnse,4708,S&I Ratings,2026-09-09 15:15:21,2025-06-10
10/03/2025,Ngân Hàng TMCP Phương Đông,Ngân hàng,Tổ chức tài chính,Lần đầu,Tổ chức phát hành,,A+,Ổn định,,https://sni-rating.s3.ap-southeast-1.amazonaws.com/wp-content/uploads/2025/03/10163537/OCB-Credit-Report-Summary.pdf,,,https://sniratings.com.vn/?rating=ngan-hang-tmcp-an-binh,591,S&I Ratings,2026-09-09 15:15:21,2025-03-10
27/06/2026,Công ty TNHH Mặt Trời Vũng Tàu,Bất động sản,Doanh nghiệp,Lần đầu,Công cụ nợ,,A-,Ổn định,,https://sni-rating.s3.ap-southeast-1.amazonaws.com/wp-content/uploads/2026/06/29163503/SVT-Public-Scan-1.pdf,,,https://sniratings.com.vn/?rating=cong-ty-tnhh-mat-troi-vung-tau,5793,S&I Ratings,2026-09-10 08:30:36,2026-06-27
10/06/2026,Công ty Cổ phần Bluemarq Group,Bất động sản,Doanh nghiệp,Giám sát Xếp hạng,,,BBB+,Tích cực,,,,,https://sniratings.com.vn/?rating=cong-ty-co-phan-bluemarq-group,5800,S&I Ratings,2026-09-10 08:30:36,2026-06-10
28/05/2026,Công ty Cổ phần Công nghệ Tài chính Encapital,Công nghệ thông tin,Doanh nghiệp,Giám sát Xếp hạng,,,BBB,Ổn định,,,,,https://sniratings.com.vn/?rating=cong-ty-co-phan-cong-nghe-tai-chinh-encapital-2,5798,S&I Ratings,2026-09-10 08:30:36,2026-05-28
24/04/2026,Công ty Cổ phần Chứng khoán KAFI,Chứng khoán,Tổ chức tài chính,Lần đầu,Tổ chức phát hành,,A,Ổn định,,https://sni-rating.s3.ap-southeast-1.amazonaws.com/wp-content/uploads/2026/04/28163747/KAFI-Public.pdf,,https://sni-rating.s3.ap-southeast-1.amazonaws.com/wp-content/uploads/2026/04/28163739/KAFI-Rating-Report.pdf,https://sniratings.com.vn/?rating=cong-ty-co-phan-chung-khoan-kafi,5575,S&I Ratings,2026-09-10 08:30:36,2026-04-24
24/03/2026,Công ty TNHH Xây dựng Dân dụng Phú Quốc,Bất động sản,Doanh nghiệp,Lần đầu,Công cụ nợ,,A,Ổn định,,https://sni-rating.s3.ap-southeast-1.amazonaws.com/wp-content/uploads/2026/03/26162151/PCC-Bond-Public.pdf,,,https://sniratings.com.vn/?rating=cong-ty-tnhh-xay-dung-dan-dung-phu-quoc-2,5456,S&I Ratings,2026-09-10 08:30:36,2026-03-24
24/03/2026,Công ty TNHH Xây dựng Dân dụng Phú Quốc,Bất động sản,Doanh nghiệp,Lần đầu,Tổ chức phát hành,,BB+,Ổn định,,https://sni-rating.s3.ap-southeast-1.amazonaws.com/wp-content/uploads/2026/03/26161837/PCC-Corporate-Public.pdf,,,https://sniratings.com.vn/?rating=cong-ty-tnhh-xay-dung-dan-dung-phu-quoc,5454,S&I Ratings,2026-09-10 08:30:36,2026-03-24
10/12/2025,Công ty Cổ phần Tập đoàn Đất Xanh,Bất động sản,Doanh nghiệp,Lần đầu,Tổ chức phát hành,,BBB+,Tích cực,,https://sni-rating.s3.ap-southeast-1.amazonaws.com/wp-content/uploads/2025/12/11142639/DXG-Public.pdf,,https://sni-rating.s3.ap-southeast-1.amazonaws.com/wp-content/uploads/2025/12/11091425/DXG-Rating-Report.pdf,https://sniratings.com.vn/?rating=cong-ty-co-phan-tap-doan-dat-xanh,5262,S&I Ratings,2026-09-10 08:30:36,2025-12-10
10/12/2025,Công ty Cổ phần Chứng khoán DNSE,Chứng khoán,Tổ chức tài chính,Giám sát Xếp hạng,,,BBB,Ổn định,,,,,https://sniratings.com.vn/?rating=cong-ty-co-phan-chung-khoan-dnse-2,5258,S&I Ratings,2026-09-10 08:30:36,2025-12-10
28/11/2025,Công ty Cổ phần Công nghệ Tài chính Encapital,Công nghệ thông tin,Doanh nghiệp,Lần đầu,Tổ chức phát hành,,BBB,Ổn định,,https://sni-rating.s3.ap-southeast-1.amazonaws.com/wp-content/uploads/2025/12/01133207/CBTT_XHTN_SI-ENCAP.pdf,,,https://sniratings.com.vn/?rating=cong-ty-co-phan-cong-nghe-tai-chinh-encapital,5239,S&I Ratings,2026-09-10 08:30:36,2025-11-28
10/09/2025,Ngân Hàng TMCP Phương Đông,Ngân hàng,Tổ chức tài chính,Giám sát Xếp hạng,,,A+,Ổn định,,,,,https://sniratings.com.vn/?rating=ngan-hang-tmcp-phuong-dong,4941,S&I Ratings,2026-09-10 08:30:36,2025-09-10
10/06/2025,Công ty Cổ phần Chứng khoán DNSE,Chứng khoán,Tổ chức tài chính,Lần đầu,Tổ chức phát hành,,BBB,Ổn định,,https://sni-rating.s3.ap-southeast-1.amazonaws.com/wp-content/uploads/2025/06/10143529/DNSE-Credit-Report-Summary.pdf,,,https://sniratings.com.vn/?rating=cong-ty-co-phan-chung-khoan-dnse,4708,S&I Ratings,2026-09-10 08:30:36,2025-06-10
10/03/2025,Ngân Hàng TMCP Phương Đông,Ngân hàng,Tổ chức tài chính,Lần đầu,Tổ chức phát hành,,A+,Ổn định,,https://sni-rating.s3.ap-southeast-1.amazonaws.com/wp-content/uploads/2025/03/10163537/OCB-Credit-Report-Summary.pdf,,,https://sniratings.com.vn/?rating=ngan-hang-tmcp-an-binh,591,S&I Ratings,2026-09-10 08:30:36,2025-03-10
27/06/2026,Công ty TNHH Mặt Trời Vũng Tàu,Bất động sản,Doanh nghiệp,Lần đầu,Công cụ nợ,,A-,Ổn định,,https://sni-rating.s3.ap-southeast-1.amazonaws.com/wp-content/uploads/2026/06/29163503/SVT-Public-Scan-1.pdf,,,https://sniratings.com.vn/?rating=cong-ty-tnhh-mat-troi-vung-tau,5793,S&I Ratings,2026-09-10 11:02:11,2026-06-27
10/06/2026,Công ty Cổ phần Bluemarq Group,Bất động sản,Doanh nghiệp,Giám sát Xếp hạng,,,BBB+,Tích cực,,,,,https://sniratings.com.vn/?rating=cong-ty-co-phan-bluemarq-group,5800,S&I Ratings,2026-09-10 11:02:11,2026-06-10
28/05/2026,Công ty Cổ phần Công nghệ Tài chính Encapital,Công nghệ thông tin,Doanh nghiệp,Giám sát Xếp hạng,,,BBB,Ổn định,,,,,https://sniratings.com.vn/?rating=cong-ty-co-phan-cong-nghe-tai-chinh-encapital-2,5798,S&I Ratings,2026-09-10 11:02:11,2026-05-28
24/04/2026,Công ty Cổ phần Chứng khoán KAFI,Chứng khoán,Tổ chức tài chính,Lần đầu,Tổ chức phát hành,,A,Ổn định,,https://sni-rating.s3.ap-southeast-1.amazonaws.com/wp-content/uploads/2026/04/28163747/KAFI-Public.pdf,,https://sni-rating.s3.ap-southeast-1.amazonaws.com/wp-content/uploads/2026/04/28163739/KAFI-Rating-Report.pdf,https://sniratings.com.vn/?rating=cong-ty-co-phan-chung-khoan-kafi,5575,S&I Ratings,2026-09-10 11:02:11,2026-04-24
24/03/2026,Công ty TNHH Xây dựng Dân dụng Phú Quốc,Bất động sản,Doanh nghiệp,Lần đầu,Công cụ nợ,,A,Ổn định,,https://sni-rating.s3.ap-southeast-1.amazonaws.com/wp-content/uploads/2026/03/26162151/PCC-Bond-Public.pdf,,,https://sniratings.com.vn/?rating=cong-ty-tnhh-xay-dung-dan-dung-phu-quoc-2,5456,S&I Ratings,2026-09-10 11:02:11,2026-03-24
24/03/2026,Công ty TNHH Xây dựng Dân dụng Phú Quốc,Bất động sản,Doanh nghiệp,Lần đầu,Tổ chức phát hành,,BB+,Ổn định,,https://sni-rating.s3.ap-southeast-1.amazonaws.com/wp-content/uploads/2026/03/26161837/PCC-Corporate-Public.pdf,,,https://sniratings.com.vn/?rating=cong-ty-tnhh-xay-dung-dan-dung-phu-quoc,5454,S&I Ratings,2026-09-10 11:02:11,2026-03-24
10/12/2025,Công ty Cổ phần Tập đoàn Đất Xanh,Bất động sản,Doanh nghiệp,Lần đầu,Tổ chức phát hành,,BBB+,Tích cực,,https://sni-rating.s3.ap-southeast-1.amazonaws.com/wp-content/uploads/2025/12/11142639/DXG-Public.pdf,,https://sni-rating.s3.ap-southeast-1.amazonaws.com/wp-content/uploads/2025/12/11091425/DXG-Rating-Report.pdf,https://sniratings.com.vn/?rating=cong-ty-co-phan-tap-doan-dat-xanh,5262,S&I Ratings,2026-09-10 11:02:11,2025-12-10
10/12/2025,Công ty Cổ phần Chứng khoán DNSE,Chứng khoán,Tổ chức tài chính,Giám sát Xếp hạng,,,BBB,Ổn định,,,,,https://sniratings.com.vn/?rating=cong-ty-co-phan-chung-khoan-dnse-2,5258,S&I Ratings,2026-09-10 11:02:11,2025-12-10
28/11/2025,Công ty Cổ phần Công nghệ Tài chính Encapital,Công nghệ thông tin,Doanh nghiệp,Lần đầu,Tổ chức phát hành,,BBB,Ổn định,,https://sni-rating.s3.ap-southeast-1.amazonaws.com/wp-content/uploads/2025/12/01133207/CBTT_XHTN_SI-ENCAP.pdf,,,https://sniratings.com.vn/?rating=cong-ty-co-phan-cong-nghe-tai-chinh-encapital,5239,S&I Ratings,2026-09-10 11:02:11,2025-11-28
10/09/2025,Ngân Hàng TMCP Phương Đông,Ngân hàng,Tổ chức tài chính,Giám sát Xếp hạng,,,A+,Ổn định,,,,,https://sniratings.com.vn/?rating=ngan-hang-tmcp-phuong-dong,4941,S&I Ratings,2026-09-10 11:02:11,2025-09-10
10/06/2025,Công ty Cổ phần Chứng khoán DNSE,Chứng khoán,Tổ chức tài chính,Lần đầu,Tổ chức phát hành,,BBB,Ổn định,,https://sni-rating.s3.ap-southeast-1.amazonaws.com/wp-content/uploads/2025/06/10143529/DNSE-Credit-Report-Summary.pdf,,,https://sniratings.com.vn/?rating=cong-ty-co-phan-chung-khoan-dnse,4708,S&I Ratings,2026-09-10 11:02:11,2025-06-10
10/03/2025,Ngân Hàng TMCP Phương Đông,Ngân hàng,Tổ chức tài chính,Lần đầu,Tổ chức phát hành,,A+,Ổn định,,https://sni-rating.s3.ap-southeast-1.amazonaws.com/wp-content/uploads/2025/03/10163537/OCB-Credit-Report-Summary.pdf,,,https://sniratings.com.vn/?rating=ngan-hang-tmcp-an-binh,591,S&I Ratings,2026-09-10 11:02:11,2025-03-10
27/06/2026,Công ty TNHH Mặt Trời Vũng Tàu,Bất động sản,Doanh nghiệp,Lần đầu,Công cụ nợ,,A-,Ổn định,,https://sni-rating.s3.ap-southeast-1.amazonaws.com/wp-content/uploads/2026/06/29163503/SVT-Public-Scan-1.pdf,,,https://sniratings.com.vn/?rating=cong-ty-tnhh-mat-troi-vung-tau,5793,S&I Ratings,2026-09-10 15:15:21,2026-06-27
10/06/2026,Công ty Cổ phần Bluemarq Group,Bất động sản,Doanh nghiệp,Giám sát Xếp hạng,,,BBB+,Tích cực,,,,,https://sniratings.com.vn/?rating=cong-ty-co-phan-bluemarq-group,5800,S&I Ratings,2026-09-10 15:15:21,2026-06-10
28/05/2026,Công ty Cổ phần Công nghệ Tài chính Encapital,Công nghệ thông tin,Doanh nghiệp,Giám sát Xếp hạng,,,BBB,Ổn định,,,,,https://sniratings.com.vn/?rating=cong-ty-co-phan-cong-nghe-tai-chinh-encapital-2,5798,S&I Ratings,2026-09-10 15:15:21,2026-05-28
24/04/2026,Công ty Cổ phần Chứng khoán KAFI,Chứng khoán,Tổ chức tài chính,Lần đầu,Tổ chức phát hành,,A,Ổn định,,https://sni-rating.s3.ap-southeast-1.amazonaws.com/wp-content/uploads/2026/04/28163747/KAFI-Public.pdf,,https://sni-rating.s3.ap-southeast-1.amazonaws.com/wp-content/uploads/2026/04/28163739/KAFI-Rating-Report.pdf,https://sniratings.com.vn/?rating=cong-ty-co-phan-chung-khoan-kafi,5575,S&I Ratings,2026-09-10 15:15:21,2026-04-24
24/03/2026,Công ty TNHH Xây dựng Dân dụng Phú Quốc,Bất động sản,Doanh nghiệp,Lần đầu,Công cụ nợ,,A,Ổn định,,https://sni-rating.s3.ap-southeast-1.amazonaws.com/wp-content/uploads/2026/03/26162151/PCC-Bond-Public.pdf,,,https://sniratings.com.vn/?rating=cong-ty-tnhh-xay-dung-dan-dung-phu-quoc-2,5456,S&I Ratings,2026-09-10 15:15:21,2026-03-24
24/03/2026,Công ty TNHH Xây dựng Dân dụng Phú Quốc,Bất động sản,Doanh nghiệp,Lần đầu,Tổ chức phát hành,,BB+,Ổn định,,https://sni-rating.s3.ap-southeast-1.amazonaws.com/wp-content/uploads/2026/03/26161837/PCC-Corporate-Public.pdf,,,https://sniratings.com.vn/?rating=cong-ty-tnhh-xay-dung-dan-dung-phu-quoc,5454,S&I Ratings,2026-09-10 15:15:21,2026-03-24
10/12/2025,Công ty Cổ phần Tập đoàn Đất Xanh,Bất động sản,Doanh nghiệp,Lần đầu,Tổ chức phát hành,,BBB+,Tích cực,,https://sni-rating.s3.ap-southeast-1.amazonaws.com/wp-content/uploads/2025/12/11142639/DXG-Public.pdf,,https://sni-rating.s3.ap-southeast-1.amazonaws.com/wp-content/uploads/2025/12/11091425/DXG-Rating-Report.pdf,https://sniratings.com.vn/?rating=cong-ty-co-phan-tap-doan-dat-xanh,5262,S&I Ratings,2026-09-10 15:15:21,2025-12-10
10/12/2025,Công ty Cổ phần Chứng khoán DNSE,Chứng khoán,Tổ chức tài chính,Giám sát Xếp hạng,,,BBB,Ổn định,,,,,https://sniratings.com.vn/?rating=cong-ty-co-phan-chung-khoan-dnse-2,5258,S&I Ratings,2026-09-10 15:15:21,2025-12-10
28/11/2025,Công ty Cổ phần Công nghệ Tài chính Encapital,Công nghệ thông tin,Doanh nghiệp,Lần đầu,Tổ chức phát hành,,BBB,Ổn định,,https://sni-rating.s3.ap-southeast-1.amazonaws.com/wp-content/uploads/2025/12/01133207/CBTT_XHTN_SI-ENCAP.pdf,,,https://sniratings.com.vn/?rating=cong-ty-co-phan-cong-nghe-tai-chinh-encapital,5239,S&I Ratings,2026-09-10 15:15:21,2025-11-28
10/09/2025,Ngân Hàng TMCP Phương Đông,Ngân hàng,Tổ chức tài chính,Giám sát Xếp hạng,,,A+,Ổn định,,,,,https://sniratings.com.vn/?rating=ngan-hang-tmcp-phuong-dong,4941,S&I Ratings,2026-09-10 15:15:21,2025-09-10
10/06/2025,Công ty Cổ phần Chứng khoán DNSE,Chứng khoán,Tổ chức tài chính,Lần đầu,Tổ chức phát hành,,BBB,Ổn định,,https://sni-rating.s3.ap-southeast-1.amazonaws.com/wp-content/uploads/2025/06/10143529/DNSE-Credit-Report-Summary.pdf,,,https://sniratings.com.vn/?rating=cong-ty-co-phan-chung-khoan-dnse,4708,S&I Ratings,2026-09-10 15:15:21,2025-06-10
10/03/2025,Ngân Hàng TMCP Phương Đông,Ngân hàng,Tổ chức tài chính,Lần đầu,Tổ chức phát hành,,A+,Ổn định,,https://sni-rating.s3.ap-southeast-1.amazonaws.com/wp-content/uploads/2025/03/10163537/OCB-Credit-Report-Summary.pdf,,,https://sniratings.com.vn/?rating=ngan-hang-tmcp-an-binh,591,S&I Ratings,2026-09-10 15:15:21,2025-03-10
27/06/2026,Công ty TNHH Mặt Trời Vũng Tàu,Bất động sản,Doanh nghiệp,Lần đầu,Công cụ nợ,,A-,Ổn định,,https://sni-rating.s3.ap-southeast-1.amazonaws.com/wp-content/uploads/2026/06/29163503/SVT-Public-Scan-1.pdf,,,https://sniratings.com.vn/?rating=cong-ty-tnhh-mat-troi-vung-tau,5793,S&I Ratings,2026-09-11 08:20:21,2026-06-27
10/06/2026,Công ty Cổ phần Bluemarq Group,Bất động sản,Doanh nghiệp,Giám sát Xếp hạng,,,BBB+,Tích cực,,,,,https://sniratings.com.vn/?rating=cong-ty-co-phan-bluemarq-group,5800,S&I Ratings,2026-09-11 08:20:21,2026-06-10
28/05/2026,Công ty Cổ phần Công nghệ Tài chính Encapital,Công nghệ thông tin,Doanh nghiệp,Giám sát Xếp hạng,,,BBB,Ổn định,,,,,https://sniratings.com.vn/?rating=cong-ty-co-phan-cong-nghe-tai-chinh-encapital-2,5798,S&I Ratings,2026-09-11 08:20:21,2026-05-28
24/04/2026,Công ty Cổ phần Chứng khoán KAFI,Chứng khoán,Tổ chức tài chính,Lần đầu,Tổ chức phát hành,,A,Ổn định,,https://sni-rating.s3.ap-southeast-1.amazonaws.com/wp-content/uploads/2026/04/28163747/KAFI-Public.pdf,,https://sni-rating.s3.ap-southeast-1.amazonaws.com/wp-content/uploads/2026/04/28163739/KAFI-Rating-Report.pdf,https://sniratings.com.vn/?rating=cong-ty-co-phan-chung-khoan-kafi,5575,S&I Ratings,2026-09-11 08:20:21,2026-04-24
24/03/2026,Công ty TNHH Xây dựng Dân dụng Phú Quốc,Bất động sản,Doanh nghiệp,Lần đầu,Công cụ nợ,,A,Ổn định,,https://sni-rating.s3.ap-southeast-1.amazonaws.com/wp-content/uploads/2026/03/26162151/PCC-Bond-Public.pdf,,,https://sniratings.com.vn/?rating=cong-ty-tnhh-xay-dung-dan-dung-phu-quoc-2,5456,S&I Ratings,2026-09-11 08:20:21,2026-03-24
24/03/2026,Công ty TNHH Xây dựng Dân dụng Phú Quốc,Bất động sản,Doanh nghiệp,Lần đầu,Tổ chức phát hành,,BB+,Ổn định,,https://sni-rating.s3.ap-southeast-1.amazonaws.com/wp-content/uploads/2026/03/26161837/PCC-Corporate-Public.pdf,,,https://sniratings.com.vn/?rating=cong-ty-tnhh-xay-dung-dan-dung-phu-quoc,5454,S&I Ratings,2026-09-11 08:20:21,2026-03-24
10/12/2025,Công ty Cổ phần Tập đoàn Đất Xanh,Bất động sản,Doanh nghiệp,Lần đầu,Tổ chức phát hành,,BBB+,Tích cực,,https://sni-rating.s3.ap-southeast-1.amazonaws.com/wp-content/uploads/2025/12/11142639/DXG-Public.pdf,,https://sni-rating.s3.ap-southeast-1.amazonaws.com/wp-content/uploads/2025/12/11091425/DXG-Rating-Report.pdf,https://sniratings.com.vn/?rating=cong-ty-co-phan-tap-doan-dat-xanh,5262,S&I Ratings,2026-09-11 08:20:21,2025-12-10
10/12/2025,Công ty Cổ phần Chứng khoán DNSE,Chứng khoán,Tổ chức tài chính,Giám sát Xếp hạng,,,BBB,Ổn định,,,,,https://sniratings.com.vn/?rating=cong-ty-co-phan-chung-khoan-dnse-2,5258,S&I Ratings,2026-09-11 08:20:21,2025-12-10
28/11/2025,Công ty Cổ phần Công nghệ Tài chính Encapital,Công nghệ thông tin,Doanh nghiệp,Lần đầu,Tổ chức phát hành,,BBB,Ổn định,,https://sni-rating.s3.ap-southeast-1.amazonaws.com/wp-content/uploads/2025/12/01133207/CBTT_XHTN_SI-ENCAP.pdf,,,https://sniratings.com.vn/?rating=cong-ty-co-phan-cong-nghe-tai-chinh-encapital,5239,S&I Ratings,2026-09-11 08:20:21,2025-11-28
10/09/2025,Ngân Hàng TMCP Phương Đông,Ngân hàng,Tổ chức tài chính,Giám sát Xếp hạng,,,A+,Ổn định,,,,,https://sniratings.com.vn/?rating=ngan-hang-tmcp-phuong-dong,4941,S&I Ratings,2026-09-11 08:20:21,2025-09-10
10/06/2025,Công ty Cổ phần Chứng khoán DNSE,Chứng khoán,Tổ chức tài chính,Lần đầu,Tổ chức phát hành,,BBB,Ổn định,,https://sni-rating.s3.ap-southeast-1.amazonaws.com/wp-content/uploads/2025/06/10143529/DNSE-Credit-Report-Summary.pdf,,,https://sniratings.com.vn/?rating=cong-ty-co-phan-chung-khoan-dnse,4708,S&I Ratings,2026-09-11 08:20:21,2025-06-10
10/03/2025,Ngân Hàng TMCP Phương Đông,Ngân hàng,Tổ chức tài chính,Lần đầu,Tổ chức phát hành,,A+,Ổn định,,https://sni-rating.s3.ap-southeast-1.amazonaws.com/wp-content/uploads/2025/03/10163537/OCB-Credit-Report-Summary.pdf,,,https://sniratings.com.vn/?rating=ngan-hang-tmcp-an-binh,591,S&I Ratings,2026-09-11 08:20:21,2025-03-10
27/06/2026,Công ty TNHH Mặt Trời Vũng Tàu,Bất động sản,Doanh nghiệp,Lần đầu,Công cụ nợ,,A-,Ổn định,,https://sni-rating.s3.ap-southeast-1.amazonaws.com/wp-content/uploads/2026/06/29163503/SVT-Public-Scan-1.pdf,,,https://sniratings.com.vn/?rating=cong-ty-tnhh-mat-troi-vung-tau,5793,S&I Ratings,2026-09-11 15:15:21,2026-06-27
10/06/2026,Công ty Cổ phần Bluemarq Group,Bất động sản,Doanh nghiệp,Giám sát Xếp hạng,,,BBB+,Tích cực,,,,,https://sniratings.com.vn/?rating=cong-ty-co-phan-bluemarq-group,5800,S&I Ratings,2026-09-11 15:15:21,2026-06-10
28/05/2026,Công ty Cổ phần Công nghệ Tài chính Encapital,Công nghệ thông tin,Doanh nghiệp,Giám sát Xếp hạng,,,BBB,Ổn định,,,,,https://sniratings.com.vn/?rating=cong-ty-co-phan-cong-nghe-tai-chinh-encapital-2,5798,S&I Ratings,2026-09-11 15:15:21,2026-05-28
24/04/2026,Công ty Cổ phần Chứng khoán KAFI,Chứng khoán,Tổ chức tài chính,Lần đầu,Tổ chức phát hành,,A,Ổn định,,https://sni-rating.s3.ap-southeast-1.amazonaws.com/wp-content/uploads/2026/04/28163747/KAFI-Public.pdf,,https://sni-rating.s3.ap-southeast-1.amazonaws.com/wp-content/uploads/2026/04/28163739/KAFI-Rating-Report.pdf,https://sniratings.com.vn/?rating=cong-ty-co-phan-chung-khoan-kafi,5575,S&I Ratings,2026-09-11 15:15:21,2026-04-24
24/03/2026,Công ty TNHH Xây dựng Dân dụng Phú Quốc,Bất động sản,Doanh nghiệp,Lần đầu,Công cụ nợ,,A,Ổn định,,https://sni-rating.s3.ap-southeast-1.amazonaws.com/wp-content/uploads/2026/03/26162151/PCC-Bond-Public.pdf,,,https://sniratings.com.vn/?rating=cong-ty-tnhh-xay-dung-dan-dung-phu-quoc-2,5456,S&I Ratings,2026-09-11 15:15:21,2026-03-24
24/03/2026,Công ty TNHH Xây dựng Dân dụng Phú Quốc,Bất động sản,Doanh nghiệp,Lần đầu,Tổ chức phát hành,,BB+,Ổn định,,https://sni-rating.s3.ap-southeast-1.amazonaws.com/wp-content/uploads/2026/03/26161837/PCC-Corporate-Public.pdf,,,https://sniratings.com.vn/?rating=cong-ty-tnhh-xay-dung-dan-dung-phu-quoc,5454,S&I Ratings,2026-09-11 15:15:21,2026-03-24
10/12/2025,Công ty Cổ phần Tập đoàn Đất Xanh,Bất động sản,Doanh nghiệp,Lần đầu,Tổ chức phát hành,,BBB+,Tích cực,,https://sni-rating.s3.ap-southeast-1.amazonaws.com/wp-content/uploads/2025/12/11142639/DXG-Public.pdf,,https://sni-rating.s3.ap-southeast-1.amazonaws.com/wp-content/uploads/2025/12/11091425/DXG-Rating-Report.pdf,https://sniratings.com.vn/?rating=cong-ty-co-phan-tap-doan-dat-xanh,5262,S&I Ratings,2026-09-11 15:15:21,2025-12-10
10/12/2025,Công ty Cổ phần Chứng khoán DNSE,Chứng khoán,Tổ chức tài chính,Giám sát Xếp hạng,,,BBB,Ổn định,,,,,https://sniratings.com.vn/?rating=cong-ty-co-phan-chung-khoan-dnse-2,5258,S&I Ratings,2026-09-11 15:15:21,2025-12-10
28/11/2025,Công ty Cổ phần Công nghệ Tài chính Encapital,Công nghệ thông tin,Doanh nghiệp,Lần đầu,Tổ chức phát hành,,BBB,Ổn định,,https://sni-rating.s3.ap-southeast-1.amazonaws.com/wp-content/uploads/2025/12/01133207/CBTT_XHTN_SI-ENCAP.pdf,,,https://sniratings.com.vn/?rating=cong-ty-co-phan-cong-nghe-tai-chinh-encapital,5239,S&I Ratings,2026-09-11 15:15:21,2025-11-28
10/09/2025,Ngân Hàng TMCP Phương Đông,Ngân hàng,Tổ chức tài chính,Giám sát Xếp hạng,,,A+,Ổn định,,,,,https://sniratings.com.vn/?rating=ngan-hang-tmcp-phuong-dong,4941,S&I Ratings,2026-09-11 15:15:21,2025-09-10
10/06/2025,Công ty Cổ phần Chứng khoán DNSE,Chứng khoán,Tổ chức tài chính,Lần đầu,Tổ chức phát hành,,BBB,Ổn định,,https://sni-rating.s3.ap-southeast-1.amazonaws.com/wp-content/uploads/2025/06/10143529/DNSE-Credit-Report-Summary.pdf,,,https://sniratings.com.vn/?rating=cong-ty-co-phan-chung-khoan-dnse,4708,S&I Ratings,2026-09-11 15:15:21,2025-06-10
10/03/2025,Ngân Hàng TMCP Phương Đông,Ngân hàng,Tổ chức tài chính,Lần đầu,Tổ chức phát hành,,A+,Ổn định,,https://sni-rating.s3.ap-southeast-1.amazonaws.com/wp-content/uploads/2025/03/10163537/OCB-Credit-Report-Summary.pdf,,,https://sniratings.com.vn/?rating=ngan-hang-tmcp-an-binh,591,S&I Ratings,2026-09-11 15:15:21,2025-03-10
27/06/2026,Công ty TNHH Mặt Trời Vũng Tàu,Bất động sản,Doanh nghiệp,Lần đầu,Công cụ nợ,,A-,Ổn định,,https://sni-rating.s3.ap-southeast-1.amazonaws.com/wp-content/uploads/2026/06/29163503/SVT-Public-Scan-1.pdf,,,https://sniratings.com.vn/?rating=cong-ty-tnhh-mat-troi-vung-tau,5793,S&I Ratings,2026-09-14 07:11:41,2026-06-27
10/06/2026,Công ty Cổ phần Bluemarq Group,Bất động sản,Doanh nghiệp,Giám sát Xếp hạng,,,BBB+,Tích cực,,,,,https://sniratings.com.vn/?rating=cong-ty-co-phan-bluemarq-group,5800,S&I Ratings,2026-09-14 07:11:41,2026-06-10
28/05/2026,Công ty Cổ phần Công nghệ Tài chính Encapital,Công nghệ thông tin,Doanh nghiệp,Giám sát Xếp hạng,,,BBB,Ổn định,,,,,https://sniratings.com.vn/?rating=cong-ty-co-phan-cong-nghe-tai-chinh-encapital-2,5798,S&I Ratings,2026-09-14 07:11:41,2026-05-28
24/04/2026,Công ty Cổ phần Chứng khoán KAFI,Chứng khoán,Tổ chức tài chính,Lần đầu,Tổ chức phát hành,,A,Ổn định,,https://sni-rating.s3.ap-southeast-1.amazonaws.com/wp-content/uploads/2026/04/28163747/KAFI-Public.pdf,,https://sni-rating.s3.ap-southeast-1.amazonaws.com/wp-content/uploads/2026/04/28163739/KAFI-Rating-Report.pdf,https://sniratings.com.vn/?rating=cong-ty-co-phan-chung-khoan-kafi,5575,S&I Ratings,2026-09-14 07:11:41,2026-04-24
24/03/2026,Công ty TNHH Xây dựng Dân dụng Phú Quốc,Bất động sản,Doanh nghiệp,Lần đầu,Công cụ nợ,,A,Ổn định,,https://sni-rating.s3.ap-southeast-1.amazonaws.com/wp-content/uploads/2026/03/26162151/PCC-Bond-Public.pdf,,,https://sniratings.com.vn/?rating=cong-ty-tnhh-xay-dung-dan-dung-phu-quoc-2,5456,S&I Ratings,2026-09-14 07:11:41,2026-03-24
24/03/2026,Công ty TNHH Xây dựng Dân dụng Phú Quốc,Bất động sản,Doanh nghiệp,Lần đầu,Tổ chức phát hành,,BB+,Ổn định,,https://sni-rating.s3.ap-southeast-1.amazonaws.com/wp-content/uploads/2026/03/26161837/PCC-Corporate-Public.pdf,,,https://sniratings.com.vn/?rating=cong-ty-tnhh-xay-dung-dan-dung-phu-quoc,5454,S&I Ratings,2026-09-14 07:11:41,2026-03-24
10/12/2025,Công ty Cổ phần Tập đoàn Đất Xanh,Bất động sản,Doanh nghiệp,Lần đầu,Tổ chức phát hành,,BBB+,Tích cực,,https://sni-rating.s3.ap-southeast-1.amazonaws.com/wp-content/uploads/2025/12/11142639/DXG-Public.pdf,,https://sni-rating.s3.ap-southeast-1.amazonaws.com/wp-content/uploads/2025/12/11091425/DXG-Rating-Report.pdf,https://sniratings.com.vn/?rating=cong-ty-co-phan-tap-doan-dat-xanh,5262,S&I Ratings,2026-09-14 07:11:41,2025-12-10
10/12/2025,Công ty Cổ phần Chứng khoán DNSE,Chứng khoán,Tổ chức tài chính,Giám sát Xếp hạng,,,BBB,Ổn định,,,,,https://sniratings.com.vn/?rating=cong-ty-co-phan-chung-khoan-dnse-2,5258,S&I Ratings,2026-09-14 07:11:41,2025-12-10
28/11/2025,Công ty Cổ phần Công nghệ Tài chính Encapital,Công nghệ thông tin,Doanh nghiệp,Lần đầu,Tổ chức phát hành,,BBB,Ổn định,,https://sni-rating.s3.ap-southeast-1.amazonaws.com/wp-content/uploads/2025/12/01133207/CBTT_XHTN_SI-ENCAP.pdf,,,https://sniratings.com.vn/?rating=cong-ty-co-phan-cong-nghe-tai-chinh-encapital,5239,S&I Ratings,2026-09-14 07:11:41,2025-11-28
10/09/2025,Ngân Hàng TMCP Phương Đông,Ngân hàng,Tổ chức tài chính,Giám sát Xếp hạng,,,A+,Ổn định,,,,,https://sniratings.com.vn/?rating=ngan-hang-tmcp-phuong-dong,4941,S&I Ratings,2026-09-14 07:11:41,2025-09-10
10/06/2025,Công ty Cổ phần Chứng khoán DNSE,Chứng khoán,Tổ chức tài chính,Lần đầu,Tổ chức phát hành,,BBB,Ổn định,,https://sni-rating.s3.ap-southeast-1.amazonaws.com/wp-content/uploads/2025/06/10143529/DNSE-Credit-Report-Summary.pdf,,,https://sniratings.com.vn/?rating=cong-ty-co-phan-chung-khoan-dnse,4708,S&I Ratings,2026-09-14 07:11:41,2025-06-10
10/03/2025,Ngân Hàng TMCP Phương Đông,Ngân hàng,Tổ chức tài chính,Lần đầu,Tổ chức phát hành,,A+,Ổn định,,https://sni-rating.s3.ap-southeast-1.amazonaws.com/wp-content/uploads/2025/03/10163537/OCB-Credit-Report-Summary.pdf,,,https://sniratings.com.vn/?rating=ngan-hang-tmcp-an-binh,591,S&I Ratings,2026-09-14 07:11:41,2025-03-10
27/06/2026,Công ty TNHH Mặt Trời Vũng Tàu,Bất động sản,Doanh nghiệp,Lần đầu,Công cụ nợ,,A-,Ổn định,,https://sni-rating.s3.ap-southeast-1.amazonaws.com/wp-content/uploads/2026/06/29163503/SVT-Public-Scan-1.pdf,,,https://sniratings.com.vn/?rating=cong-ty-tnhh-mat-troi-vung-tau,5793,S&I Ratings,2026-09-14 08:50:23,2026-06-27
10/06/2026,Công ty Cổ phần Bluemarq Group,Bất động sản,Doanh nghiệp,Giám sát Xếp hạng,,,BBB+,Tích cực,,,,,https://sniratings.com.vn/?rating=cong-ty-co-phan-bluemarq-group,5800,S&I Ratings,2026-09-14 08:50:23,2026-06-10
28/05/2026,Công ty Cổ phần Công nghệ Tài chính Encapital,Công nghệ thông tin,Doanh nghiệp,Giám sát Xếp hạng,,,BBB,Ổn định,,,,,https://sniratings.com.vn/?rating=cong-ty-co-phan-cong-nghe-tai-chinh-encapital-2,5798,S&I Ratings,2026-09-14 08:50:23,2026-05-28
24/04/2026,Công ty Cổ phần Chứng khoán KAFI,Chứng khoán,Tổ chức tài chính,Lần đầu,Tổ chức phát hành,,A,Ổn định,,https://sni-rating.s3.ap-southeast-1.amazonaws.com/wp-content/uploads/2026/04/28163747/KAFI-Public.pdf,,https://sni-rating.s3.ap-southeast-1.amazonaws.com/wp-content/uploads/2026/04/28163739/KAFI-Rating-Report.pdf,https://sniratings.com.vn/?rating=cong-ty-co-phan-chung-khoan-kafi,5575,S&I Ratings,2026-09-14 08:50:23,2026-04-24
24/03/2026,Công ty TNHH Xây dựng Dân dụng Phú Quốc,Bất động sản,Doanh nghiệp,Lần đầu,Công cụ nợ,,A,Ổn định,,https://sni-rating.s3.ap-southeast-1.amazonaws.com/wp-content/uploads/2026/03/26162151/PCC-Bond-Public.pdf,,,https://sniratings.com.vn/?rating=cong-ty-tnhh-xay-dung-dan-dung-phu-quoc-2,5456,S&I Ratings,2026-09-14 08:50:23,2026-03-24
24/03/2026,Công ty TNHH Xây dựng Dân dụng Phú Quốc,Bất động sản,Doanh nghiệp,Lần đầu,Tổ chức phát hành,,BB+,Ổn định,,https://sni-rating.s3.ap-southeast-1.amazonaws.com/wp-content/uploads/2026/03/26161837/PCC-Corporate-Public.pdf,,,https://sniratings.com.vn/?rating=cong-ty-tnhh-xay-dung-dan-dung-phu-quoc,5454,S&I Ratings,2026-09-14 08:50:23,2026-03-24
10/12/2025,Công ty Cổ phần Tập đoàn Đất Xanh,Bất động sản,Doanh nghiệp,Lần đầu,Tổ chức phát hành,,BBB+,Tích cực,,https://sni-rating.s3.ap-southeast-1.amazonaws.com/wp-content/uploads/2025/12/11142639/DXG-Public.pdf,,https://sni-rating.s3.ap-southeast-1.amazonaws.com/wp-content/uploads/2025/12/11091425/DXG-Rating-Report.pdf,https://sniratings.com.vn/?rating=cong-ty-co-phan-tap-doan-dat-xanh,5262,S&I Ratings,2026-09-14 08:50:23,2025-12-10
10/12/2025,Công ty Cổ phần Chứng khoán DNSE,Chứng khoán,Tổ chức tài chính,Giám sát Xếp hạng,,,BBB,Ổn định,,,,,https://sniratings.com.vn/?rating=cong-ty-co-phan-chung-khoan-dnse-2,5258,S&I Ratings,2026-09-14 08:50:23,2025-12-10
28/11/2025,Công ty Cổ phần Công nghệ Tài chính Encapital,Công nghệ thông tin,Doanh nghiệp,Lần đầu,Tổ chức phát hành,,BBB,Ổn định,,https://sni-rating.s3.ap-southeast-1.amazonaws.com/wp-content/uploads/2025/12/01133207/CBTT_XHTN_SI-ENCAP.pdf,,,https://sniratings.com.vn/?rating=cong-ty-co-phan-cong-nghe-tai-chinh-encapital,5239,S&I Ratings,2026-09-14 08:50:23,2025-11-28
10/09/2025,Ngân Hàng TMCP Phương Đông,Ngân hàng,Tổ chức tài chính,Giám sát Xếp hạng,,,A+,Ổn định,,,,,https://sniratings.com.vn/?rating=ngan-hang-tmcp-phuong-dong,4941,S&I Ratings,2026-09-14 08:50:23,2025-09-10
10/06/2025,Công ty Cổ phần Chứng khoán DNSE,Chứng khoán,Tổ chức tài chính,Lần đầu,Tổ chức phát hành,,BBB,Ổn định,,https://sni-rating.s3.ap-southeast-1.amazonaws.com/wp-content/uploads/2025/06/10143529/DNSE-Credit-Report-Summary.pdf,,,https://sniratings.com.vn/?rating=cong-ty-co-phan-chung-khoan-dnse,4708,S&I Ratings,2026-09-14 08:50:23,2025-06-10
10/03/2025,Ngân Hàng TMCP Phương Đông,Ngân hàng,Tổ chức tài chính,Lần đầu,Tổ chức phát hành,,A+,Ổn định,,https://sni-rating.s3.ap-southeast-1.amazonaws.com/wp-content/uploads/2025/03/10163537/OCB-Credit-Report-Summary.pdf,,,https://sniratings.com.vn/?rating=ngan-hang-tmcp-an-binh,591,S&I Ratings,2026-09-14 08:50:23,2025-03-10
27/06/2026,Công ty TNHH Mặt Trời Vũng Tàu,Bất động sản,Doanh nghiệp,Lần đầu,Công cụ nợ,,A-,Ổn định,,https://sni-rating.s3.ap-southeast-1.amazonaws.com/wp-content/uploads/2026/06/29163503/SVT-Public-Scan-1.pdf,,,https://sniratings.com.vn/?rating=cong-ty-tnhh-mat-troi-vung-tau,5793,S&I Ratings,2026-09-14 15:15:24,2026-06-27
10/06/2026,Công ty Cổ phần Bluemarq Group,Bất động sản,Doanh nghiệp,Giám sát Xếp hạng,,,BBB+,Tích cực,,,,,https://sniratings.com.vn/?rating=cong-ty-co-phan-bluemarq-group,5800,S&I Ratings,2026-09-14 15:15:24,2026-06-10
28/05/2026,Công ty Cổ phần Công nghệ Tài chính Encapital,Công nghệ thông tin,Doanh nghiệp,Giám sát Xếp hạng,,,BBB,Ổn định,,,,,https://sniratings.com.vn/?rating=cong-ty-co-phan-cong-nghe-tai-chinh-encapital-2,5798,S&I Ratings,2026-09-14 15:15:24,2026-05-28
24/04/2026,Công ty Cổ phần Chứng khoán KAFI,Chứng khoán,Tổ chức tài chính,Lần đầu,Tổ chức phát hành,,A,Ổn định,,https://sni-rating.s3.ap-southeast-1.amazonaws.com/wp-content/uploads/2026/04/28163747/KAFI-Public.pdf,,https://sni-rating.s3.ap-southeast-1.amazonaws.com/wp-content/uploads/2026/04/28163739/KAFI-Rating-Report.pdf,https://sniratings.com.vn/?rating=cong-ty-co-phan-chung-khoan-kafi,5575,S&I Ratings,2026-09-14 15:15:24,2026-04-24
24/03/2026,Công ty TNHH Xây dựng Dân dụng Phú Quốc,Bất động sản,Doanh nghiệp,Lần đầu,Công cụ nợ,,A,Ổn định,,https://sni-rating.s3.ap-southeast-1.amazonaws.com/wp-content/uploads/2026/03/26162151/PCC-Bond-Public.pdf,,,https://sniratings.com.vn/?rating=cong-ty-tnhh-xay-dung-dan-dung-phu-quoc-2,5456,S&I Ratings,2026-09-14 15:15:24,2026-03-24
24/03/2026,Công ty TNHH Xây dựng Dân dụng Phú Quốc,Bất động sản,Doanh nghiệp,Lần đầu,Tổ chức phát hành,,BB+,Ổn định,,https://sni-rating.s3.ap-southeast-1.amazonaws.com/wp-content/uploads/2026/03/26161837/PCC-Corporate-Public.pdf,,,https://sniratings.com.vn/?rating=cong-ty-tnhh-xay-dung-dan-dung-phu-quoc,5454,S&I Ratings,2026-09-14 15:15:24,2026-03-24
10/12/2025,Công ty Cổ phần Tập đoàn Đất Xanh,Bất động sản,Doanh nghiệp,Lần đầu,Tổ chức phát hành,,BBB+,Tích cực,,https://sni-rating.s3.ap-southeast-1.amazonaws.com/wp-content/uploads/2025/12/11142639/DXG-Public.pdf,,https://sni-rating.s3.ap-southeast-1.amazonaws.com/wp-content/uploads/2025/12/11091425/DXG-Rating-Report.pdf,https://sniratings.com.vn/?rating=cong-ty-co-phan-tap-doan-dat-xanh,5262,S&I Ratings,2026-09-14 15:15:24,2025-12-10
10/12/2025,Công ty Cổ phần Chứng khoán DNSE,Chứng khoán,Tổ chức tài chính,Giám sát Xếp hạng,,,BBB,Ổn định,,,,,https://sniratings.com.vn/?rating=cong-ty-co-phan-chung-khoan-dnse-2,5258,S&I Ratings,2026-09-14 15:15:24,2025-12-10
28/11/2025,Công ty Cổ phần Công nghệ Tài chính Encapital,Công nghệ thông tin,Doanh nghiệp,Lần đầu,Tổ chức phát hành,,BBB,Ổn định,,https://sni-rating.s3.ap-southeast-1.amazonaws.com/wp-content/uploads/2025/12/01133207/CBTT_XHTN_SI-ENCAP.pdf,,,https://sniratings.com.vn/?rating=cong-ty-co-phan-cong-nghe-tai-chinh-encapital,5239,S&I Ratings,2026-09-14 15:15:24,2025-11-28
10/09/2025,Ngân Hàng TMCP Phương Đông,Ngân hàng,Tổ chức tài chính,Giám sát Xếp hạng,,,A+,Ổn định,,,,,https://sniratings.com.vn/?rating=ngan-hang-tmcp-phuong-dong,4941,S&I Ratings,2026-09-14 15:15:24,2025-09-10
10/06/2025,Công ty Cổ phần Chứng khoán DNSE,Chứng khoán,Tổ chức tài chính,Lần đầu,Tổ chức phát hành,,BBB,Ổn định,,https://sni-rating.s3.ap-southeast-1.amazonaws.com/wp-content/uploads/2025/06/10143529/DNSE-Credit-Report-Summary.pdf,,,https://sniratings.com.vn/?rating=cong-ty-co-phan-chung-khoan-dnse,4708,S&I Ratings,2026-09-14 15:15:24,2025-06-10
10/03/2025,Ngân Hàng TMCP Phương Đông,Ngân hàng,Tổ chức tài chính,Lần đầu,Tổ chức phát hành,,A+,Ổn định,,https://sni-rating.s3.ap-southeast-1.amazonaws.com/wp-content/uploads/2025/03/10163537/OCB-Credit-Report-Summary.pdf,,,https://sniratings.com.vn/?rating=ngan-hang-tmcp-an-binh,591,S&I Ratings,2026-09-14 15:15:24,2025-03-10
27/06/2026,Công ty TNHH Mặt Trời Vũng Tàu,Bất động sản,Doanh nghiệp,Lần đầu,Công cụ nợ,,A-,Ổn định,,https://sni-rating.s3.ap-southeast-1.amazonaws.com/wp-content/uploads/2026/06/29163503/SVT-Public-Scan-1.pdf,,,https://sniratings.com.vn/?rating=cong-ty-tnhh-mat-troi-vung-tau,5793,S&I Ratings,2026-09-15 08:40:39,2026-06-27
10/06/2026,Công ty Cổ phần Bluemarq Group,Bất động sản,Doanh nghiệp,Giám sát Xếp hạng,,,BBB+,Tích cực,,,,,https://sniratings.com.vn/?rating=cong-ty-co-phan-bluemarq-group,5800,S&I Ratings,2026-09-15 08:40:39,2026-06-10
28/05/2026,Công ty Cổ phần Công nghệ Tài chính Encapital,Công nghệ thông tin,Doanh nghiệp,Giám sát Xếp hạng,,,BBB,Ổn định,,,,,https://sniratings.com.vn/?rating=cong-ty-co-phan-cong-nghe-tai-chinh-encapital-2,5798,S&I Ratings,2026-09-15 08:40:39,2026-05-28
24/04/2026,Công ty Cổ phần Chứng khoán KAFI,Chứng khoán,Tổ chức tài chính,Lần đầu,Tổ chức phát hành,,A,Ổn định,,https://sni-rating.s3.ap-southeast-1.amazonaws.com/wp-content/uploads/2026/04/28163747/KAFI-Public.pdf,,https://sni-rating.s3.ap-southeast-1.amazonaws.com/wp-content/uploads/2026/04/28163739/KAFI-Rating-Report.pdf,https://sniratings.com.vn/?rating=cong-ty-co-phan-chung-khoan-kafi,5575,S&I Ratings,2026-09-15 08:40:39,2026-04-24
24/03/2026,Công ty TNHH Xây dựng Dân dụng Phú Quốc,Bất động sản,Doanh nghiệp,Lần đầu,Công cụ nợ,,A,Ổn định,,https://sni-rating.s3.ap-southeast-1.amazonaws.com/wp-content/uploads/2026/03/26162151/PCC-Bond-Public.pdf,,,https://sniratings.com.vn/?rating=cong-ty-tnhh-xay-dung-dan-dung-phu-quoc-2,5456,S&I Ratings,2026-09-15 08:40:39,2026-03-24
24/03/2026,Công ty TNHH Xây dựng Dân dụng Phú Quốc,Bất động sản,Doanh nghiệp,Lần đầu,Tổ chức phát hành,,BB+,Ổn định,,https://sni-rating.s3.ap-southeast-1.amazonaws.com/wp-content/uploads/2026/03/26161837/PCC-Corporate-Public.pdf,,,https://sniratings.com.vn/?rating=cong-ty-tnhh-xay-dung-dan-dung-phu-quoc,5454,S&I Ratings,2026-09-15 08:40:39,2026-03-24
10/12/2025,Công ty Cổ phần Tập đoàn Đất Xanh,Bất động sản,Doanh nghiệp,Lần đầu,Tổ chức phát hành,,BBB+,Tích cực,,https://sni-rating.s3.ap-southeast-1.amazonaws.com/wp-content/uploads/2025/12/11142639/DXG-Public.pdf,,https://sni-rating.s3.ap-southeast-1.amazonaws.com/wp-content/uploads/2025/12/11091425/DXG-Rating-Report.pdf,https://sniratings.com.vn/?rating=cong-ty-co-phan-tap-doan-dat-xanh,5262,S&I Ratings,2026-09-15 08:40:39,2025-12-10
10/12/2025,Công ty Cổ phần Chứng khoán DNSE,Chứng khoán,Tổ chức tài chính,Giám sát Xếp hạng,,,BBB,Ổn định,,,,,https://sniratings.com.vn/?rating=cong-ty-co-phan-chung-khoan-dnse-2,5258,S&I Ratings,2026-09-15 08:40:39,2025-12-10
28/11/2025,Công ty Cổ phần Công nghệ Tài chính Encapital,Công nghệ thông tin,Doanh nghiệp,Lần đầu,Tổ chức phát hành,,BBB,Ổn định,,https://sni-rating.s3.ap-southeast-1.amazonaws.com/wp-content/uploads/2025/12/01133207/CBTT_XHTN_SI-ENCAP.pdf,,,https://sniratings.com.vn/?rating=cong-ty-co-phan-cong-nghe-tai-chinh-encapital,5239,S&I Ratings,2026-09-15 08:40:39,2025-11-28
10/09/2025,Ngân Hàng TMCP Phương Đông,Ngân hàng,Tổ chức tài chính,Giám sát Xếp hạng,,,A+,Ổn định,,,,,https://sniratings.com.vn/?rating=ngan-hang-tmcp-phuong-dong,4941,S&I Ratings,2026-09-15 08:40:39,2025-09-10
10/06/2025,Công ty Cổ phần Chứng khoán DNSE,Chứng khoán,Tổ chức tài chính,Lần đầu,Tổ chức phát hành,,BBB,Ổn định,,https://sni-rating.s3.ap-southeast-1.amazonaws.com/wp-content/uploads/2025/06/10143529/DNSE-Credit-Report-Summary.pdf,,,https://sniratings.com.vn/?rating=cong-ty-co-phan-chung-khoan-dnse,4708,S&I Ratings,2026-09-15 08:40:39,2025-06-10
10/03/2025,Ngân Hàng TMCP Phương Đông,Ngân hàng,Tổ chức tài chính,Lần đầu,Tổ chức phát hành,,A+,Ổn định,,https://sni-rating.s3.ap-southeast-1.amazonaws.com/wp-content/uploads/2025/03/10163537/OCB-Credit-Report-Summary.pdf,,,https://sniratings.com.vn/?rating=ngan-hang-tmcp-an-binh,591,S&I Ratings,2026-09-15 08:40:39,2025-03-10
27/06/2026,Công ty TNHH Mặt Trời Vũng Tàu,Bất động sản,Doanh nghiệp,Lần đầu,Công cụ nợ,,A-,Ổn định,,https://sni-rating.s3.ap-southeast-1.amazonaws.com/wp-content/uploads/2026/06/29163503/SVT-Public-Scan-1.pdf,,,https://sniratings.com.vn/?rating=cong-ty-tnhh-mat-troi-vung-tau,5793,S&I Ratings,2026-09-15 15:15:23,2026-06-27
10/06/2026,Công ty Cổ phần Bluemarq Group,Bất động sản,Doanh nghiệp,Giám sát Xếp hạng,,,BBB+,Tích cực,,,,,https://sniratings.com.vn/?rating=cong-ty-co-phan-bluemarq-group,5800,S&I Ratings,2026-09-15 15:15:23,2026-06-10
28/05/2026,Công ty Cổ phần Công nghệ Tài chính Encapital,Công nghệ thông tin,Doanh nghiệp,Giám sát Xếp hạng,,,BBB,Ổn định,,,,,https://sniratings.com.vn/?rating=cong-ty-co-phan-cong-nghe-tai-chinh-encapital-2,5798,S&I Ratings,2026-09-15 15:15:23,2026-05-28
24/04/2026,Công ty Cổ phần Chứng khoán KAFI,Chứng khoán,Tổ chức tài chính,Lần đầu,Tổ chức phát hành,,A,Ổn định,,https://sni-rating.s3.ap-southeast-1.amazonaws.com/wp-content/uploads/2026/04/28163747/KAFI-Public.pdf,,https://sni-rating.s3.ap-southeast-1.amazonaws.com/wp-content/uploads/2026/04/28163739/KAFI-Rating-Report.pdf,https://sniratings.com.vn/?rating=cong-ty-co-phan-chung-khoan-kafi,5575,S&I Ratings,2026-09-15 15:15:23,2026-04-24
24/03/2026,Công ty TNHH Xây dựng Dân dụng Phú Quốc,Bất động sản,Doanh nghiệp,Lần đầu,Công cụ nợ,,A,Ổn định,,https://sni-rating.s3.ap-southeast-1.amazonaws.com/wp-content/uploads/2026/03/26162151/PCC-Bond-Public.pdf,,,https://sniratings.com.vn/?rating=cong-ty-tnhh-xay-dung-dan-dung-phu-quoc-2,5456,S&I Ratings,2026-09-15 15:15:23,2026-03-24
24/03/2026,Công ty TNHH Xây dựng Dân dụng Phú Quốc,Bất động sản,Doanh nghiệp,Lần đầu,Tổ chức phát hành,,BB+,Ổn định,,https://sni-rating.s3.ap-southeast-1.amazonaws.com/wp-content/uploads/2026/03/26161837/PCC-Corporate-Public.pdf,,,https://sniratings.com.vn/?rating=cong-ty-tnhh-xay-dung-dan-dung-phu-quoc,5454,S&I Ratings,2026-09-15 15:15:23,2026-03-24
10/12/2025,Công ty Cổ phần Tập đoàn Đất Xanh,Bất động sản,Doanh nghiệp,Lần đầu,Tổ chức phát hành,,BBB+,Tích cực,,https://sni-rating.s3.ap-southeast-1.amazonaws.com/wp-content/uploads/2025/12/11142639/DXG-Public.pdf,,https://sni-rating.s3.ap-southeast-1.amazonaws.com/wp-content/uploads/2025/12/11091425/DXG-Rating-Report.pdf,https://sniratings.com.vn/?rating=cong-ty-co-phan-tap-doan-dat-xanh,5262,S&I Ratings,2026-09-15 15:15:23,2025-12-10
10/12/2025,Công ty Cổ phần Chứng khoán DNSE,Chứng khoán,Tổ chức tài chính,Giám sát Xếp hạng,,,BBB,Ổn định,,,,,https://sniratings.com.vn/?rating=cong-ty-co-phan-chung-khoan-dnse-2,5258,S&I Ratings,2026-09-15 15:15:23,2025-12-10
28/11/2025,Công ty Cổ phần Công nghệ Tài chính Encapital,Công nghệ thông tin,Doanh nghiệp,Lần đầu,Tổ chức phát hành,,BBB,Ổn định,,https://sni-rating.s3.ap-southeast-1.amazonaws.com/wp-content/uploads/2025/12/01133207/CBTT_XHTN_SI-ENCAP.pdf,,,https://sniratings.com.vn/?rating=cong-ty-co-phan-cong-nghe-tai-chinh-encapital,5239,S&I Ratings,2026-09-15 15:15:23,2025-11-28
10/09/2025,Ngân Hàng TMCP Phương Đông,Ngân hàng,Tổ chức tài chính,Giám sát Xếp hạng,,,A+,Ổn định,,,,,https://sniratings.com.vn/?rating=ngan-hang-tmcp-phuong-dong,4941,S&I Ratings,2026-09-15 15:15:23,2025-09-10
10/06/2025,Công ty Cổ phần Chứng khoán DNSE,Chứng khoán,Tổ chức tài chính,Lần đầu,Tổ chức phát hành,,BBB,Ổn định,,https://sni-rating.s3.ap-southeast-1.amazonaws.com/wp-content/uploads/2025/06/10143529/DNSE-Credit-Report-Summary.pdf,,,https://sniratings.com.vn/?rating=cong-ty-co-phan-chung-khoan-dnse,4708,S&I Ratings,2026-09-15 15:15:23,2025-06-10
10/03/2025,Ngân Hàng TMCP Phương Đông,Ngân hàng,Tổ chức tài chính,Lần đầu,Tổ chức phát hành,,A+,Ổn định,,https://sni-rating.s3.ap-southeast-1.amazonaws.com/wp-content/uploads/2025/03/10163537/OCB-Credit-Report-Summary.pdf,,,https://sniratings.com.vn/?rating=ngan-hang-tmcp-an-binh,591,S&I Ratings,2026-09-15 15:15:23,2025-03-10
27/06/2026,Công ty TNHH Mặt Trời Vũng Tàu,Bất động sản,Doanh nghiệp,Lần đầu,Công cụ nợ,,A-,Ổn định,,https://sni-rating.s3.ap-southeast-1.amazonaws.com/wp-content/uploads/2026/06/29163503/SVT-Public-Scan-1.pdf,,,https://sniratings.com.vn/?rating=cong-ty-tnhh-mat-troi-vung-tau,5793,S&I Ratings,2026-09-16 08:40:25,2026-06-27
10/06/2026,Công ty Cổ phần Bluemarq Group,Bất động sản,Doanh nghiệp,Giám sát Xếp hạng,,,BBB+,Tích cực,,,,,https://sniratings.com.vn/?rating=cong-ty-co-phan-bluemarq-group,5800,S&I Ratings,2026-09-16 08:40:25,2026-06-10
28/05/2026,Công ty Cổ phần Công nghệ Tài chính Encapital,Công nghệ thông tin,Doanh nghiệp,Giám sát Xếp hạng,,,BBB,Ổn định,,,,,https://sniratings.com.vn/?rating=cong-ty-co-phan-cong-nghe-tai-chinh-encapital-2,5798,S&I Ratings,2026-09-16 08:40:25,2026-05-28
24/04/2026,Công ty Cổ phần Chứng khoán KAFI,Chứng khoán,Tổ chức tài chính,Lần đầu,Tổ chức phát hành,,A,Ổn định,,https://sni-rating.s3.ap-southeast-1.amazonaws.com/wp-content/uploads/2026/04/28163747/KAFI-Public.pdf,,https://sni-rating.s3.ap-southeast-1.amazonaws.com/wp-content/uploads/2026/04/28163739/KAFI-Rating-Report.pdf,https://sniratings.com.vn/?rating=cong-ty-co-phan-chung-khoan-kafi,5575,S&I Ratings,2026-09-16 08:40:25,2026-04-24
24/03/2026,Công ty TNHH Xây dựng Dân dụng Phú Quốc,Bất động sản,Doanh nghiệp,Lần đầu,Công cụ nợ,,A,Ổn định,,https://sni-rating.s3.ap-southeast-1.amazonaws.com/wp-content/uploads/2026/03/26162151/PCC-Bond-Public.pdf,,,https://sniratings.com.vn/?rating=cong-ty-tnhh-xay-dung-dan-dung-phu-quoc-2,5456,S&I Ratings,2026-09-16 08:40:25,2026-03-24
24/03/2026,Công ty TNHH Xây dựng Dân dụng Phú Quốc,Bất động sản,Doanh nghiệp,Lần đầu,Tổ chức phát hành,,BB+,Ổn định,,https://sni-rating.s3.ap-southeast-1.amazonaws.com/wp-content/uploads/2026/03/26161837/PCC-Corporate-Public.pdf,,,https://sniratings.com.vn/?rating=cong-ty-tnhh-xay-dung-dan-dung-phu-quoc,5454,S&I Ratings,2026-09-16 08:40:25,2026-03-24
10/12/2025,Công ty Cổ phần Tập đoàn Đất Xanh,Bất động sản,Doanh nghiệp,Lần đầu,Tổ chức phát hành,,BBB+,Tích cực,,https://sni-rating.s3.ap-southeast-1.amazonaws.com/wp-content/uploads/2025/12/11142639/DXG-Public.pdf,,https://sni-rating.s3.ap-southeast-1.amazonaws.com/wp-content/uploads/2025/12/11091425/DXG-Rating-Report.pdf,https://sniratings.com.vn/?rating=cong-ty-co-phan-tap-doan-dat-xanh,5262,S&I Ratings,2026-09-16 08:40:25,2025-12-10
10/12/2025,Công ty Cổ phần Chứng khoán DNSE,Chứng khoán,Tổ chức tài chính,Giám sát Xếp hạng,,,BBB,Ổn định,,,,,https://sniratings.com.vn/?rating=cong-ty-co-phan-chung-khoan-dnse-2,5258,S&I Ratings,2026-09-16 08:40:25,2025-12-10
28/11/2025,Công ty Cổ phần Công nghệ Tài chính Encapital,Công nghệ thông tin,Doanh nghiệp,Lần đầu,Tổ chức phát hành,,BBB,Ổn định,,https://sni-rating.s3.ap-southeast-1.amazonaws.com/wp-content/uploads/2025/12/01133207/CBTT_XHTN_SI-ENCAP.pdf,,,https://sniratings.com.vn/?rating=cong-ty-co-phan-cong-nghe-tai-chinh-encapital,5239,S&I Ratings,2026-09-16 08:40:25,2025-11-28
10/09/2025,Ngân Hàng TMCP Phương Đông,Ngân hàng,Tổ chức tài chính,Giám sát Xếp hạng,,,A+,Ổn định,,,,,https://sniratings.com.vn/?rating=ngan-hang-tmcp-phuong-dong,4941,S&I Ratings,2026-09-16 08:40:25,2025-09-10
10/06/2025,Công ty Cổ phần Chứng khoán DNSE,Chứng khoán,Tổ chức tài chính,Lần đầu,Tổ chức phát hành,,BBB,Ổn định,,https://sni-rating.s3.ap-southeast-1.amazonaws.com/wp-content/uploads/2025/06/10143529/DNSE-Credit-Report-Summary.pdf,,,https://sniratings.com.vn/?rating=cong-ty-co-phan-chung-khoan-dnse,4708,S&I Ratings,2026-09-16 08:40:25,2025-06-10
10/03/2025,Ngân Hàng TMCP Phương Đông,Ngân hàng,Tổ chức tài chính,Lần đầu,Tổ chức phát hành,,A+,Ổn định,,https://sni-rating.s3.ap-southeast-1.amazonaws.com/wp-content/uploads/2025/03/10163537/OCB-Credit-Report-Summary.pdf,,,https://sniratings.com.vn/?rating=ngan-hang-tmcp-an-binh,591,S&I Ratings,2026-09-16 08:40:25,2025-03-10
27/06/2026,Công ty TNHH Mặt Trời Vũng Tàu,Bất động sản,Doanh nghiệp,Lần đầu,Công cụ nợ,,A-,Ổn định,,https://sni-rating.s3.ap-southeast-1.amazonaws.com/wp-content/uploads/2026/06/29163503/SVT-Public-Scan-1.pdf,,,https://sniratings.com.vn/?rating=cong-ty-tnhh-mat-troi-vung-tau,5793,S&I Ratings,2026-09-16 15:15:24,2026-06-27
10/06/2026,Công ty Cổ phần Bluemarq Group,Bất động sản,Doanh nghiệp,Giám sát Xếp hạng,,,BBB+,Tích cực,,,,,https://sniratings.com.vn/?rating=cong-ty-co-phan-bluemarq-group,5800,S&I Ratings,2026-09-16 15:15:24,2026-06-10
28/05/2026,Công ty Cổ phần Công nghệ Tài chính Encapital,Công nghệ thông tin,Doanh nghiệp,Giám sát Xếp hạng,,,BBB,Ổn định,,,,,https://sniratings.com.vn/?rating=cong-ty-co-phan-cong-nghe-tai-chinh-encapital-2,5798,S&I Ratings,2026-09-16 15:15:24,2026-05-28
24/04/2026,Công ty Cổ phần Chứng khoán KAFI,Chứng khoán,Tổ chức tài chính,Lần đầu,Tổ chức phát hành,,A,Ổn định,,https://sni-rating.s3.ap-southeast-1.amazonaws.com/wp-content/uploads/2026/04/28163747/KAFI-Public.pdf,,https://sni-rating.s3.ap-southeast-1.amazonaws.com/wp-content/uploads/2026/04/28163739/KAFI-Rating-Report.pdf,https://sniratings.com.vn/?rating=cong-ty-co-phan-chung-khoan-kafi,5575,S&I Ratings,2026-09-16 15:15:24,2026-04-24
24/03/2026,Công ty TNHH Xây dựng Dân dụng Phú Quốc,Bất động sản,Doanh nghiệp,Lần đầu,Công cụ nợ,,A,Ổn định,,https://sni-rating.s3.ap-southeast-1.amazonaws.com/wp-content/uploads/2026/03/26162151/PCC-Bond-Public.pdf,,,https://sniratings.com.vn/?rating=cong-ty-tnhh-xay-dung-dan-dung-phu-quoc-2,5456,S&I Ratings,2026-09-16 15:15:24,2026-03-24
24/03/2026,Công ty TNHH Xây dựng Dân dụng Phú Quốc,Bất động sản,Doanh nghiệp,Lần đầu,Tổ chức phát hành,,BB+,Ổn định,,https://sni-rating.s3.ap-southeast-1.amazonaws.com/wp-content/uploads/2026/03/26161837/PCC-Corporate-Public.pdf,,,https://sniratings.com.vn/?rating=cong-ty-tnhh-xay-dung-dan-dung-phu-quoc,5454,S&I Ratings,2026-09-16 15:15:24,2026-03-24
10/12/2025,Công ty Cổ phần Tập đoàn Đất Xanh,Bất động sản,Doanh nghiệp,Lần đầu,Tổ chức phát hành,,BBB+,Tích cực,,https://sni-rating.s3.ap-southeast-1.amazonaws.com/wp-content/uploads/2025/12/11142639/DXG-Public.pdf,,https://sni-rating.s3.ap-southeast-1.amazonaws.com/wp-content/uploads/2025/12/11091425/DXG-Rating-Report.pdf,https://sniratings.com.vn/?rating=cong-ty-co-phan-tap-doan-dat-xanh,5262,S&I Ratings,2026-09-16 15:15:24,2025-12-10
10/12/2025,Công ty Cổ phần Chứng khoán DNSE,Chứng khoán,Tổ chức tài chính,Giám sát Xếp hạng,,,BBB,Ổn định,,,,,https://sniratings.com.vn/?rating=cong-ty-co-phan-chung-khoan-dnse-2,5258,S&I Ratings,2026-09-16 15:15:24,2025-12-10
28/11/2025,Công ty Cổ phần Công nghệ Tài chính Encapital,Công nghệ thông tin,Doanh nghiệp,Lần đầu,Tổ chức phát hành,,BBB,Ổn định,,https://sni-rating.s3.ap-southeast-1.amazonaws.com/wp-content/uploads/2025/12/01133207/CBTT_XHTN_SI-ENCAP.pdf,,,https://sniratings.com.vn/?rating=cong-ty-co-phan-cong-nghe-tai-chinh-encapital,5239,S&I Ratings,2026-09-16 15:15:24,2025-11-28
10/09/2025,Ngân Hàng TMCP Phương Đông,Ngân hàng,Tổ chức tài chính,Giám sát Xếp hạng,,,A+,Ổn định,,,,,https://sniratings.com.vn/?rating=ngan-hang-tmcp-phuong-dong,4941,S&I Ratings,2026-09-16 15:15:24,2025-09-10
10/06/2025,Công ty Cổ phần Chứng khoán DNSE,Chứng khoán,Tổ chức tài chính,Lần đầu,Tổ chức phát hành,,BBB,Ổn định,,https://sni-rating.s3.ap-southeast-1.amazonaws.com/wp-content/uploads/2025/06/10143529/DNSE-Credit-Report-Summary.pdf,,,https://sniratings.com.vn/?rating=cong-ty-co-phan-chung-khoan-dnse,4708,S&I Ratings,2026-09-16 15:15:24,2025-06-10
10/03/2025,Ngân Hàng TMCP Phương Đông,Ngân hàng,Tổ chức tài chính,Lần đầu,Tổ chức phát hành,,A+,Ổn định,,https://sni-rating.s3.ap-southeast-1.amazonaws.com/wp-content/uploads/2025/03/10163537/OCB-Credit-Report-Summary.pdf,,,https://sniratings.com.vn/?rating=ngan-hang-tmcp-an-binh,591,S&I Ratings,2026-09-16 15:15:24,2025-03-10
27/06/2026,Công ty TNHH Mặt Trời Vũng Tàu,Bất động sản,Doanh nghiệp,Lần đầu,Công cụ nợ,,A-,Ổn định,,https://sni-rating.s3.ap-southeast-1.amazonaws.com/wp-content/uploads/2026/06/29163503/SVT-Public-Scan-1.pdf,,,https://sniratings.com.vn/?rating=cong-ty-tnhh-mat-troi-vung-tau,5793,S&I Ratings,2026-09-17 09:07:00,2026-06-27
10/06/2026,Công ty Cổ phần Bluemarq Group,Bất động sản,Doanh nghiệp,Giám sát Xếp hạng,,,BBB+,Tích cực,,,,,https://sniratings.com.vn/?rating=cong-ty-co-phan-bluemarq-group,5800,S&I Ratings,2026-09-17 09:07:00,2026-06-10
28/05/2026,Công ty Cổ phần Công nghệ Tài chính Encapital,Công nghệ thông tin,Doanh nghiệp,Giám sát Xếp hạng,,,BBB,Ổn định,,,,,https://sniratings.com.vn/?rating=cong-ty-co-phan-cong-nghe-tai-chinh-encapital-2,5798,S&I Ratings,2026-09-17 09:07:00,2026-05-28
24/04/2026,Công ty Cổ phần Chứng khoán KAFI,Chứng khoán,Tổ chức tài chính,Lần đầu,Tổ chức phát hành,,A,Ổn định,,https://sni-rating.s3.ap-southeast-1.amazonaws.com/wp-content/uploads/2026/04/28163747/KAFI-Public.pdf,,https://sni-rating.s3.ap-southeast-1.amazonaws.com/wp-content/uploads/2026/04/28163739/KAFI-Rating-Report.pdf,https://sniratings.com.vn/?rating=cong-ty-co-phan-chung-khoan-kafi,5575,S&I Ratings,2026-09-17 09:07:00,2026-04-24
24/03/2026,Công ty TNHH Xây dựng Dân dụng Phú Quốc,Bất động sản,Doanh nghiệp,Lần đầu,Công cụ nợ,,A,Ổn định,,https://sni-rating.s3.ap-southeast-1.amazonaws.com/wp-content/uploads/2026/03/26162151/PCC-Bond-Public.pdf,,,https://sniratings.com.vn/?rating=cong-ty-tnhh-xay-dung-dan-dung-phu-quoc-2,5456,S&I Ratings,2026-09-17 09:07:00,2026-03-24
24/03/2026,Công ty TNHH Xây dựng Dân dụng Phú Quốc,Bất động sản,Doanh nghiệp,Lần đầu,Tổ chức phát hành,,BB+,Ổn định,,https://sni-rating.s3.ap-southeast-1.amazonaws.com/wp-content/uploads/2026/03/26161837/PCC-Corporate-Public.pdf,,,https://sniratings.com.vn/?rating=cong-ty-tnhh-xay-dung-dan-dung-phu-quoc,5454,S&I Ratings,2026-09-17 09:07:00,2026-03-24
10/12/2025,Công ty Cổ phần Tập đoàn Đất Xanh,Bất động sản,Doanh nghiệp,Lần đầu,Tổ chức phát hành,,BBB+,Tích cực,,https://sni-rating.s3.ap-southeast-1.amazonaws.com/wp-content/uploads/2025/12/11142639/DXG-Public.pdf,,https://sni-rating.s3.ap-southeast-1.amazonaws.com/wp-content/uploads/2025/12/11091425/DXG-Rating-Report.pdf,https://sniratings.com.vn/?rating=cong-ty-co-phan-tap-doan-dat-xanh,5262,S&I Ratings,2026-09-17 09:07:00,2025-12-10
10/12/2025,Công ty Cổ phần Chứng khoán DNSE,Chứng khoán,Tổ chức tài chính,Giám sát Xếp hạng,,,BBB,Ổn định,,,,,https://sniratings.com.vn/?rating=cong-ty-co-phan-chung-khoan-dnse-2,5258,S&I Ratings,2026-09-17 09:07:00,2025-12-10
28/11/2025,Công ty Cổ phần Công nghệ Tài chính Encapital,Công nghệ thông tin,Doanh nghiệp,Lần đầu,Tổ chức phát hành,,BBB,Ổn định,,https://sni-rating.s3.ap-southeast-1.amazonaws.com/wp-content/uploads/2025/12/01133207/CBTT_XHTN_SI-ENCAP.pdf,,,https://sniratings.com.vn/?rating=cong-ty-co-phan-cong-nghe-tai-chinh-encapital,5239,S&I Ratings,2026-09-17 09:07:00,2025-11-28
10/09/2025,Ngân Hàng TMCP Phương Đông,Ngân hàng,Tổ chức tài chính,Giám sát Xếp hạng,,,A+,Ổn định,,,,,https://sniratings.com.vn/?rating=ngan-hang-tmcp-phuong-dong,4941,S&I Ratings,2026-09-17 09:07:00,2025-09-10
10/06/2025,Công ty Cổ phần Chứng khoán DNSE,Chứng khoán,Tổ chức tài chính,Lần đầu,Tổ chức phát hành,,BBB,Ổn định,,https://sni-rating.s3.ap-southeast-1.amazonaws.com/wp-content/uploads/2025/06/10143529/DNSE-Credit-Report-Summary.pdf,,,https://sniratings.com.vn/?rating=cong-ty-co-phan-chung-khoan-dnse,4708,S&I Ratings,2026-09-17 09:07:00,2025-06-10
10/03/2025,Ngân Hàng TMCP Phương Đông,Ngân hàng,Tổ chức tài chính,Lần đầu,Tổ chức phát hành,,A+,Ổn định,,https://sni-rating.s3.ap-southeast-1.amazonaws.com/wp-content/uploads/2025/03/10163537/OCB-Credit-Report-Summary.pdf,,,https://sniratings.com.vn/?rating=ngan-hang-tmcp-an-binh,591,S&I Ratings,2026-09-17 09:07:00,2025-03-10
27/06/2026,Công ty TNHH Mặt Trời Vũng Tàu,Bất động sản,Doanh nghiệp,Lần đầu,Công cụ nợ,,A-,Ổn định,,https://sni-rating.s3.ap-southeast-1.amazonaws.com/wp-content/uploads/2026/06/29163503/SVT-Public-Scan-1.pdf,,,https://sniratings.com.vn/?rating=cong-ty-tnhh-mat-troi-vung-tau,5793,S&I Ratings,2026-09-17 15:15:23,2026-06-27
10/06/2026,Công ty Cổ phần Bluemarq Group,Bất động sản,Doanh nghiệp,Giám sát Xếp hạng,,,BBB+,Tích cực,,,,,https://sniratings.com.vn/?rating=cong-ty-co-phan-bluemarq-group,5800,S&I Ratings,2026-09-17 15:15:23,2026-06-10
28/05/2026,Công ty Cổ phần Công nghệ Tài chính Encapital,Công nghệ thông tin,Doanh nghiệp,Giám sát Xếp hạng,,,BBB,Ổn định,,,,,https://sniratings.com.vn/?rating=cong-ty-co-phan-cong-nghe-tai-chinh-encapital-2,5798,S&I Ratings,2026-09-17 15:15:23,2026-05-28
24/04/2026,Công ty Cổ phần Chứng khoán KAFI,Chứng khoán,Tổ chức tài chính,Lần đầu,Tổ chức phát hành,,A,Ổn định,,https://sni-rating.s3.ap-southeast-1.amazonaws.com/wp-content/uploads/2026/04/28163747/KAFI-Public.pdf,,https://sni-rating.s3.ap-southeast-1.amazonaws.com/wp-content/uploads/2026/04/28163739/KAFI-Rating-Report.pdf,https://sniratings.com.vn/?rating=cong-ty-co-phan-chung-khoan-kafi,5575,S&I Ratings,2026-09-17 15:15:23,2026-04-24
24/03/2026,Công ty TNHH Xây dựng Dân dụng Phú Quốc,Bất động sản,Doanh nghiệp,Lần đầu,Công cụ nợ,,A,Ổn định,,https://sni-rating.s3.ap-southeast-1.amazonaws.com/wp-content/uploads/2026/03/26162151/PCC-Bond-Public.pdf,,,https://sniratings.com.vn/?rating=cong-ty-tnhh-xay-dung-dan-dung-phu-quoc-2,5456,S&I Ratings,2026-09-17 15:15:23,2026-03-24
24/03/2026,Công ty TNHH Xây dựng Dân dụng Phú Quốc,Bất động sản,Doanh nghiệp,Lần đầu,Tổ chức phát hành,,BB+,Ổn định,,https://sni-rating.s3.ap-southeast-1.amazonaws.com/wp-content/uploads/2026/03/26161837/PCC-Corporate-Public.pdf,,,https://sniratings.com.vn/?rating=cong-ty-tnhh-xay-dung-dan-dung-phu-quoc,5454,S&I Ratings,2026-09-17 15:15:23,2026-03-24
10/12/2025,Công ty Cổ phần Tập đoàn Đất Xanh,Bất động sản,Doanh nghiệp,Lần đầu,Tổ chức phát hành,,BBB+,Tích cực,,https://sni-rating.s3.ap-southeast-1.amazonaws.com/wp-content/uploads/2025/12/11142639/DXG-Public.pdf,,https://sni-rating.s3.ap-southeast-1.amazonaws.com/wp-content/uploads/2025/12/11091425/DXG-Rating-Report.pdf,https://sniratings.com.vn/?rating=cong-ty-co-phan-tap-doan-dat-xanh,5262,S&I Ratings,2026-09-17 15:15:23,2025-12-10
10/12/2025,Công ty Cổ phần Chứng khoán DNSE,Chứng khoán,Tổ chức tài chính,Giám sát Xếp hạng,,,BBB,Ổn định,,,,,https://sniratings.com.vn/?rating=cong-ty-co-phan-chung-khoan-dnse-2,5258,S&I Ratings,2026-09-17 15:15:23,2025-12-10
28/11/2025,Công ty Cổ phần Công nghệ Tài chính Encapital,Công nghệ thông tin,Doanh nghiệp,Lần đầu,Tổ chức phát hành,,BBB,Ổn định,,https://sni-rating.s3.ap-southeast-1.amazonaws.com/wp-content/uploads/2025/12/01133207/CBTT_XHTN_SI-ENCAP.pdf,,,https://sniratings.com.vn/?rating=cong-ty-co-phan-cong-nghe-tai-chinh-encapital,5239,S&I Ratings,2026-09-17 15:15:23,2025-11-28
10/09/2025,Ngân Hàng TMCP Phương Đông,Ngân hàng,Tổ chức tài chính,Giám sát Xếp hạng,,,A+,Ổn định,,,,,https://sniratings.com.vn/?rating=ngan-hang-tmcp-phuong-dong,4941,S&I Ratings,2026-09-17 15:15:23,2025-09-10
10/06/2025,Công ty Cổ phần Chứng khoán DNSE,Chứng khoán,Tổ chức tài chính,Lần đầu,Tổ chức phát hành,,BBB,Ổn định,,https://sni-rating.s3.ap-southeast-1.amazonaws.com/wp-content/uploads/2025/06/10143529/DNSE-Credit-Report-Summary.pdf,,,https://sniratings.com.vn/?rating=cong-ty-co-phan-chung-khoan-dnse,4708,S&I Ratings,2026-09-17 15:15:23,2025-06-10
10/03/2025,Ngân Hàng TMCP Phương Đông,Ngân hàng,Tổ chức tài chính,Lần đầu,Tổ chức phát hành,,A+,Ổn định,,https://sni-rating.s3.ap-southeast-1.amazonaws.com/wp-content/uploads/2025/03/10163537/OCB-Credit-Report-Summary.pdf,,,https://sniratings.com.vn/?rating=ngan-hang-tmcp-an-binh,591,S&I Ratings,2026-09-17 15:15:23,2025-03-10
27/06/2026,Công ty TNHH Mặt Trời Vũng Tàu,Bất động sản,Doanh nghiệp,Lần đầu,Công cụ nợ,,A-,Ổn định,,https://sni-rating.s3.ap-southeast-1.amazonaws.com/wp-content/uploads/2026/06/29163503/SVT-Public-Scan-1.pdf,,,https://sniratings.com.vn/?rating=cong-ty-tnhh-mat-troi-vung-tau,5793,S&I Ratings,2026-09-18 08:00:29,2026-06-27
10/06/2026,Công ty Cổ phần Bluemarq Group,Bất động sản,Doanh nghiệp,Giám sát Xếp hạng,,,BBB+,Tích cực,,,,,https://sniratings.com.vn/?rating=cong-ty-co-phan-bluemarq-group,5800,S&I Ratings,2026-09-18 08:00:29,2026-06-10
28/05/2026,Công ty Cổ phần Công nghệ Tài chính Encapital,Công nghệ thông tin,Doanh nghiệp,Giám sát Xếp hạng,,,BBB,Ổn định,,,,,https://sniratings.com.vn/?rating=cong-ty-co-phan-cong-nghe-tai-chinh-encapital-2,5798,S&I Ratings,2026-09-18 08:00:29,2026-05-28
24/04/2026,Công ty Cổ phần Chứng khoán KAFI,Chứng khoán,Tổ chức tài chính,Lần đầu,Tổ chức phát hành,,A,Ổn định,,https://sni-rating.s3.ap-southeast-1.amazonaws.com/wp-content/uploads/2026/04/28163747/KAFI-Public.pdf,,https://sni-rating.s3.ap-southeast-1.amazonaws.com/wp-content/uploads/2026/04/28163739/KAFI-Rating-Report.pdf,https://sniratings.com.vn/?rating=cong-ty-co-phan-chung-khoan-kafi,5575,S&I Ratings,2026-09-18 08:00:29,2026-04-24
24/03/2026,Công ty TNHH Xây dựng Dân dụng Phú Quốc,Bất động sản,Doanh nghiệp,Lần đầu,Công cụ nợ,,A,Ổn định,,https://sni-rating.s3.ap-southeast-1.amazonaws.com/wp-content/uploads/2026/03/26162151/PCC-Bond-Public.pdf,,,https://sniratings.com.vn/?rating=cong-ty-tnhh-xay-dung-dan-dung-phu-quoc-2,5456,S&I Ratings,2026-09-18 08:00:29,2026-03-24
24/03/2026,Công ty TNHH Xây dựng Dân dụng Phú Quốc,Bất động sản,Doanh nghiệp,Lần đầu,Tổ chức phát hành,,BB+,Ổn định,,https://sni-rating.s3.ap-southeast-1.amazonaws.com/wp-content/uploads/2026/03/26161837/PCC-Corporate-Public.pdf,,,https://sniratings.com.vn/?rating=cong-ty-tnhh-xay-dung-dan-dung-phu-quoc,5454,S&I Ratings,2026-09-18 08:00:29,2026-03-24
10/12/2025,Công ty Cổ phần Tập đoàn Đất Xanh,Bất động sản,Doanh nghiệp,Lần đầu,Tổ chức phát hành,,BBB+,Tích cực,,https://sni-rating.s3.ap-southeast-1.amazonaws.com/wp-content/uploads/2025/12/11142639/DXG-Public.pdf,,https://sni-rating.s3.ap-southeast-1.amazonaws.com/wp-content/uploads/2025/12/11091425/DXG-Rating-Report.pdf,https://sniratings.com.vn/?rating=cong-ty-co-phan-tap-doan-dat-xanh,5262,S&I Ratings,2026-09-18 08:00:29,2025-12-10
10/12/2025,Công ty Cổ phần Chứng khoán DNSE,Chứng khoán,Tổ chức tài chính,Giám sát Xếp hạng,,,BBB,Ổn định,,,,,https://sniratings.com.vn/?rating=cong-ty-co-phan-chung-khoan-dnse-2,5258,S&I Ratings,2026-09-18 08:00:29,2025-12-10
28/11/2025,Công ty Cổ phần Công nghệ Tài chính Encapital,Công nghệ thông tin,Doanh nghiệp,Lần đầu,Tổ chức phát hành,,BBB,Ổn định,,https://sni-rating.s3.ap-southeast-1.amazonaws.com/wp-content/uploads/2025/12/01133207/CBTT_XHTN_SI-ENCAP.pdf,,,https://sniratings.com.vn/?rating=cong-ty-co-phan-cong-nghe-tai-chinh-encapital,5239,S&I Ratings,2026-09-18 08:00:29,2025-11-28
10/09/2025,Ngân Hàng TMCP Phương Đông,Ngân hàng,Tổ chức tài chính,Giám sát Xếp hạng,,,A+,Ổn định,,,,,https://sniratings.com.vn/?rating=ngan-hang-tmcp-phuong-dong,4941,S&I Ratings,2026-09-18 08:00:29,2025-09-10
10/06/2025,Công ty Cổ phần Chứng khoán DNSE,Chứng khoán,Tổ chức tài chính,Lần đầu,Tổ chức phát hành,,BBB,Ổn định,,https://sni-rating.s3.ap-southeast-1.amazonaws.com/wp-content/uploads/2025/06/10143529/DNSE-Credit-Report-Summary.pdf,,,https://sniratings.com.vn/?rating=cong-ty-co-phan-chung-khoan-dnse,4708,S&I Ratings,2026-09-18 08:00:29,2025-06-10
10/03/2025,Ngân Hàng TMCP Phương Đông,Ngân hàng,Tổ chức tài chính,Lần đầu,Tổ chức phát hành,,A+,Ổn định,,https://sni-rating.s3.ap-southeast-1.amazonaws.com/wp-content/uploads/2025/03/10163537/OCB-Credit-Report-Summary.pdf,,,https://sniratings.com.vn/?rating=ngan-hang-tmcp-an-binh,591,S&I Ratings,2026-09-18 08:00:29,2025-03-10
27/06/2026,Công ty TNHH Mặt Trời Vũng Tàu,Bất động sản,Doanh nghiệp,Lần đầu,Công cụ nợ,,A-,Ổn định,,https://sni-rating.s3.ap-southeast-1.amazonaws.com/wp-content/uploads/2026/06/29163503/SVT-Public-Scan-1.pdf,,,https://sniratings.com.vn/?rating=cong-ty-tnhh-mat-troi-vung-tau,5793,S&I Ratings,2026-09-18 14:38:10,2026-06-27
10/06/2026,Công ty Cổ phần Bluemarq Group,Bất động sản,Doanh nghiệp,Giám sát Xếp hạng,,,BBB+,Tích cực,,,,,https://sniratings.com.vn/?rating=cong-ty-co-phan-bluemarq-group,5800,S&I Ratings,2026-09-18 14:38:10,2026-06-10
28/05/2026,Công ty Cổ phần Công nghệ Tài chính Encapital,Công nghệ thông tin,Doanh nghiệp,Giám sát Xếp hạng,,,BBB,Ổn định,,,,,https://sniratings.com.vn/?rating=cong-ty-co-phan-cong-nghe-tai-chinh-encapital-2,5798,S&I Ratings,2026-09-18 14:38:10,2026-05-28
24/04/2026,Công ty Cổ phần Chứng khoán KAFI,Chứng khoán,Tổ chức tài chính,Lần đầu,Tổ chức phát hành,,A,Ổn định,,https://sni-rating.s3.ap-southeast-1.amazonaws.com/wp-content/uploads/2026/04/28163747/KAFI-Public.pdf,,https://sni-rating.s3.ap-southeast-1.amazonaws.com/wp-content/uploads/2026/04/28163739/KAFI-Rating-Report.pdf,https://sniratings.com.vn/?rating=cong-ty-co-phan-chung-khoan-kafi,5575,S&I Ratings,2026-09-18 14:38:10,2026-04-24
24/03/2026,Công ty TNHH Xây dựng Dân dụng Phú Quốc,Bất động sản,Doanh nghiệp,Lần đầu,Công cụ nợ,,A,Ổn định,,https://sni-rating.s3.ap-southeast-1.amazonaws.com/wp-content/uploads/2026/03/26162151/PCC-Bond-Public.pdf,,,https://sniratings.com.vn/?rating=cong-ty-tnhh-xay-dung-dan-dung-phu-quoc-2,5456,S&I Ratings,2026-09-18 14:38:10,2026-03-24
24/03/2026,Công ty TNHH Xây dựng Dân dụng Phú Quốc,Bất động sản,Doanh nghiệp,Lần đầu,Tổ chức phát hành,,BB+,Ổn định,,https://sni-rating.s3.ap-southeast-1.amazonaws.com/wp-content/uploads/2026/03/26161837/PCC-Corporate-Public.pdf,,,https://sniratings.com.vn/?rating=cong-ty-tnhh-xay-dung-dan-dung-phu-quoc,5454,S&I Ratings,2026-09-18 14:38:10,2026-03-24
10/12/2025,Công ty Cổ phần Tập đoàn Đất Xanh,Bất động sản,Doanh nghiệp,Lần đầu,Tổ chức phát hành,,BBB+,Tích cực,,https://sni-rating.s3.ap-southeast-1.amazonaws.com/wp-content/uploads/2025/12/11142639/DXG-Public.pdf,,https://sni-rating.s3.ap-southeast-1.amazonaws.com/wp-content/uploads/2025/12/11091425/DXG-Rating-Report.pdf,https://sniratings.com.vn/?rating=cong-ty-co-phan-tap-doan-dat-xanh,5262,S&I Ratings,2026-09-18 14:38:10,2025-12-10
10/12/2025,Công ty Cổ phần Chứng khoán DNSE,Chứng khoán,Tổ chức tài chính,Giám sát Xếp hạng,,,BBB,Ổn định,,,,,https://sniratings.com.vn/?rating=cong-ty-co-phan-chung-khoan-dnse-2,5258,S&I Ratings,2026-09-18 14:38:10,2025-12-10
28/11/2025,Công ty Cổ phần Công nghệ Tài chính Encapital,Công nghệ thông tin,Doanh nghiệp,Lần đầu,Tổ chức phát hành,,BBB,Ổn định,,https://sni-rating.s3.ap-southeast-1.amazonaws.com/wp-content/uploads/2025/12/01133207/CBTT_XHTN_SI-ENCAP.pdf,,,https://sniratings.com.vn/?rating=cong-ty-co-phan-cong-nghe-tai-chinh-encapital,5239,S&I Ratings,2026-09-18 14:38:10,2025-11-28
10/09/2025,Ngân Hàng TMCP Phương Đông,Ngân hàng,Tổ chức tài chính,Giám sát Xếp hạng,,,A+,Ổn định,,,,,https://sniratings.com.vn/?rating=ngan-hang-tmcp-phuong-dong,4941,S&I Ratings,2026-09-18 14:38:10,2025-09-10
10/06/2025,Công ty Cổ phần Chứng khoán DNSE,Chứng khoán,Tổ chức tài chính,Lần đầu,Tổ chức phát hành,,BBB,Ổn định,,https://sni-rating.s3.ap-southeast-1.amazonaws.com/wp-content/uploads/2025/06/10143529/DNSE-Credit-Report-Summary.pdf,,,https://sniratings.com.vn/?rating=cong-ty-co-phan-chung-khoan-dnse,4708,S&I Ratings,2026-09-18 14:38:10,2025-06-10
10/03/2025,Ngân Hàng TMCP Phương Đông,Ngân hàng,Tổ chức tài chính,Lần đầu,Tổ chức phát hành,,A+,Ổn định,,https://sni-rating.s3.ap-southeast-1.amazonaws.com/wp-content/uploads/2025/03/10163537/OCB-Credit-Report-Summary.pdf,,,https://sniratings.com.vn/?rating=ngan-hang-tmcp-an-binh,591,S&I Ratings,2026-09-18 14:38:10,2025-03-10
27/06/2026,Công ty TNHH Mặt Trời Vũng Tàu,Bất động sản,Doanh nghiệp,Lần đầu,Công cụ nợ,,A-,Ổn định,,https://sni-rating.s3.ap-southeast-1.amazonaws.com/wp-content/uploads/2026/06/29163503/SVT-Public-Scan-1.pdf,,,https://sniratings.com.vn/?rating=cong-ty-tnhh-mat-troi-vung-tau,5793,S&I Ratings,2026-09-18 07:51:24,2026-06-27
10/06/2026,Công ty Cổ phần Bluemarq Group,Bất động sản,Doanh nghiệp,Giám sát Xếp hạng,,,BBB+,Tích cực,,,,,https://sniratings.com.vn/?rating=cong-ty-co-phan-bluemarq-group,5800,S&I Ratings,2026-09-18 07:51:24,2026-06-10
28/05/2026,Công ty Cổ phần Công nghệ Tài chính Encapital,Công nghệ thông tin,Doanh nghiệp,Giám sát Xếp hạng,,,BBB,Ổn định,,,,,https://sniratings.com.vn/?rating=cong-ty-co-phan-cong-nghe-tai-chinh-encapital-2,5798,S&I Ratings,2026-09-18 07:51:24,2026-05-28
24/04/2026,Công ty Cổ phần Chứng khoán KAFI,Chứng khoán,Tổ chức tài chính,Lần đầu,Tổ chức phát hành,,A,Ổn định,,https://sni-rating.s3.ap-southeast-1.amazonaws.com/wp-content/uploads/2026/04/28163747/KAFI-Public.pdf,,https://sni-rating.s3.ap-southeast-1.amazonaws.com/wp-content/uploads/2026/04/28163739/KAFI-Rating-Report.pdf,https://sniratings.com.vn/?rating=cong-ty-co-phan-chung-khoan-kafi,5575,S&I Ratings,2026-09-18 07:51:24,2026-04-24
24/03/2026,Công ty TNHH Xây dựng Dân dụng Phú Quốc,Bất động sản,Doanh nghiệp,Lần đầu,Công cụ nợ,,A,Ổn định,,https://sni-rating.s3.ap-southeast-1.amazonaws.com/wp-content/uploads/2026/03/26162151/PCC-Bond-Public.pdf,,,https://sniratings.com.vn/?rating=cong-ty-tnhh-xay-dung-dan-dung-phu-quoc-2,5456,S&I Ratings,2026-09-18 07:51:24,2026-03-24
24/03/2026,Công ty TNHH Xây dựng Dân dụng Phú Quốc,Bất động sản,Doanh nghiệp,Lần đầu,Tổ chức phát hành,,BB+,Ổn định,,https://sni-rating.s3.ap-southeast-1.amazonaws.com/wp-content/uploads/2026/03/26161837/PCC-Corporate-Public.pdf,,,https://sniratings.com.vn/?rating=cong-ty-tnhh-xay-dung-dan-dung-phu-quoc,5454,S&I Ratings,2026-09-18 07:51:24,2026-03-24
10/12/2025,Công ty Cổ phần Tập đoàn Đất Xanh,Bất động sản,Doanh nghiệp,Lần đầu,Tổ chức phát hành,,BBB+,Tích cực,,https://sni-rating.s3.ap-southeast-1.amazonaws.com/wp-content/uploads/2025/12/11142639/DXG-Public.pdf,,https://sni-rating.s3.ap-southeast-1.amazonaws.com/wp-content/uploads/2025/12/11091425/DXG-Rating-Report.pdf,https://sniratings.com.vn/?rating=cong-ty-co-phan-tap-doan-dat-xanh,5262,S&I Ratings,2026-09-18 07:51:24,2025-12-10
10/12/2025,Công ty Cổ phần Chứng khoán DNSE,Chứng khoán,Tổ chức tài chính,Giám sát Xếp hạng,,,BBB,Ổn định,,,,,https://sniratings.com.vn/?rating=cong-ty-co-phan-chung-khoan-dnse-2,5258,S&I Ratings,2026-09-18 07:51:24,2025-12-10
28/11/2025,Công ty Cổ phần Công nghệ Tài chính Encapital,Công nghệ thông tin,Doanh nghiệp,Lần đầu,Tổ chức phát hành,,BBB,Ổn định,,https://sni-rating.s3.ap-southeast-1.amazonaws.com/wp-content/uploads/2025/12/01133207/CBTT_XHTN_SI-ENCAP.pdf,,,https://sniratings.com.vn/?rating=cong-ty-co-phan-cong-nghe-tai-chinh-encapital,5239,S&I Ratings,2026-09-18 07:51:24,2025-11-28
10/09/2025,Ngân Hàng TMCP Phương Đông,Ngân hàng,Tổ chức tài chính,Giám sát Xếp hạng,,,A+,Ổn định,,,,,https://sniratings.com.vn/?rating=ngan-hang-tmcp-phuong-dong,4941,S&I Ratings,2026-09-18 07:51:24,2025-09-10
10/06/2025,Công ty Cổ phần Chứng khoán DNSE,Chứng khoán,Tổ chức tài chính,Lần đầu,Tổ chức phát hành,,BBB,Ổn định,,https://sni-rating.s3.ap-southeast-1.amazonaws.com/wp-content/uploads/2025/06/10143529/DNSE-Credit-Report-Summary.pdf,,,https://sniratings.com.vn/?rating=cong-ty-co-phan-chung-khoan-dnse,4708,S&I Ratings,2026-09-18 07:51:24,2025-06-10
10/03/2025,Ngân Hàng TMCP Phương Đông,Ngân hàng,Tổ chức tài chính,Lần đầu,Tổ chức phát hành,,A+,Ổn định,,https://sni-rating.s3.ap-southeast-1.amazonaws.com/wp-content/uploads/2025/03/10163537/OCB-Credit-Report-Summary.pdf,,,https://sniratings.com.vn/?rating=ngan-hang-tmcp-an-binh,591,S&I Ratings,2026-09-18 07:51:24,2025-03-10
27/06/2026,Công ty TNHH Mặt Trời Vũng Tàu,Bất động sản,Doanh nghiệp,Lần đầu,Công cụ nợ,,A-,Ổn định,,https://sni-rating.s3.ap-southeast-1.amazonaws.com/wp-content/uploads/2026/06/29163503/SVT-Public-Scan-1.pdf,,,https://sniratings.com.vn/?rating=cong-ty-tnhh-mat-troi-vung-tau,5793,S&I Ratings,2026-09-18 08:13:38,2026-06-27
10/06/2026,Công ty Cổ phần Bluemarq Group,Bất động sản,Doanh nghiệp,Giám sát Xếp hạng,,,BBB+,Tích cực,,,,,https://sniratings.com.vn/?rating=cong-ty-co-phan-bluemarq-group,5800,S&I Ratings,2026-09-18 08:13:38,2026-06-10
28/05/2026,Công ty Cổ phần Công nghệ Tài chính Encapital,Công nghệ thông tin,Doanh nghiệp,Giám sát Xếp hạng,,,BBB,Ổn định,,,,,https://sniratings.com.vn/?rating=cong-ty-co-phan-cong-nghe-tai-chinh-encapital-2,5798,S&I Ratings,2026-09-18 08:13:38,2026-05-28
24/04/2026,Công ty Cổ phần Chứng khoán KAFI,Chứng khoán,Tổ chức tài chính,Lần đầu,Tổ chức phát hành,,A,Ổn định,,https://sni-rating.s3.ap-southeast-1.amazonaws.com/wp-content/uploads/2026/04/28163747/KAFI-Public.pdf,,https://sni-rating.s3.ap-southeast-1.amazonaws.com/wp-content/uploads/2026/04/28163739/KAFI-Rating-Report.pdf,https://sniratings.com.vn/?rating=cong-ty-co-phan-chung-khoan-kafi,5575,S&I Ratings,2026-09-18 08:13:38,2026-04-24
24/03/2026,Công ty TNHH Xây dựng Dân dụng Phú Quốc,Bất động sản,Doanh nghiệp,Lần đầu,Công cụ nợ,,A,Ổn định,,https://sni-rating.s3.ap-southeast-1.amazonaws.com/wp-content/uploads/2026/03/26162151/PCC-Bond-Public.pdf,,,https://sniratings.com.vn/?rating=cong-ty-tnhh-xay-dung-dan-dung-phu-quoc-2,5456,S&I Ratings,2026-09-18 08:13:38,2026-03-24
24/03/2026,Công ty TNHH Xây dựng Dân dụng Phú Quốc,Bất động sản,Doanh nghiệp,Lần đầu,Tổ chức phát hành,,BB+,Ổn định,,https://sni-rating.s3.ap-southeast-1.amazonaws.com/wp-content/uploads/2026/03/26161837/PCC-Corporate-Public.pdf,,,https://sniratings.com.vn/?rating=cong-ty-tnhh-xay-dung-dan-dung-phu-quoc,5454,S&I Ratings,2026-09-18 08:13:38,2026-03-24
10/12/2025,Công ty Cổ phần Tập đoàn Đất Xanh,Bất động sản,Doanh nghiệp,Lần đầu,Tổ chức phát hành,,BBB+,Tích cực,,https://sni-rating.s3.ap-southeast-1.amazonaws.com/wp-content/uploads/2025/12/11142639/DXG-Public.pdf,,https://sni-rating.s3.ap-southeast-1.amazonaws.com/wp-content/uploads/2025/12/11091425/DXG-Rating-Report.pdf,https://sniratings.com.vn/?rating=cong-ty-co-phan-tap-doan-dat-xanh,5262,S&I Ratings,2026-09-18 08:13:38,2025-12-10
10/12/2025,Công ty Cổ phần Chứng khoán DNSE,Chứng khoán,Tổ chức tài chính,Giám sát Xếp hạng,,,BBB,Ổn định,,,,,https://sniratings.com.vn/?rating=cong-ty-co-phan-chung-khoan-dnse-2,5258,S&I Ratings,2026-09-18 08:13:38,2025-12-10
28/11/2025,Công ty Cổ phần Công nghệ Tài chính Encapital,Công nghệ thông tin,Doanh nghiệp,Lần đầu,Tổ chức phát hành,,BBB,Ổn định,,https://sni-rating.s3.ap-southeast-1.amazonaws.com/wp-content/uploads/2025/12/01133207/CBTT_XHTN_SI-ENCAP.pdf,,,https://sniratings.com.vn/?rating=cong-ty-co-phan-cong-nghe-tai-chinh-encapital,5239,S&I Ratings,2026-09-18 08:13:38,2025-11-28
10/09/2025,Ngân Hàng TMCP Phương Đông,Ngân hàng,Tổ chức tài chính,Giám sát Xếp hạng,,,A+,Ổn định,,,,,https://sniratings.com.vn/?rating=ngan-hang-tmcp-phuong-dong,4941,S&I Ratings,2026-09-18 08:13:38,2025-09-10
10/06/2025,Công ty Cổ phần Chứng khoán DNSE,Chứng khoán,Tổ chức tài chính,Lần đầu,Tổ chức phát hành,,BBB,Ổn định,,https://sni-rating.s3.ap-southeast-1.amazonaws.com/wp-content/uploads/2025/06/10143529/DNSE-Credit-Report-Summary.pdf,,,https://sniratings.com.vn/?rating=cong-ty-co-phan-chung-khoan-dnse,4708,S&I Ratings,2026-09-18 08:13:38,2025-06-10
10/03/2025,Ngân Hàng TMCP Phương Đông,Ngân hàng,Tổ chức tài chính,Lần đầu,Tổ chức phát hành,,A+,Ổn định,,https://sni-rating.s3.ap-southeast-1.amazonaws.com/wp-content/uploads/2025/03/10163537/OCB-Credit-Report-Summary.pdf,,,https://sniratings.com.vn/?rating=ngan-hang-tmcp-an-binh,591,S&I Ratings,2026-09-18 08:13:38,2025-03-10
27/06/2026,Công ty TNHH Mặt Trời Vũng Tàu,Bất động sản,Doanh nghiệp,Lần đầu,Công cụ nợ,,A-,Ổn định,,https://sni-rating.s3.ap-southeast-1.amazonaws.com/wp-content/uploads/2026/06/29163503/SVT-Public-Scan-1.pdf,,,https://sniratings.com.vn/?rating=cong-ty-tnhh-mat-troi-vung-tau,5793,S&I Ratings,2026-09-18 08:21:28,2026-06-27
10/06/2026,Công ty Cổ phần Bluemarq Group,Bất động sản,Doanh nghiệp,Giám sát Xếp hạng,,,BBB+,Tích cực,,,,,https://sniratings.com.vn/?rating=cong-ty-co-phan-bluemarq-group,5800,S&I Ratings,2026-09-18 08:21:28,2026-06-10
28/05/2026,Công ty Cổ phần Công nghệ Tài chính Encapital,Công nghệ thông tin,Doanh nghiệp,Giám sát Xếp hạng,,,BBB,Ổn định,,,,,https://sniratings.com.vn/?rating=cong-ty-co-phan-cong-nghe-tai-chinh-encapital-2,5798,S&I Ratings,2026-09-18 08:21:28,2026-05-28
24/04/2026,Công ty Cổ phần Chứng khoán KAFI,Chứng khoán,Tổ chức tài chính,Lần đầu,Tổ chức phát hành,,A,Ổn định,,https://sni-rating.s3.ap-southeast-1.amazonaws.com/wp-content/uploads/2026/04/28163747/KAFI-Public.pdf,,https://sni-rating.s3.ap-southeast-1.amazonaws.com/wp-content/uploads/2026/04/28163739/KAFI-Rating-Report.pdf,https://sniratings.com.vn/?rating=cong-ty-co-phan-chung-khoan-kafi,5575,S&I Ratings,2026-09-18 08:21:28,2026-04-24
24/03/2026,Công ty TNHH Xây dựng Dân dụng Phú Quốc,Bất động sản,Doanh nghiệp,Lần đầu,Công cụ nợ,,A,Ổn định,,https://sni-rating.s3.ap-southeast-1.amazonaws.com/wp-content/uploads/2026/03/26162151/PCC-Bond-Public.pdf,,,https://sniratings.com.vn/?rating=cong-ty-tnhh-xay-dung-dan-dung-phu-quoc-2,5456,S&I Ratings,2026-09-18 08:21:28,2026-03-24
24/03/2026,Công ty TNHH Xây dựng Dân dụng Phú Quốc,Bất động sản,Doanh nghiệp,Lần đầu,Tổ chức phát hành,,BB+,Ổn định,,https://sni-rating.s3.ap-southeast-1.amazonaws.com/wp-content/uploads/2026/03/26161837/PCC-Corporate-Public.pdf,,,https://sniratings.com.vn/?rating=cong-ty-tnhh-xay-dung-dan-dung-phu-quoc,5454,S&I Ratings,2026-09-18 08:21:28,2026-03-24
10/12/2025,Công ty Cổ phần Tập đoàn Đất Xanh,Bất động sản,Doanh nghiệp,Lần đầu,Tổ chức phát hành,,BBB+,Tích cực,,https://sni-rating.s3.ap-southeast-1.amazonaws.com/wp-content/uploads/2025/12/11142639/DXG-Public.pdf,,https://sni-rating.s3.ap-southeast-1.amazonaws.com/wp-content/uploads/2025/12/11091425/DXG-Rating-Report.pdf,https://sniratings.com.vn/?rating=cong-ty-co-phan-tap-doan-dat-xanh,5262,S&I Ratings,2026-09-18 08:21:28,2025-12-10
10/12/2025,Công ty Cổ phần Chứng khoán DNSE,Chứng khoán,Tổ chức tài chính,Giám sát Xếp hạng,,,BBB,Ổn định,,,,,https://sniratings.com.vn/?rating=cong-ty-co-phan-chung-khoan-dnse-2,5258,S&I Ratings,2026-09-18 08:21:28,2025-12-10
28/11/2025,Công ty Cổ phần Công nghệ Tài chính Encapital,Công nghệ thông tin,Doanh nghiệp,Lần đầu,Tổ chức phát hành,,BBB,Ổn định,,https://sni-rating.s3.ap-southeast-1.amazonaws.com/wp-content/uploads/2025/12/01133207/CBTT_XHTN_SI-ENCAP.pdf,,,https://sniratings.com.vn/?rating=cong-ty-co-phan-cong-nghe-tai-chinh-encapital,5239,S&I Ratings,2026-09-18 08:21:28,2025-11-28
10/09/2025,Ngân Hàng TMCP Phương Đông,Ngân hàng,Tổ chức tài chính,Giám sát Xếp hạng,,,A+,Ổn định,,,,,https://sniratings.com.vn/?rating=ngan-hang-tmcp-phuong-dong,4941,S&I Ratings,2026-09-18 08:21:28,2025-09-10
10/06/2025,Công ty Cổ phần Chứng khoán DNSE,Chứng khoán,Tổ chức tài chính,Lần đầu,Tổ chức phát hành,,BBB,Ổn định,,https://sni-rating.s3.ap-southeast-1.amazonaws.com/wp-content/uploads/2025/06/10143529/DNSE-Credit-Report-Summary.pdf,,,https://sniratings.com.vn/?rating=cong-ty-co-phan-chung-khoan-dnse,4708,S&I Ratings,2026-09-18 08:21:28,2025-06-10
10/03/2025,Ngân Hàng TMCP Phương Đông,Ngân hàng,Tổ chức tài chính,Lần đầu,Tổ chức phát hành,,A+,Ổn định,,https://sni-rating.s3.ap-southeast-1.amazonaws.com/wp-content/uploads/2025/03/10163537/OCB-Credit-Report-Summary.pdf,,,https://sniratings.com.vn/?rating=ngan-hang-tmcp-an-binh,591,S&I Ratings,2026-09-18 08:21:28,2025-03-10
27/06/2026,Công ty TNHH Mặt Trời Vũng Tàu,Bất động sản,Doanh nghiệp,Lần đầu,Công cụ nợ,,A-,Ổn định,,https://sni-rating.s3.ap-southeast-1.amazonaws.com/wp-content/uploads/2026/06/29163503/SVT-Public-Scan-1.pdf,,,https://sniratings.com.vn/?rating=cong-ty-tnhh-mat-troi-vung-tau,5793,S&I Ratings,2026-09-18 08:50:02,2026-06-27
10/06/2026,Công ty Cổ phần Bluemarq Group,Bất động sản,Doanh nghiệp,Giám sát Xếp hạng,,,BBB+,Tích cực,,,,,https://sniratings.com.vn/?rating=cong-ty-co-phan-bluemarq-group,5800,S&I Ratings,2026-09-18 08:50:02,2026-06-10
28/05/2026,Công ty Cổ phần Công nghệ Tài chính Encapital,Công nghệ thông tin,Doanh nghiệp,Giám sát Xếp hạng,,,BBB,Ổn định,,,,,https://sniratings.com.vn/?rating=cong-ty-co-phan-cong-nghe-tai-chinh-encapital-2,5798,S&I Ratings,2026-09-18 08:50:02,2026-05-28
24/04/2026,Công ty Cổ phần Chứng khoán KAFI,Chứng khoán,Tổ chức tài chính,Lần đầu,Tổ chức phát hành,,A,Ổn định,,https://sni-rating.s3.ap-southeast-1.amazonaws.com/wp-content/uploads/2026/04/28163747/KAFI-Public.pdf,,https://sni-rating.s3.ap-southeast-1.amazonaws.com/wp-content/uploads/2026/04/28163739/KAFI-Rating-Report.pdf,https://sniratings.com.vn/?rating=cong-ty-co-phan-chung-khoan-kafi,5575,S&I Ratings,2026-09-18 08:50:02,2026-04-24
24/03/2026,Công ty TNHH Xây dựng Dân dụng Phú Quốc,Bất động sản,Doanh nghiệp,Lần đầu,Công cụ nợ,,A,Ổn định,,https://sni-rating.s3.ap-southeast-1.amazonaws.com/wp-content/uploads/2026/03/26162151/PCC-Bond-Public.pdf,,,https://sniratings.com.vn/?rating=cong-ty-tnhh-xay-dung-dan-dung-phu-quoc-2,5456,S&I Ratings,2026-09-18 08:50:02,2026-03-24
24/03/2026,Công ty TNHH Xây dựng Dân dụng Phú Quốc,Bất động sản,Doanh nghiệp,Lần đầu,Tổ chức phát hành,,BB+,Ổn định,,https://sni-rating.s3.ap-southeast-1.amazonaws.com/wp-content/uploads/2026/03/26161837/PCC-Corporate-Public.pdf,,,https://sniratings.com.vn/?rating=cong-ty-tnhh-xay-dung-dan-dung-phu-quoc,5454,S&I Ratings,2026-09-18 08:50:02,2026-03-24
10/12/2025,Công ty Cổ phần Tập đoàn Đất Xanh,Bất động sản,Doanh nghiệp,Lần đầu,Tổ chức phát hành,,BBB+,Tích cực,,https://sni-rating.s3.ap-southeast-1.amazonaws.com/wp-content/uploads/2025/12/11142639/DXG-Public.pdf,,https://sni-rating.s3.ap-southeast-1.amazonaws.com/wp-content/uploads/2025/12/11091425/DXG-Rating-Report.pdf,https://sniratings.com.vn/?rating=cong-ty-co-phan-tap-doan-dat-xanh,5262,S&I Ratings,2026-09-18 08:50:02,2025-12-10
10/12/2025,Công ty Cổ phần Chứng khoán DNSE,Chứng khoán,Tổ chức tài chính,Giám sát Xếp hạng,,,BBB,Ổn định,,,,,https://sniratings.com.vn/?rating=cong-ty-co-phan-chung-khoan-dnse-2,5258,S&I Ratings,2026-09-18 08:50:02,2025-12-10
28/11/2025,Công ty Cổ phần Công nghệ Tài chính Encapital,Công nghệ thông tin,Doanh nghiệp,Lần đầu,Tổ chức phát hành,,BBB,Ổn định,,https://sni-rating.s3.ap-southeast-1.amazonaws.com/wp-content/uploads/2025/12/01133207/CBTT_XHTN_SI-ENCAP.pdf,,,https://sniratings.com.vn/?rating=cong-ty-co-phan-cong-nghe-tai-chinh-encapital,5239,S&I Ratings,2026-09-18 08:50:02,2025-11-28
10/09/2025,Ngân Hàng TMCP Phương Đông,Ngân hàng,Tổ chức tài chính,Giám sát Xếp hạng,,,A+,Ổn định,,,,,https://sniratings.com.vn/?rating=ngan-hang-tmcp-phuong-dong,4941,S&I Ratings,2026-09-18 08:50:02,2025-09-10
10/06/2025,Công ty Cổ phần Chứng khoán DNSE,Chứng khoán,Tổ chức tài chính,Lần đầu,Tổ chức phát hành,,BBB,Ổn định,,https://sni-rating.s3.ap-southeast-1.amazonaws.com/wp-content/uploads/2025/06/10143529/DNSE-Credit-Report-Summary.pdf,,,https://sniratings.com.vn/?rating=cong-ty-co-phan-chung-khoan-dnse,4708,S&I Ratings,2026-09-18 08:50:02,2025-06-10
10/03/2025,Ngân Hàng TMCP Phương Đông,Ngân hàng,Tổ chức tài chính,Lần đầu,Tổ chức phát hành,,A+,Ổn định,,https://sni-rating.s3.ap-southeast-1.amazonaws.com/wp-content/uploads/2025/03/10163537/OCB-Credit-Report-Summary.pdf,,,https://sniratings.com.vn/?rating=ngan-hang-tmcp-an-binh,591,S&I Ratings,2026-09-18 08:50:02,2025-03-10
27/06/2026,Công ty TNHH Mặt Trời Vũng Tàu,Bất động sản,Doanh nghiệp,Lần đầu,Công cụ nợ,,A-,Ổn định,,https://sni-rating.s3.ap-southeast-1.amazonaws.com/wp-content/uploads/2026/06/29163503/SVT-Public-Scan-1.pdf,,,https://sniratings.com.vn/?rating=cong-ty-tnhh-mat-troi-vung-tau,5793,S&I Ratings,2026-09-18 09:05:42,2026-06-27
10/06/2026,Công ty Cổ phần Bluemarq Group,Bất động sản,Doanh nghiệp,Giám sát Xếp hạng,,,BBB+,Tích cực,,,,,https://sniratings.com.vn/?rating=cong-ty-co-phan-bluemarq-group,5800,S&I Ratings,2026-09-18 09:05:42,2026-06-10
28/05/2026,Công ty Cổ phần Công nghệ Tài chính Encapital,Công nghệ thông tin,Doanh nghiệp,Giám sát Xếp hạng,,,BBB,Ổn định,,,,,https://sniratings.com.vn/?rating=cong-ty-co-phan-cong-nghe-tai-chinh-encapital-2,5798,S&I Ratings,2026-09-18 09:05:42,2026-05-28
24/04/2026,Công ty Cổ phần Chứng khoán KAFI,Chứng khoán,Tổ chức tài chính,Lần đầu,Tổ chức phát hành,,A,Ổn định,,https://sni-rating.s3.ap-southeast-1.amazonaws.com/wp-content/uploads/2026/04/28163747/KAFI-Public.pdf,,https://sni-rating.s3.ap-southeast-1.amazonaws.com/wp-content/uploads/2026/04/28163739/KAFI-Rating-Report.pdf,https://sniratings.com.vn/?rating=cong-ty-co-phan-chung-khoan-kafi,5575,S&I Ratings,2026-09-18 09:05:42,2026-04-24
24/03/2026,Công ty TNHH Xây dựng Dân dụng Phú Quốc,Bất động sản,Doanh nghiệp,Lần đầu,Công cụ nợ,,A,Ổn định,,https://sni-rating.s3.ap-southeast-1.amazonaws.com/wp-content/uploads/2026/03/26162151/PCC-Bond-Public.pdf,,,https://sniratings.com.vn/?rating=cong-ty-tnhh-xay-dung-dan-dung-phu-quoc-2,5456,S&I Ratings,2026-09-18 09:05:42,2026-03-24
24/03/2026,Công ty TNHH Xây dựng Dân dụng Phú Quốc,Bất động sản,Doanh nghiệp,Lần đầu,Tổ chức phát hành,,BB+,Ổn định,,https://sni-rating.s3.ap-southeast-1.amazonaws.com/wp-content/uploads/2026/03/26161837/PCC-Corporate-Public.pdf,,,https://sniratings.com.vn/?rating=cong-ty-tnhh-xay-dung-dan-dung-phu-quoc,5454,S&I Ratings,2026-09-18 09:05:42,2026-03-24
10/12/2025,Công ty Cổ phần Tập đoàn Đất Xanh,Bất động sản,Doanh nghiệp,Lần đầu,Tổ chức phát hành,,BBB+,Tích cực,,https://sni-rating.s3.ap-southeast-1.amazonaws.com/wp-content/uploads/2025/12/11142639/DXG-Public.pdf,,https://sni-rating.s3.ap-southeast-1.amazonaws.com/wp-content/uploads/2025/12/11091425/DXG-Rating-Report.pdf,https://sniratings.com.vn/?rating=cong-ty-co-phan-tap-doan-dat-xanh,5262,S&I Ratings,2026-09-18 09:05:42,2025-12-10
10/12/2025,Công ty Cổ phần Chứng khoán DNSE,Chứng khoán,Tổ chức tài chính,Giám sát Xếp hạng,,,BBB,Ổn định,,,,,https://sniratings.com.vn/?rating=cong-ty-co-phan-chung-khoan-dnse-2,5258,S&I Ratings,2026-09-18 09:05:42,2025-12-10
28/11/2025,Công ty Cổ phần Công nghệ Tài chính Encapital,Công nghệ thông tin,Doanh nghiệp,Lần đầu,Tổ chức phát hành,,BBB,Ổn định,,https://sni-rating.s3.ap-southeast-1.amazonaws.com/wp-content/uploads/2025/12/01133207/CBTT_XHTN_SI-ENCAP.pdf,,,https://sniratings.com.vn/?rating=cong-ty-co-phan-cong-nghe-tai-chinh-encapital,5239,S&I Ratings,2026-09-18 09:05:42,2025-11-28
10/09/2025,Ngân Hàng TMCP Phương Đông,Ngân hàng,Tổ chức tài chính,Giám sát Xếp hạng,,,A+,Ổn định,,,,,https://sniratings.com.vn/?rating=ngan-hang-tmcp-phuong-dong,4941,S&I Ratings,2026-09-18 09:05:42,2025-09-10
10/06/2025,Công ty Cổ phần Chứng khoán DNSE,Chứng khoán,Tổ chức tài chính,Lần đầu,Tổ chức phát hành,,BBB,Ổn định,,https://sni-rating.s3.ap-southeast-1.amazonaws.com/wp-content/uploads/2025/06/10143529/DNSE-Credit-Report-Summary.pdf,,,https://sniratings.com.vn/?rating=cong-ty-co-phan-chung-khoan-dnse,4708,S&I Ratings,2026-09-18 09:05:42,2025-06-10
10/03/2025,Ngân Hàng TMCP Phương Đông,Ngân hàng,Tổ chức tài chính,Lần đầu,Tổ chức phát hành,,A+,Ổn định,,https://sni-rating.s3.ap-southeast-1.amazonaws.com/wp-content/uploads/2025/03/10163537/OCB-Credit-Report-Summary.pdf,,,https://sniratings.com.vn/?rating=ngan-hang-tmcp-an-binh,591,S&I Ratings,2026-09-18 09:05:42,2025-03-10
27/06/2026,Công ty TNHH Mặt Trời Vũng Tàu,Bất động sản,Doanh nghiệp,Lần đầu,Công cụ nợ,,A-,Ổn định,,https://sni-rating.s3.ap-southeast-1.amazonaws.com/wp-content/uploads/2026/06/29163503/SVT-Public-Scan-1.pdf,,,https://sniratings.com.vn/?rating=cong-ty-tnhh-mat-troi-vung-tau,5793,S&I Ratings,2026-09-18 09:22:51,2026-06-27
10/06/2026,Công ty Cổ phần Bluemarq Group,Bất động sản,Doanh nghiệp,Giám sát Xếp hạng,,,BBB+,Tích cực,,,,,https://sniratings.com.vn/?rating=cong-ty-co-phan-bluemarq-group,5800,S&I Ratings,2026-09-18 09:22:51,2026-06-10
28/05/2026,Công ty Cổ phần Công nghệ Tài chính Encapital,Công nghệ thông tin,Doanh nghiệp,Giám sát Xếp hạng,,,BBB,Ổn định,,,,,https://sniratings.com.vn/?rating=cong-ty-co-phan-cong-nghe-tai-chinh-encapital-2,5798,S&I Ratings,2026-09-18 09:22:51,2026-05-28
24/04/2026,Công ty Cổ phần Chứng khoán KAFI,Chứng khoán,Tổ chức tài chính,Lần đầu,Tổ chức phát hành,,A,Ổn định,,https://sni-rating.s3.ap-southeast-1.amazonaws.com/wp-content/uploads/2026/04/28163747/KAFI-Public.pdf,,https://sni-rating.s3.ap-southeast-1.amazonaws.com/wp-content/uploads/2026/04/28163739/KAFI-Rating-Report.pdf,https://sniratings.com.vn/?rating=cong-ty-co-phan-chung-khoan-kafi,5575,S&I Ratings,2026-09-18 09:22:51,2026-04-24
24/03/2026,Công ty TNHH Xây dựng Dân dụng Phú Quốc,Bất động sản,Doanh nghiệp,Lần đầu,Công cụ nợ,,A,Ổn định,,https://sni-rating.s3.ap-southeast-1.amazonaws.com/wp-content/uploads/2026/03/26162151/PCC-Bond-Public.pdf,,,https://sniratings.com.vn/?rating=cong-ty-tnhh-xay-dung-dan-dung-phu-quoc-2,5456,S&I Ratings,2026-09-18 09:22:51,2026-03-24
24/03/2026,Công ty TNHH Xây dựng Dân dụng Phú Quốc,Bất động sản,Doanh nghiệp,Lần đầu,Tổ chức phát hành,,BB+,Ổn định,,https://sni-rating.s3.ap-southeast-1.amazonaws.com/wp-content/uploads/2026/03/26161837/PCC-Corporate-Public.pdf,,,https://sniratings.com.vn/?rating=cong-ty-tnhh-xay-dung-dan-dung-phu-quoc,5454,S&I Ratings,2026-09-18 09:22:51,2026-03-24
10/12/2025,Công ty Cổ phần Tập đoàn Đất Xanh,Bất động sản,Doanh nghiệp,Lần đầu,Tổ chức phát hành,,BBB+,Tích cực,,https://sni-rating.s3.ap-southeast-1.amazonaws.com/wp-content/uploads/2025/12/11142639/DXG-Public.pdf,,https://sni-rating.s3.ap-southeast-1.amazonaws.com/wp-content/uploads/2025/12/11091425/DXG-Rating-Report.pdf,https://sniratings.com.vn/?rating=cong-ty-co-phan-tap-doan-dat-xanh,5262,S&I Ratings,2026-09-18 09:22:51,2025-12-10
10/12/2025,Công ty Cổ phần Chứng khoán DNSE,Chứng khoán,Tổ chức tài chính,Giám sát Xếp hạng,,,BBB,Ổn định,,,,,https://sniratings.com.vn/?rating=cong-ty-co-phan-chung-khoan-dnse-2,5258,S&I Ratings,2026-09-18 09:22:51,2025-12-10
28/11/2025,Công ty Cổ phần Công nghệ Tài chính Encapital,Công nghệ thông tin,Doanh nghiệp,Lần đầu,Tổ chức phát hành,,BBB,Ổn định,,https://sni-rating.s3.ap-southeast-1.amazonaws.com/wp-content/uploads/2025/12/01133207/CBTT_XHTN_SI-ENCAP.pdf,,,https://sniratings.com.vn/?rating=cong-ty-co-phan-cong-nghe-tai-chinh-encapital,5239,S&I Ratings,2026-09-18 09:22:51,2025-11-28
10/09/2025,Ngân Hàng TMCP Phương Đông,Ngân hàng,Tổ chức tài chính,Giám sát Xếp hạng,,,A+,Ổn định,,,,,https://sniratings.com.vn/?rating=ngan-hang-tmcp-phuong-dong,4941,S&I Ratings,2026-09-18 09:22:51,2025-09-10
10/06/2025,Công ty Cổ phần Chứng khoán DNSE,Chứng khoán,Tổ chức tài chính,Lần đầu,Tổ chức phát hành,,BBB,Ổn định,,https://sni-rating.s3.ap-southeast-1.amazonaws.com/wp-content/uploads/2025/06/10143529/DNSE-Credit-Report-Summary.pdf,,,https://sniratings.com.vn/?rating=cong-ty-co-phan-chung-khoan-dnse,4708,S&I Ratings,2026-09-18 09:22:51,2025-06-10
10/03/2025,Ngân Hàng TMCP Phương Đông,Ngân hàng,Tổ chức tài chính,Lần đầu,Tổ chức phát hành,,A+,Ổn định,,https://sni-rating.s3.ap-southeast-1.amazonaws.com/wp-content/uploads/2025/03/10163537/OCB-Credit-Report-Summary.pdf,,,https://sniratings.com.vn/?rating=ngan-hang-tmcp-an-binh,591,S&I Ratings,2026-09-18 09:22:51,2025-03-10
27/06/2026,Công ty TNHH Mặt Trời Vũng Tàu,Bất động sản,Doanh nghiệp,Lần đầu,Công cụ nợ,,A-,Ổn định,,https://sni-rating.s3.ap-southeast-1.amazonaws.com/wp-content/uploads/2026/06/29163503/SVT-Public-Scan-1.pdf,,,https://sniratings.com.vn/?rating=cong-ty-tnhh-mat-troi-vung-tau,5793,S&I Ratings,2026-09-18 13:07:02,2026-06-27
10/06/2026,Công ty Cổ phần Bluemarq Group,Bất động sản,Doanh nghiệp,Giám sát Xếp hạng,,,BBB+,Tích cực,,,,,https://sniratings.com.vn/?rating=cong-ty-co-phan-bluemarq-group,5800,S&I Ratings,2026-09-18 13:07:02,2026-06-10
28/05/2026,Công ty Cổ phần Công nghệ Tài chính Encapital,Công nghệ thông tin,Doanh nghiệp,Giám sát Xếp hạng,,,BBB,Ổn định,,,,,https://sniratings.com.vn/?rating=cong-ty-co-phan-cong-nghe-tai-chinh-encapital-2,5798,S&I Ratings,2026-09-18 13:07:02,2026-05-28
24/04/2026,Công ty Cổ phần Chứng khoán KAFI,Chứng khoán,Tổ chức tài chính,Lần đầu,Tổ chức phát hành,,A,Ổn định,,https://sni-rating.s3.ap-southeast-1.amazonaws.com/wp-content/uploads/2026/04/28163747/KAFI-Public.pdf,,https://sni-rating.s3.ap-southeast-1.amazonaws.com/wp-content/uploads/2026/04/28163739/KAFI-Rating-Report.pdf,https://sniratings.com.vn/?rating=cong-ty-co-phan-chung-khoan-kafi,5575,S&I Ratings,2026-09-18 13:07:02,2026-04-24
24/03/2026,Công ty TNHH Xây dựng Dân dụng Phú Quốc,Bất động sản,Doanh nghiệp,Lần đầu,Công cụ nợ,,A,Ổn định,,https://sni-rating.s3.ap-southeast-1.amazonaws.com/wp-content/uploads/2026/03/26162151/PCC-Bond-Public.pdf,,,https://sniratings.com.vn/?rating=cong-ty-tnhh-xay-dung-dan-dung-phu-quoc-2,5456,S&I Ratings,2026-09-18 13:07:02,2026-03-24
24/03/2026,Công ty TNHH Xây dựng Dân dụng Phú Quốc,Bất động sản,Doanh nghiệp,Lần đầu,Tổ chức phát hành,,BB+,Ổn định,,https://sni-rating.s3.ap-southeast-1.amazonaws.com/wp-content/uploads/2026/03/26161837/PCC-Corporate-Public.pdf,,,https://sniratings.com.vn/?rating=cong-ty-tnhh-xay-dung-dan-dung-phu-quoc,5454,S&I Ratings,2026-09-18 13:07:02,2026-03-24
10/12/2025,Công ty Cổ phần Tập đoàn Đất Xanh,Bất động sản,Doanh nghiệp,Lần đầu,Tổ chức phát hành,,BBB+,Tích cực,,https://sni-rating.s3.ap-southeast-1.amazonaws.com/wp-content/uploads/2025/12/11142639/DXG-Public.pdf,,https://sni-rating.s3.ap-southeast-1.amazonaws.com/wp-content/uploads/2025/12/11091425/DXG-Rating-Report.pdf,https://sniratings.com.vn/?rating=cong-ty-co-phan-tap-doan-dat-xanh,5262,S&I Ratings,2026-09-18 13:07:02,2025-12-10
10/12/2025,Công ty Cổ phần Chứng khoán DNSE,Chứng khoán,Tổ chức tài chính,Giám sát Xếp hạng,,,BBB,Ổn định,,,,,https://sniratings.com.vn/?rating=cong-ty-co-phan-chung-khoan-dnse-2,5258,S&I Ratings,2026-09-18 13:07:02,2025-12-10
28/11/2025,Công ty Cổ phần Công nghệ Tài chính Encapital,Công nghệ thông tin,Doanh nghiệp,Lần đầu,Tổ chức phát hành,,BBB,Ổn định,,https://sni-rating.s3.ap-southeast-1.amazonaws.com/wp-content/uploads/2025/12/01133207/CBTT_XHTN_SI-ENCAP.pdf,,,https://sniratings.com.vn/?rating=cong-ty-co-phan-cong-nghe-tai-chinh-encapital,5239,S&I Ratings,2026-09-18 13:07:02,2025-11-28
10/09/2025,Ngân Hàng TMCP Phương Đông,Ngân hàng,Tổ chức tài chính,Giám sát Xếp hạng,,,A+,Ổn định,,,,,https://sniratings.com.vn/?rating=ngan-hang-tmcp-phuong-dong,4941,S&I Ratings,2026-09-18 13:07:02,2025-09-10
10/06/2025,Công ty Cổ phần Chứng khoán DNSE,Chứng khoán,Tổ chức tài chính,Lần đầu,Tổ chức phát hành,,BBB,Ổn định,,https://sni-rating.s3.ap-southeast-1.amazonaws.com/wp-content/uploads/2025/06/10143529/DNSE-Credit-Report-Summary.pdf,,,https://sniratings.com.vn/?rating=cong-ty-co-phan-chung-khoan-dnse,4708,S&I Ratings,2026-09-18 13:07:02,2025-06-10
10/03/2025,Ngân Hàng TMCP Phương Đông,Ngân hàng,Tổ chức tài chính,Lần đầu,Tổ chức phát hành,,A+,Ổn định,,https://sni-rating.s3.ap-southeast-1.amazonaws.com/wp-content/uploads/2025/03/10163537/OCB-Credit-Report-Summary.pdf,,,https://sniratings.com.vn/?rating=ngan-hang-tmcp-an-binh,591,S&I Ratings,2026-09-18 13:07:02,2025-03-10
27/06/2026,Công ty TNHH Mặt Trời Vũng Tàu,Bất động sản,Doanh nghiệp,Lần đầu,Công cụ nợ,,A-,Ổn định,,https://sni-rating.s3.ap-southeast-1.amazonaws.com/wp-content/uploads/2026/06/29163503/SVT-Public-Scan-1.pdf,,,https://sniratings.com.vn/?rating=cong-ty-tnhh-mat-troi-vung-tau,5793,S&I Ratings,2026-09-19 08:16:12,2026-06-27
10/06/2026,Công ty Cổ phần Bluemarq Group,Bất động sản,Doanh nghiệp,Giám sát Xếp hạng,,,BBB+,Tích cực,,,,,https://sniratings.com.vn/?rating=cong-ty-co-phan-bluemarq-group,5800,S&I Ratings,2026-09-19 08:16:12,2026-06-10
28/05/2026,Công ty Cổ phần Công nghệ Tài chính Encapital,Công nghệ thông tin,Doanh nghiệp,Giám sát Xếp hạng,,,BBB,Ổn định,,,,,https://sniratings.com.vn/?rating=cong-ty-co-phan-cong-nghe-tai-chinh-encapital-2,5798,S&I Ratings,2026-09-19 08:16:12,2026-05-28
24/04/2026,Công ty Cổ phần Chứng khoán KAFI,Chứng khoán,Tổ chức tài chính,Lần đầu,Tổ chức phát hành,,A,Ổn định,,https://sni-rating.s3.ap-southeast-1.amazonaws.com/wp-content/uploads/2026/04/28163747/KAFI-Public.pdf,,https://sni-rating.s3.ap-southeast-1.amazonaws.com/wp-content/uploads/2026/04/28163739/KAFI-Rating-Report.pdf,https://sniratings.com.vn/?rating=cong-ty-co-phan-chung-khoan-kafi,5575,S&I Ratings,2026-09-19 08:16:12,2026-04-24
24/03/2026,Công ty TNHH Xây dựng Dân dụng Phú Quốc,Bất động sản,Doanh nghiệp,Lần đầu,Công cụ nợ,,A,Ổn định,,https://sni-rating.s3.ap-southeast-1.amazonaws.com/wp-content/uploads/2026/03/26162151/PCC-Bond-Public.pdf,,,https://sniratings.com.vn/?rating=cong-ty-tnhh-xay-dung-dan-dung-phu-quoc-2,5456,S&I Ratings,2026-09-19 08:16:12,2026-03-24
24/03/2026,Công ty TNHH Xây dựng Dân dụng Phú Quốc,Bất động sản,Doanh nghiệp,Lần đầu,Tổ chức phát hành,,BB+,Ổn định,,https://sni-rating.s3.ap-southeast-1.amazonaws.com/wp-content/uploads/2026/03/26161837/PCC-Corporate-Public.pdf,,,https://sniratings.com.vn/?rating=cong-ty-tnhh-xay-dung-dan-dung-phu-quoc,5454,S&I Ratings,2026-09-19 08:16:12,2026-03-24
10/12/2025,Công ty Cổ phần Tập đoàn Đất Xanh,Bất động sản,Doanh nghiệp,Lần đầu,Tổ chức phát hành,,BBB+,Tích cực,,https://sni-rating.s3.ap-southeast-1.amazonaws.com/wp-content/uploads/2025/12/11142639/DXG-Public.pdf,,https://sni-rating.s3.ap-southeast-1.amazonaws.com/wp-content/uploads/2025/12/11091425/DXG-Rating-Report.pdf,https://sniratings.com.vn/?rating=cong-ty-co-phan-tap-doan-dat-xanh,5262,S&I Ratings,2026-09-19 08:16:12,2025-12-10
10/12/2025,Công ty Cổ phần Chứng khoán DNSE,Chứng khoán,Tổ chức tài chính,Giám sát Xếp hạng,,,BBB,Ổn định,,,,,https://sniratings.com.vn/?rating=cong-ty-co-phan-chung-khoan-dnse-2,5258,S&I Ratings,2026-09-19 08:16:12,2025-12-10
28/11/2025,Công ty Cổ phần Công nghệ Tài chính Encapital,Công nghệ thông tin,Doanh nghiệp,Lần đầu,Tổ chức phát hành,,BBB,Ổn định,,https://sni-rating.s3.ap-southeast-1.amazonaws.com/wp-content/uploads/2025/12/01133207/CBTT_XHTN_SI-ENCAP.pdf,,,https://sniratings.com.vn/?rating=cong-ty-co-phan-cong-nghe-tai-chinh-encapital,5239,S&I Ratings,2026-09-19 08:16:12,2025-11-28
10/09/2025,Ngân Hàng TMCP Phương Đông,Ngân hàng,Tổ chức tài chính,Giám sát Xếp hạng,,,A+,Ổn định,,,,,https://sniratings.com.vn/?rating=ngan-hang-tmcp-phuong-dong,4941,S&I Ratings,2026-09-19 08:16:12,2025-09-10
10/06/2025,Công ty Cổ phần Chứng khoán DNSE,Chứng khoán,Tổ chức tài chính,Lần đầu,Tổ chức phát hành,,BBB,Ổn định,,https://sni-rating.s3.ap-southeast-1.amazonaws.com/wp-content/uploads/2025/06/10143529/DNSE-Credit-Report-Summary.pdf,,,https://sniratings.com.vn/?rating=cong-ty-co-phan-chung-khoan-dnse,4708,S&I Ratings,2026-09-19 08:16:12,2025-06-10
10/03/2025,Ngân Hàng TMCP Phương Đông,Ngân hàng,Tổ chức tài chính,Lần đầu,Tổ chức phát hành,,A+,Ổn định,,https://sni-rating.s3.ap-southeast-1.amazonaws.com/wp-content/uploads/2025/03/10163537/OCB-Credit-Report-Summary.pdf,,,https://sniratings.com.vn/?rating=ngan-hang-tmcp-an-binh,591,S&I Ratings,2026-09-19 08:16:12,2025-03-10
27/06/2026,Công ty TNHH Mặt Trời Vũng Tàu,Bất động sản,Doanh nghiệp,Lần đầu,Công cụ nợ,,A-,Ổn định,,https://sni-rating.s3.ap-southeast-1.amazonaws.com/wp-content/uploads/2026/06/29163503/SVT-Public-Scan-1.pdf,,,https://sniratings.com.vn/?rating=cong-ty-tnhh-mat-troi-vung-tau,5793,S&I Ratings,2026-09-20 08:47:55,2026-06-27
10/06/2026,Công ty Cổ phần Bluemarq Group,Bất động sản,Doanh nghiệp,Giám sát Xếp hạng,,,BBB+,Tích cực,,,,,https://sniratings.com.vn/?rating=cong-ty-co-phan-bluemarq-group,5800,S&I Ratings,2026-09-20 08:47:55,2026-06-10
28/05/2026,Công ty Cổ phần Công nghệ Tài chính Encapital,Công nghệ thông tin,Doanh nghiệp,Giám sát Xếp hạng,,,BBB,Ổn định,,,,,https://sniratings.com.vn/?rating=cong-ty-co-phan-cong-nghe-tai-chinh-encapital-2,5798,S&I Ratings,2026-09-20 08:47:55,2026-05-28
24/04/2026,Công ty Cổ phần Chứng khoán KAFI,Chứng khoán,Tổ chức tài chính,Lần đầu,Tổ chức phát hành,,A,Ổn định,,https://sni-rating.s3.ap-southeast-1.amazonaws.com/wp-content/uploads/2026/04/28163747/KAFI-Public.pdf,,https://sni-rating.s3.ap-southeast-1.amazonaws.com/wp-content/uploads/2026/04/28163739/KAFI-Rating-Report.pdf,https://sniratings.com.vn/?rating=cong-ty-co-phan-chung-khoan-kafi,5575,S&I Ratings,2026-09-20 08:47:55,2026-04-24
24/03/2026,Công ty TNHH Xây dựng Dân dụng Phú Quốc,Bất động sản,Doanh nghiệp,Lần đầu,Công cụ nợ,,A,Ổn định,,https://sni-rating.s3.ap-southeast-1.amazonaws.com/wp-content/uploads/2026/03/26162151/PCC-Bond-Public.pdf,,,https://sniratings.com.vn/?rating=cong-ty-tnhh-xay-dung-dan-dung-phu-quoc-2,5456,S&I Ratings,2026-09-20 08:47:55,2026-03-24
24/03/2026,Công ty TNHH Xây dựng Dân dụng Phú Quốc,Bất động sản,Doanh nghiệp,Lần đầu,Tổ chức phát hành,,BB+,Ổn định,,https://sni-rating.s3.ap-southeast-1.amazonaws.com/wp-content/uploads/2026/03/26161837/PCC-Corporate-Public.pdf,,,https://sniratings.com.vn/?rating=cong-ty-tnhh-xay-dung-dan-dung-phu-quoc,5454,S&I Ratings,2026-09-20 08:47:55,2026-03-24
10/12/2025,Công ty Cổ phần Tập đoàn Đất Xanh,Bất động sản,Doanh nghiệp,Lần đầu,Tổ chức phát hành,,BBB+,Tích cực,,https://sni-rating.s3.ap-southeast-1.amazonaws.com/wp-content/uploads/2025/12/11142639/DXG-Public.pdf,,https://sni-rating.s3.ap-southeast-1.amazonaws.com/wp-content/uploads/2025/12/11091425/DXG-Rating-Report.pdf,https://sniratings.com.vn/?rating=cong-ty-co-phan-tap-doan-dat-xanh,5262,S&I Ratings,2026-09-20 08:47:55,2025-12-10
10/12/2025,Công ty Cổ phần Chứng khoán DNSE,Chứng khoán,Tổ chức tài chính,Giám sát Xếp hạng,,,BBB,Ổn định,,,,,https://sniratings.com.vn/?rating=cong-ty-co-phan-chung-khoan-dnse-2,5258,S&I Ratings,2026-09-20 08:47:55,2025-12-10
28/11/2025,Công ty Cổ phần Công nghệ Tài chính Encapital,Công nghệ thông tin,Doanh nghiệp,Lần đầu,Tổ chức phát hành,,BBB,Ổn định,,https://sni-rating.s3.ap-southeast-1.amazonaws.com/wp-content/uploads/2025/12/01133207/CBTT_XHTN_SI-ENCAP.pdf,,,https://sniratings.com.vn/?rating=cong-ty-co-phan-cong-nghe-tai-chinh-encapital,5239,S&I Ratings,2026-09-20 08:47:55,2025-11-28
10/09/2025,Ngân Hàng TMCP Phương Đông,Ngân hàng,Tổ chức tài chính,Giám sát Xếp hạng,,,A+,Ổn định,,,,,https://sniratings.com.vn/?rating=ngan-hang-tmcp-phuong-dong,4941,S&I Ratings,2026-09-20 08:47:55,2025-09-10
10/06/2025,Công ty Cổ phần Chứng khoán DNSE,Chứng khoán,Tổ chức tài chính,Lần đầu,Tổ chức phát hành,,BBB,Ổn định,,https://sni-rating.s3.ap-southeast-1.amazonaws.com/wp-content/uploads/2025/06/10143529/DNSE-Credit-Report-Summary.pdf,,,https://sniratings.com.vn/?rating=cong-ty-co-phan-chung-khoan-dnse,4708,S&I Ratings,2026-09-20 08:47:55,2025-06-10
10/03/2025,Ngân Hàng TMCP Phương Đông,Ngân hàng,Tổ chức tài chính,Lần đầu,Tổ chức phát hành,,A+,Ổn định,,https://sni-rating.s3.ap-southeast-1.amazonaws.com/wp-content/uploads/2025/03/10163537/OCB-Credit-Report-Summary.pdf,,,https://sniratings.com.vn/?rating=ngan-hang-tmcp-an-binh,591,S&I Ratings,2026-09-20 08:47:55,2025-03-10
27/06/2026,Công ty TNHH Mặt Trời Vũng Tàu,Bất động sản,Doanh nghiệp,Lần đầu,Công cụ nợ,,A-,Ổn định,,https://sni-rating.s3.ap-southeast-1.amazonaws.com/wp-content/uploads/2026/06/29163503/SVT-Public-Scan-1.pdf,,,https://sniratings.com.vn/?rating=cong-ty-tnhh-mat-troi-vung-tau,5793,S&I Ratings,2026-09-20 13:11:47,2026-06-27
10/06/2026,Công ty Cổ phần Bluemarq Group,Bất động sản,Doanh nghiệp,Giám sát Xếp hạng,,,BBB+,Tích cực,,,,,https://sniratings.com.vn/?rating=cong-ty-co-phan-bluemarq-group,5800,S&I Ratings,2026-09-20 13:11:47,2026-06-10
28/05/2026,Công ty Cổ phần Công nghệ Tài chính Encapital,Công nghệ thông tin,Doanh nghiệp,Giám sát Xếp hạng,,,BBB,Ổn định,,,,,https://sniratings.com.vn/?rating=cong-ty-co-phan-cong-nghe-tai-chinh-encapital-2,5798,S&I Ratings,2026-09-20 13:11:47,2026-05-28
24/04/2026,Công ty Cổ phần Chứng khoán KAFI,Chứng khoán,Tổ chức tài chính,Lần đầu,Tổ chức phát hành,,A,Ổn định,,https://sni-rating.s3.ap-southeast-1.amazonaws.com/wp-content/uploads/2026/04/28163747/KAFI-Public.pdf,,https://sni-rating.s3.ap-southeast-1.amazonaws.com/wp-content/uploads/2026/04/28163739/KAFI-Rating-Report.pdf,https://sniratings.com.vn/?rating=cong-ty-co-phan-chung-khoan-kafi,5575,S&I Ratings,2026-09-20 13:11:47,2026-04-24
24/03/2026,Công ty TNHH Xây dựng Dân dụng Phú Quốc,Bất động sản,Doanh nghiệp,Lần đầu,Công cụ nợ,,A,Ổn định,,https://sni-rating.s3.ap-southeast-1.amazonaws.com/wp-content/uploads/2026/03/26162151/PCC-Bond-Public.pdf,,,https://sniratings.com.vn/?rating=cong-ty-tnhh-xay-dung-dan-dung-phu-quoc-2,5456,S&I Ratings,2026-09-20 13:11:47,2026-03-24
24/03/2026,Công ty TNHH Xây dựng Dân dụng Phú Quốc,Bất động sản,Doanh nghiệp,Lần đầu,Tổ chức phát hành,,BB+,Ổn định,,https://sni-rating.s3.ap-southeast-1.amazonaws.com/wp-content/uploads/2026/03/26161837/PCC-Corporate-Public.pdf,,,https://sniratings.com.vn/?rating=cong-ty-tnhh-xay-dung-dan-dung-phu-quoc,5454,S&I Ratings,2026-09-20 13:11:47,2026-03-24
10/12/2025,Công ty Cổ phần Tập đoàn Đất Xanh,Bất động sản,Doanh nghiệp,Lần đầu,Tổ chức phát hành,,BBB+,Tích cực,,https://sni-rating.s3.ap-southeast-1.amazonaws.com/wp-content/uploads/2025/12/11142639/DXG-Public.pdf,,https://sni-rating.s3.ap-southeast-1.amazonaws.com/wp-content/uploads/2025/12/11091425/DXG-Rating-Report.pdf,https://sniratings.com.vn/?rating=cong-ty-co-phan-tap-doan-dat-xanh,5262,S&I Ratings,2026-09-20 13:11:47,2025-12-10
10/12/2025,Công ty Cổ phần Chứng khoán DNSE,Chứng khoán,Tổ chức tài chính,Giám sát Xếp hạng,,,BBB,Ổn định,,,,,https://sniratings.com.vn/?rating=cong-ty-co-phan-chung-khoan-dnse-2,5258,S&I Ratings,2026-09-20 13:11:47,2025-12-10
28/11/2025,Công ty Cổ phần Công nghệ Tài chính Encapital,Công nghệ thông tin,Doanh nghiệp,Lần đầu,Tổ chức phát hành,,BBB,Ổn định,,https://sni-rating.s3.ap-southeast-1.amazonaws.com/wp-content/uploads/2025/12/01133207/CBTT_XHTN_SI-ENCAP.pdf,,,https://sniratings.com.vn/?rating=cong-ty-co-phan-cong-nghe-tai-chinh-encapital,5239,S&I Ratings,2026-09-20 13:11:47,2025-11-28
10/09/2025,Ngân Hàng TMCP Phương Đông,Ngân hàng,Tổ chức tài chính,Giám sát Xếp hạng,,,A+,Ổn định,,,,,https://sniratings.com.vn/?rating=ngan-hang-tmcp-phuong-dong,4941,S&I Ratings,2026-09-20 13:11:47,2025-09-10
10/06/2025,Công ty Cổ phần Chứng khoán DNSE,Chứng khoán,Tổ chức tài chính,Lần đầu,Tổ chức phát hành,,BBB,Ổn định,,https://sni-rating.s3.ap-southeast-1.amazonaws.com/wp-content/uploads/2025/06/10143529/DNSE-Credit-Report-Summary.pdf,,,https://sniratings.com.vn/?rating=cong-ty-co-phan-chung-khoan-dnse,4708,S&I Ratings,2026-09-20 13:11:47,2025-06-10
10/03/2025,Ngân Hàng TMCP Phương Đông,Ngân hàng,Tổ chức tài chính,Lần đầu,Tổ chức phát hành,,A+,Ổn định,,https://sni-rating.s3.ap-southeast-1.amazonaws.com/wp-content/uploads/2025/03/10163537/OCB-Credit-Report-Summary.pdf,,,https://sniratings.com.vn/?rating=ngan-hang-tmcp-an-binh,591,S&I Ratings,2026-09-20 13:11:47,2025-03-10
27/06/2026,Công ty TNHH Mặt Trời Vũng Tàu,Bất động sản,Doanh nghiệp,Lần đầu,Công cụ nợ,,A-,Ổn định,,https://sni-rating.s3.ap-southeast-1.amazonaws.com/wp-content/uploads/2026/06/29163503/SVT-Public-Scan-1.pdf,,,https://sniratings.com.vn/?rating=cong-ty-tnhh-mat-troi-vung-tau,5793,S&I Ratings,2026-09-21 01:46:20,2026-06-27
10/06/2026,Công ty Cổ phần Bluemarq Group,Bất động sản,Doanh nghiệp,Giám sát Xếp hạng,,,BBB+,Tích cực,,,,,https://sniratings.com.vn/?rating=cong-ty-co-phan-bluemarq-group,5800,S&I Ratings,2026-09-21 01:46:20,2026-06-10
28/05/2026,Công ty Cổ phần Công nghệ Tài chính Encapital,Công nghệ thông tin,Doanh nghiệp,Giám sát Xếp hạng,,,BBB,Ổn định,,,,,https://sniratings.com.vn/?rating=cong-ty-co-phan-cong-nghe-tai-chinh-encapital-2,5798,S&I Ratings,2026-09-21 01:46:20,2026-05-28
24/04/2026,Công ty Cổ phần Chứng khoán KAFI,Chứng khoán,Tổ chức tài chính,Lần đầu,Tổ chức phát hành,,A,Ổn định,,https://sni-rating.s3.ap-southeast-1.amazonaws.com/wp-content/uploads/2026/04/28163747/KAFI-Public.pdf,,https://sni-rating.s3.ap-southeast-1.amazonaws.com/wp-content/uploads/2026/04/28163739/KAFI-Rating-Report.pdf,https://sniratings.com.vn/?rating=cong-ty-co-phan-chung-khoan-kafi,5575,S&I Ratings,2026-09-21 01:46:20,2026-04-24
24/03/2026,Công ty TNHH Xây dựng Dân dụng Phú Quốc,Bất động sản,Doanh nghiệp,Lần đầu,Công cụ nợ,,A,Ổn định,,https://sni-rating.s3.ap-southeast-1.amazonaws.com/wp-content/uploads/2026/03/26162151/PCC-Bond-Public.pdf,,,https://sniratings.com.vn/?rating=cong-ty-tnhh-xay-dung-dan-dung-phu-quoc-2,5456,S&I Ratings,2026-09-21 01:46:20,2026-03-24
24/03/2026,Công ty TNHH Xây dựng Dân dụng Phú Quốc,Bất động sản,Doanh nghiệp,Lần đầu,Tổ chức phát hành,,BB+,Ổn định,,https://sni-rating.s3.ap-southeast-1.amazonaws.com/wp-content/uploads/2026/03/26161837/PCC-Corporate-Public.pdf,,,https://sniratings.com.vn/?rating=cong-ty-tnhh-xay-dung-dan-dung-phu-quoc,5454,S&I Ratings,2026-09-21 01:46:20,2026-03-24
10/12/2025,Công ty Cổ phần Tập đoàn Đất Xanh,Bất động sản,Doanh nghiệp,Lần đầu,Tổ chức phát hành,,BBB+,Tích cực,,https://sni-rating.s3.ap-southeast-1.amazonaws.com/wp-content/uploads/2025/12/11142639/DXG-Public.pdf,,https://sni-rating.s3.ap-southeast-1.amazonaws.com/wp-content/uploads/2025/12/11091425/DXG-Rating-Report.pdf,https://sniratings.com.vn/?rating=cong-ty-co-phan-tap-doan-dat-xanh,5262,S&I Ratings,2026-09-21 01:46:20,2025-12-10
10/12/2025,Công ty Cổ phần Chứng khoán DNSE,Chứng khoán,Tổ chức tài chính,Giám sát Xếp hạng,,,BBB,Ổn định,,,,,https://sniratings.com.vn/?rating=cong-ty-co-phan-chung-khoan-dnse-2,5258,S&I Ratings,2026-09-21 01:46:20,2025-12-10
28/11/2025,Công ty Cổ phần Công nghệ Tài chính Encapital,Công nghệ thông tin,Doanh nghiệp,Lần đầu,Tổ chức phát hành,,BBB,Ổn định,,https://sni-rating.s3.ap-southeast-1.amazonaws.com/wp-content/uploads/2025/12/01133207/CBTT_XHTN_SI-ENCAP.pdf,,,https://sniratings.com.vn/?rating=cong-ty-co-phan-cong-nghe-tai-chinh-encapital,5239,S&I Ratings,2026-09-21 01:46:20,2025-11-28
10/09/2025,Ngân Hàng TMCP Phương Đông,Ngân hàng,Tổ chức tài chính,Giám sát Xếp hạng,,,A+,Ổn định,,,,,https://sniratings.com.vn/?rating=ngan-hang-tmcp-phuong-dong,4941,S&I Ratings,2026-09-21 01:46:20,2025-09-10
10/06/2025,Công ty Cổ phần Chứng khoán DNSE,Chứng khoán,Tổ chức tài chính,Lần đầu,Tổ chức phát hành,,BBB,Ổn định,,https://sni-rating.s3.ap-southeast-1.amazonaws.com/wp-content/uploads/2025/06/10143529/DNSE-Credit-Report-Summary.pdf,,,https://sniratings.com.vn/?rating=cong-ty-co-phan-chung-khoan-dnse,4708,S&I Ratings,2026-09-21 01:46:20,2025-06-10
10/03/2025,Ngân Hàng TMCP Phương Đông,Ngân hàng,Tổ chức tài chính,Lần đầu,Tổ chức phát hành,,A+,Ổn định,,https://sni-rating.s3.ap-southeast-1.amazonaws.com/wp-content/uploads/2025/03/10163537/OCB-Credit-Report-Summary.pdf,,,https://sniratings.com.vn/?rating=ngan-hang-tmcp-an-binh,591,S&I Ratings,2026-09-21 01:46:20,2025-03-10
27/06/2026,Công ty TNHH Mặt Trời Vũng Tàu,Bất động sản,Doanh nghiệp,Lần đầu,Công cụ nợ,,A-,Ổn định,,https://sni-rating.s3.ap-southeast-1.amazonaws.com/wp-content/uploads/2026/06/29163503/SVT-Public-Scan-1.pdf,,,https://sniratings.com.vn/?rating=cong-ty-tnhh-mat-troi-vung-tau,5793,S&I Ratings,2026-09-21 09:15:49,2026-06-27
10/06/2026,Công ty Cổ phần Bluemarq Group,Bất động sản,Doanh nghiệp,Giám sát Xếp hạng,,,BBB+,Tích cực,,,,,https://sniratings.com.vn/?rating=cong-ty-co-phan-bluemarq-group,5800,S&I Ratings,2026-09-21 09:15:49,2026-06-10
28/05/2026,Công ty Cổ phần Công nghệ Tài chính Encapital,Công nghệ thông tin,Doanh nghiệp,Giám sát Xếp hạng,,,BBB,Ổn định,,,,,https://sniratings.com.vn/?rating=cong-ty-co-phan-cong-nghe-tai-chinh-encapital-2,5798,S&I Ratings,2026-09-21 09:15:49,2026-05-28
24/04/2026,Công ty Cổ phần Chứng khoán KAFI,Chứng khoán,Tổ chức tài chính,Lần đầu,Tổ chức phát hành,,A,Ổn định,,https://sni-rating.s3.ap-southeast-1.amazonaws.com/wp-content/uploads/2026/04/28163747/KAFI-Public.pdf,,https://sni-rating.s3.ap-southeast-1.amazonaws.com/wp-content/uploads/2026/04/28163739/KAFI-Rating-Report.pdf,https://sniratings.com.vn/?rating=cong-ty-co-phan-chung-khoan-kafi,5575,S&I Ratings,2026-09-21 09:15:49,2026-04-24
24/03/2026,Công ty TNHH Xây dựng Dân dụng Phú Quốc,Bất động sản,Doanh nghiệp,Lần đầu,Công cụ nợ,,A,Ổn định,,https://sni-rating.s3.ap-southeast-1.amazonaws.com/wp-content/uploads/2026/03/26162151/PCC-Bond-Public.pdf,,,https://sniratings.com.vn/?rating=cong-ty-tnhh-xay-dung-dan-dung-phu-quoc-2,5456,S&I Ratings,2026-09-21 09:15:49,2026-03-24
24/03/2026,Công ty TNHH Xây dựng Dân dụng Phú Quốc,Bất động sản,Doanh nghiệp,Lần đầu,Tổ chức phát hành,,BB+,Ổn định,,https://sni-rating.s3.ap-southeast-1.amazonaws.com/wp-content/uploads/2026/03/26161837/PCC-Corporate-Public.pdf,,,https://sniratings.com.vn/?rating=cong-ty-tnhh-xay-dung-dan-dung-phu-quoc,5454,S&I Ratings,2026-09-21 09:15:49,2026-03-24
10/12/2025,Công ty Cổ phần Tập đoàn Đất Xanh,Bất động sản,Doanh nghiệp,Lần đầu,Tổ chức phát hành,,BBB+,Tích cực,,https://sni-rating.s3.ap-southeast-1.amazonaws.com/wp-content/uploads/2025/12/11142639/DXG-Public.pdf,,https://sni-rating.s3.ap-southeast-1.amazonaws.com/wp-content/uploads/2025/12/11091425/DXG-Rating-Report.pdf,https://sniratings.com.vn/?rating=cong-ty-co-phan-tap-doan-dat-xanh,5262,S&I Ratings,2026-09-21 09:15:49,2025-12-10
10/12/2025,Công ty Cổ phần Chứng khoán DNSE,Chứng khoán,Tổ chức tài chính,Giám sát Xếp hạng,,,BBB,Ổn định,,,,,https://sniratings.com.vn/?rating=cong-ty-co-phan-chung-khoan-dnse-2,5258,S&I Ratings,2026-09-21 09:15:49,2025-12-10
28/11/2025,Công ty Cổ phần Công nghệ Tài chính Encapital,Công nghệ thông tin,Doanh nghiệp,Lần đầu,Tổ chức phát hành,,BBB,Ổn định,,https://sni-rating.s3.ap-southeast-1.amazonaws.com/wp-content/uploads/2025/12/01133207/CBTT_XHTN_SI-ENCAP.pdf,,,https://sniratings.com.vn/?rating=cong-ty-co-phan-cong-nghe-tai-chinh-encapital,5239,S&I Ratings,2026-09-21 09:15:49,2025-11-28
10/09/2025,Ngân Hàng TMCP Phương Đông,Ngân hàng,Tổ chức tài chính,Giám sát Xếp hạng,,,A+,Ổn định,,,,,https://sniratings.com.vn/?rating=ngan-hang-tmcp-phuong-dong,4941,S&I Ratings,2026-09-21 09:15:49,2025-09-10
10/06/2025,Công ty Cổ phần Chứng khoán DNSE,Chứng khoán,Tổ chức tài chính,Lần đầu,Tổ chức phát hành,,BBB,Ổn định,,https://sni-rating.s3.ap-southeast-1.amazonaws.com/wp-content/uploads/2025/06/10143529/DNSE-Credit-Report-Summary.pdf,,,https://sniratings.com.vn/?rating=cong-ty-co-phan-chung-khoan-dnse,4708,S&I Ratings,2026-09-21 09:15:49,2025-06-10
10/03/2025,Ngân Hàng TMCP Phương Đông,Ngân hàng,Tổ chức tài chính,Lần đầu,Tổ chức phát hành,,A+,Ổn định,,https://sni-rating.s3.ap-southeast-1.amazonaws.com/wp-content/uploads/2025/03/10163537/OCB-Credit-Report-Summary.pdf,,,https://sniratings.com.vn/?rating=ngan-hang-tmcp-an-binh,591,S&I Ratings,2026-09-21 09:15:49,2025-03-10
27/06/2026,Công ty TNHH Mặt Trời Vũng Tàu,Bất động sản,Doanh nghiệp,Lần đầu,Công cụ nợ,,A-,Ổn định,,https://sni-rating.s3.ap-southeast-1.amazonaws.com/wp-content/uploads/2026/06/29163503/SVT-Public-Scan-1.pdf,,,https://sniratings.com.vn/?rating=cong-ty-tnhh-mat-troi-vung-tau,5793,S&I Ratings,2026-09-21 10:07:18,2026-06-27
10/06/2026,Công ty Cổ phần Bluemarq Group,Bất động sản,Doanh nghiệp,Giám sát Xếp hạng,,,BBB+,Tích cực,,,,,https://sniratings.com.vn/?rating=cong-ty-co-phan-bluemarq-group,5800,S&I Ratings,2026-09-21 10:07:18,2026-06-10
28/05/2026,Công ty Cổ phần Công nghệ Tài chính Encapital,Công nghệ thông tin,Doanh nghiệp,Giám sát Xếp hạng,,,BBB,Ổn định,,,,,https://sniratings.com.vn/?rating=cong-ty-co-phan-cong-nghe-tai-chinh-encapital-2,5798,S&I Ratings,2026-09-21 10:07:18,2026-05-28
24/04/2026,Công ty Cổ phần Chứng khoán KAFI,Chứng khoán,Tổ chức tài chính,Lần đầu,Tổ chức phát hành,,A,Ổn định,,https://sni-rating.s3.ap-southeast-1.amazonaws.com/wp-content/uploads/2026/04/28163747/KAFI-Public.pdf,,https://sni-rating.s3.ap-southeast-1.amazonaws.com/wp-content/uploads/2026/04/28163739/KAFI-Rating-Report.pdf,https://sniratings.com.vn/?rating=cong-ty-co-phan-chung-khoan-kafi,5575,S&I Ratings,2026-09-21 10:07:18,2026-04-24
24/03/2026,Công ty TNHH Xây dựng Dân dụng Phú Quốc,Bất động sản,Doanh nghiệp,Lần đầu,Công cụ nợ,,A,Ổn định,,https://sni-rating.s3.ap-southeast-1.amazonaws.com/wp-content/uploads/2026/03/26162151/PCC-Bond-Public.pdf,,,https://sniratings.com.vn/?rating=cong-ty-tnhh-xay-dung-dan-dung-phu-quoc-2,5456,S&I Ratings,2026-09-21 10:07:18,2026-03-24
24/03/2026,Công ty TNHH Xây dựng Dân dụng Phú Quốc,Bất động sản,Doanh nghiệp,Lần đầu,Tổ chức phát hành,,BB+,Ổn định,,https://sni-rating.s3.ap-southeast-1.amazonaws.com/wp-content/uploads/2026/03/26161837/PCC-Corporate-Public.pdf,,,https://sniratings.com.vn/?rating=cong-ty-tnhh-xay-dung-dan-dung-phu-quoc,5454,S&I Ratings,2026-09-21 10:07:18,2026-03-24
10/12/2025,Công ty Cổ phần Tập đoàn Đất Xanh,Bất động sản,Doanh nghiệp,Lần đầu,Tổ chức phát hành,,BBB+,Tích cực,,https://sni-rating.s3.ap-southeast-1.amazonaws.com/wp-content/uploads/2025/12/11142639/DXG-Public.pdf,,https://sni-rating.s3.ap-southeast-1.amazonaws.com/wp-content/uploads/2025/12/11091425/DXG-Rating-Report.pdf,https://sniratings.com.vn/?rating=cong-ty-co-phan-tap-doan-dat-xanh,5262,S&I Ratings,2026-09-21 10:07:18,2025-12-10
10/12/2025,Công ty Cổ phần Chứng khoán DNSE,Chứng khoán,Tổ chức tài chính,Giám sát Xếp hạng,,,BBB,Ổn định,,,,,https://sniratings.com.vn/?rating=cong-ty-co-phan-chung-khoan-dnse-2,5258,S&I Ratings,2026-09-21 10:07:18,2025-12-10
28/11/2025,Công ty Cổ phần Công nghệ Tài chính Encapital,Công nghệ thông tin,Doanh nghiệp,Lần đầu,Tổ chức phát hành,,BBB,Ổn định,,https://sni-rating.s3.ap-southeast-1.amazonaws.com/wp-content/uploads/2025/12/01133207/CBTT_XHTN_SI-ENCAP.pdf,,,https://sniratings.com.vn/?rating=cong-ty-co-phan-cong-nghe-tai-chinh-encapital,5239,S&I Ratings,2026-09-21 10:07:18,2025-11-28
10/09/2025,Ngân Hàng TMCP Phương Đông,Ngân hàng,Tổ chức tài chính,Giám sát Xếp hạng,,,A+,Ổn định,,,,,https://sniratings.com.vn/?rating=ngan-hang-tmcp-phuong-dong,4941,S&I Ratings,2026-09-21 10:07:18,2025-09-10
10/06/2025,Công ty Cổ phần Chứng khoán DNSE,Chứng khoán,Tổ chức tài chính,Lần đầu,Tổ chức phát hành,,BBB,Ổn định,,https://sni-rating.s3.ap-southeast-1.amazonaws.com/wp-content/uploads/2025/06/10143529/DNSE-Credit-Report-Summary.pdf,,,https://sniratings.com.vn/?rating=cong-ty-co-phan-chung-khoan-dnse,4708,S&I Ratings,2026-09-21 10:07:18,2025-06-10
10/03/2025,Ngân Hàng TMCP Phương Đông,Ngân hàng,Tổ chức tài chính,Lần đầu,Tổ chức phát hành,,A+,Ổn định,,https://sni-rating.s3.ap-southeast-1.amazonaws.com/wp-content/uploads/2025/03/10163537/OCB-Credit-Report-Summary.pdf,,,https://sniratings.com.vn/?rating=ngan-hang-tmcp-an-binh,591,S&I Ratings,2026-09-21 10:07:18,2025-03-10
27/06/2026,Công ty TNHH Mặt Trời Vũng Tàu,Bất động sản,Doanh nghiệp,Lần đầu,Công cụ nợ,,A-,Ổn định,,https://sni-rating.s3.ap-southeast-1.amazonaws.com/wp-content/uploads/2026/06/29163503/SVT-Public-Scan-1.pdf,,,https://sniratings.com.vn/?rating=cong-ty-tnhh-mat-troi-vung-tau,5793,S&I Ratings,2026-09-21 15:17:37,2026-06-27
10/06/2026,Công ty Cổ phần Bluemarq Group,Bất động sản,Doanh nghiệp,Giám sát Xếp hạng,,,BBB+,Tích cực,,,,,https://sniratings.com.vn/?rating=cong-ty-co-phan-bluemarq-group,5800,S&I Ratings,2026-09-21 15:17:37,2026-06-10
28/05/2026,Công ty Cổ phần Công nghệ Tài chính Encapital,Công nghệ thông tin,Doanh nghiệp,Giám sát Xếp hạng,,,BBB,Ổn định,,,,,https://sniratings.com.vn/?rating=cong-ty-co-phan-cong-nghe-tai-chinh-encapital-2,5798,S&I Ratings,2026-09-21 15:17:37,2026-05-28
24/04/2026,Công ty Cổ phần Chứng khoán KAFI,Chứng khoán,Tổ chức tài chính,Lần đầu,Tổ chức phát hành,,A,Ổn định,,https://sni-rating.s3.ap-southeast-1.amazonaws.com/wp-content/uploads/2026/04/28163747/KAFI-Public.pdf,,https://sni-rating.s3.ap-southeast-1.amazonaws.com/wp-content/uploads/2026/04/28163739/KAFI-Rating-Report.pdf,https://sniratings.com.vn/?rating=cong-ty-co-phan-chung-khoan-kafi,5575,S&I Ratings,2026-09-21 15:17:37,2026-04-24
24/03/2026,Công ty TNHH Xây dựng Dân dụng Phú Quốc,Bất động sản,Doanh nghiệp,Lần đầu,Công cụ nợ,,A,Ổn định,,https://sni-rating.s3.ap-southeast-1.amazonaws.com/wp-content/uploads/2026/03/26162151/PCC-Bond-Public.pdf,,,https://sniratings.com.vn/?rating=cong-ty-tnhh-xay-dung-dan-dung-phu-quoc-2,5456,S&I Ratings,2026-09-21 15:17:37,2026-03-24
24/03/2026,Công ty TNHH Xây dựng Dân dụng Phú Quốc,Bất động sản,Doanh nghiệp,Lần đầu,Tổ chức phát hành,,BB+,Ổn định,,https://sni-rating.s3.ap-southeast-1.amazonaws.com/wp-content/uploads/2026/03/26161837/PCC-Corporate-Public.pdf,,,https://sniratings.com.vn/?rating=cong-ty-tnhh-xay-dung-dan-dung-phu-quoc,5454,S&I Ratings,2026-09-21 15:17:37,2026-03-24
10/12/2025,Công ty Cổ phần Tập đoàn Đất Xanh,Bất động sản,Doanh nghiệp,Lần đầu,Tổ chức phát hành,,BBB+,Tích cực,,https://sni-rating.s3.ap-southeast-1.amazonaws.com/wp-content/uploads/2025/12/11142639/DXG-Public.pdf,,https://sni-rating.s3.ap-southeast-1.amazonaws.com/wp-content/uploads/2025/12/11091425/DXG-Rating-Report.pdf,https://sniratings.com.vn/?rating=cong-ty-co-phan-tap-doan-dat-xanh,5262,S&I Ratings,2026-09-21 15:17:37,2025-12-10
10/12/2025,Công ty Cổ phần Chứng khoán DNSE,Chứng khoán,Tổ chức tài chính,Giám sát Xếp hạng,,,BBB,Ổn định,,,,,https://sniratings.com.vn/?rating=cong-ty-co-phan-chung-khoan-dnse-2,5258,S&I Ratings,2026-09-21 15:17:37,2025-12-10
28/11/2025,Công ty Cổ phần Công nghệ Tài chính Encapital,Công nghệ thông tin,Doanh nghiệp,Lần đầu,Tổ chức phát hành,,BBB,Ổn định,,https://sni-rating.s3.ap-southeast-1.amazonaws.com/wp-content/uploads/2025/12/01133207/CBTT_XHTN_SI-ENCAP.pdf,,,https://sniratings.com.vn/?rating=cong-ty-co-phan-cong-nghe-tai-chinh-encapital,5239,S&I Ratings,2026-09-21 15:17:37,2025-11-28
10/09/2025,Ngân Hàng TMCP Phương Đông,Ngân hàng,Tổ chức tài chính,Giám sát Xếp hạng,,,A+,Ổn định,,,,,https://sniratings.com.vn/?rating=ngan-hang-tmcp-phuong-dong,4941,S&I Ratings,2026-09-21 15:17:37,2025-09-10
10/06/2025,Công ty Cổ phần Chứng khoán DNSE,Chứng khoán,Tổ chức tài chính,Lần đầu,Tổ chức phát hành,,BBB,Ổn định,,https://sni-rating.s3.ap-southeast-1.amazonaws.com/wp-content/uploads/2025/06/10143529/DNSE-Credit-Report-Summary.pdf,,,https://sniratings.com.vn/?rating=cong-ty-co-phan-chung-khoan-dnse,4708,S&I Ratings,2026-09-21 15:17:37,2025-06-10
10/03/2025,Ngân Hàng TMCP Phương Đông,Ngân hàng,Tổ chức tài chính,Lần đầu,Tổ chức phát hành,,A+,Ổn định,,https://sni-rating.s3.ap-southeast-1.amazonaws.com/wp-content/uploads/2025/03/10163537/OCB-Credit-Report-Summary.pdf,,,https://sniratings.com.vn/?rating=ngan-hang-tmcp-an-binh,591,S&I Ratings,2026-09-21 15:17:37,2025-03-10
27/06/2026,Công ty TNHH Mặt Trời Vũng Tàu,Bất động sản,Doanh nghiệp,Lần đầu,Công cụ nợ,,A-,Ổn định,,https://sni-rating.s3.ap-southeast-1.amazonaws.com/wp-content/uploads/2026/06/29163503/SVT-Public-Scan-1.pdf,,,https://sniratings.com.vn/?rating=cong-ty-tnhh-mat-troi-vung-tau,5793,S&I Ratings,2026-09-22 08:47:20,2026-06-27
10/06/2026,Công ty Cổ phần Bluemarq Group,Bất động sản,Doanh nghiệp,Giám sát Xếp hạng,,,BBB+,Tích cực,,,,,https://sniratings.com.vn/?rating=cong-ty-co-phan-bluemarq-group,5800,S&I Ratings,2026-09-22 08:47:20,2026-06-10
28/05/2026,Công ty Cổ phần Công nghệ Tài chính Encapital,Công nghệ thông tin,Doanh nghiệp,Giám sát Xếp hạng,,,BBB,Ổn định,,,,,https://sniratings.com.vn/?rating=cong-ty-co-phan-cong-nghe-tai-chinh-encapital-2,5798,S&I Ratings,2026-09-22 08:47:20,2026-05-28
24/04/2026,Công ty Cổ phần Chứng khoán KAFI,Chứng khoán,Tổ chức tài chính,Lần đầu,Tổ chức phát hành,,A,Ổn định,,https://sni-rating.s3.ap-southeast-1.amazonaws.com/wp-content/uploads/2026/04/28163747/KAFI-Public.pdf,,https://sni-rating.s3.ap-southeast-1.amazonaws.com/wp-content/uploads/2026/04/28163739/KAFI-Rating-Report.pdf,https://sniratings.com.vn/?rating=cong-ty-co-phan-chung-khoan-kafi,5575,S&I Ratings,2026-09-22 08:47:20,2026-04-24
24/03/2026,Công ty TNHH Xây dựng Dân dụng Phú Quốc,Bất động sản,Doanh nghiệp,Lần đầu,Công cụ nợ,,A,Ổn định,,https://sni-rating.s3.ap-southeast-1.amazonaws.com/wp-content/uploads/2026/03/26162151/PCC-Bond-Public.pdf,,,https://sniratings.com.vn/?rating=cong-ty-tnhh-xay-dung-dan-dung-phu-quoc-2,5456,S&I Ratings,2026-09-22 08:47:20,2026-03-24
24/03/2026,Công ty TNHH Xây dựng Dân dụng Phú Quốc,Bất động sản,Doanh nghiệp,Lần đầu,Tổ chức phát hành,,BB+,Ổn định,,https://sni-rating.s3.ap-southeast-1.amazonaws.com/wp-content/uploads/2026/03/26161837/PCC-Corporate-Public.pdf,,,https://sniratings.com.vn/?rating=cong-ty-tnhh-xay-dung-dan-dung-phu-quoc,5454,S&I Ratings,2026-09-22 08:47:20,2026-03-24
10/12/2025,Công ty Cổ phần Tập đoàn Đất Xanh,Bất động sản,Doanh nghiệp,Lần đầu,Tổ chức phát hành,,BBB+,Tích cực,,https://sni-rating.s3.ap-southeast-1.amazonaws.com/wp-content/uploads/2025/12/11142639/DXG-Public.pdf,,https://sni-rating.s3.ap-southeast-1.amazonaws.com/wp-content/uploads/2025/12/11091425/DXG-Rating-Report.pdf,https://sniratings.com.vn/?rating=cong-ty-co-phan-tap-doan-dat-xanh,5262,S&I Ratings,2026-09-22 08:47:20,2025-12-10
10/12/2025,Công ty Cổ phần Chứng khoán DNSE,Chứng khoán,Tổ chức tài chính,Giám sát Xếp hạng,,,BBB,Ổn định,,,,,https://sniratings.com.vn/?rating=cong-ty-co-phan-chung-khoan-dnse-2,5258,S&I Ratings,2026-09-22 08:47:20,2025-12-10
28/11/2025,Công ty Cổ phần Công nghệ Tài chính Encapital,Công nghệ thông tin,Doanh nghiệp,Lần đầu,Tổ chức phát hành,,BBB,Ổn định,,https://sni-rating.s3.ap-southeast-1.amazonaws.com/wp-content/uploads/2025/12/01133207/CBTT_XHTN_SI-ENCAP.pdf,,,https://sniratings.com.vn/?rating=cong-ty-co-phan-cong-nghe-tai-chinh-encapital,5239,S&I Ratings,2026-09-22 08:47:20,2025-11-28
10/09/2025,Ngân Hàng TMCP Phương Đông,Ngân hàng,Tổ chức tài chính,Giám sát Xếp hạng,,,A+,Ổn định,,,,,https://sniratings.com.vn/?rating=ngan-hang-tmcp-phuong-dong,4941,S&I Ratings,2026-09-22 08:47:20,2025-09-10
10/06/2025,Công ty Cổ phần Chứng khoán DNSE,Chứng khoán,Tổ chức tài chính,Lần đầu,Tổ chức phát hành,,BBB,Ổn định,,https://sni-rating.s3.ap-southeast-1.amazonaws.com/wp-content/uploads/2025/06/10143529/DNSE-Credit-Report-Summary.pdf,,,https://sniratings.com.vn/?rating=cong-ty-co-phan-chung-khoan-dnse,4708,S&I Ratings,2026-09-22 08:47:20,2025-06-10
10/03/2025,Ngân Hàng TMCP Phương Đông,Ngân hàng,Tổ chức tài chính,Lần đầu,Tổ chức phát hành,,A+,Ổn định,,https://sni-rating.s3.ap-southeast-1.amazonaws.com/wp-content/uploads/2025/03/10163537/OCB-Credit-Report-Summary.pdf,,,https://sniratings.com.vn/?rating=ngan-hang-tmcp-an-binh,591,S&I Ratings,2026-09-22 08:47:20,2025-03-10
27/06/2026,Công ty TNHH Mặt Trời Vũng Tàu,Bất động sản,Doanh nghiệp,Lần đầu,Công cụ nợ,,A-,Ổn định,,https://sni-rating.s3.ap-southeast-1.amazonaws.com/wp-content/uploads/2026/06/29163503/SVT-Public-Scan-1.pdf,,,https://sniratings.com.vn/?rating=cong-ty-tnhh-mat-troi-vung-tau,5793,S&I Ratings,2026-09-22 13:36:52,2026-06-27
10/06/2026,Công ty Cổ phần Bluemarq Group,Bất động sản,Doanh nghiệp,Giám sát Xếp hạng,,,BBB+,Tích cực,,,,,https://sniratings.com.vn/?rating=cong-ty-co-phan-bluemarq-group,5800,S&I Ratings,2026-09-22 13:36:52,2026-06-10
28/05/2026,Công ty Cổ phần Công nghệ Tài chính Encapital,Công nghệ thông tin,Doanh nghiệp,Giám sát Xếp hạng,,,BBB,Ổn định,,,,,https://sniratings.com.vn/?rating=cong-ty-co-phan-cong-nghe-tai-chinh-encapital-2,5798,S&I Ratings,2026-09-22 13:36:52,2026-05-28
24/04/2026,Công ty Cổ phần Chứng khoán KAFI,Chứng khoán,Tổ chức tài chính,Lần đầu,Tổ chức phát hành,,A,Ổn định,,https://sni-rating.s3.ap-southeast-1.amazonaws.com/wp-content/uploads/2026/04/28163747/KAFI-Public.pdf,,https://sni-rating.s3.ap-southeast-1.amazonaws.com/wp-content/uploads/2026/04/28163739/KAFI-Rating-Report.pdf,https://sniratings.com.vn/?rating=cong-ty-co-phan-chung-khoan-kafi,5575,S&I Ratings,2026-09-22 13:36:52,2026-04-24
24/03/2026,Công ty TNHH Xây dựng Dân dụng Phú Quốc,Bất động sản,Doanh nghiệp,Lần đầu,Công cụ nợ,,A,Ổn định,,https://sni-rating.s3.ap-southeast-1.amazonaws.com/wp-content/uploads/2026/03/26162151/PCC-Bond-Public.pdf,,,https://sniratings.com.vn/?rating=cong-ty-tnhh-xay-dung-dan-dung-phu-quoc-2,5456,S&I Ratings,2026-09-22 13:36:52,2026-03-24
24/03/2026,Công ty TNHH Xây dựng Dân dụng Phú Quốc,Bất động sản,Doanh nghiệp,Lần đầu,Tổ chức phát hành,,BB+,Ổn định,,https://sni-rating.s3.ap-southeast-1.amazonaws.com/wp-content/uploads/2026/03/26161837/PCC-Corporate-Public.pdf,,,https://sniratings.com.vn/?rating=cong-ty-tnhh-xay-dung-dan-dung-phu-quoc,5454,S&I Ratings,2026-09-22 13:36:52,2026-03-24
10/12/2025,Công ty Cổ phần Tập đoàn Đất Xanh,Bất động sản,Doanh nghiệp,Lần đầu,Tổ chức phát hành,,BBB+,Tích cực,,https://sni-rating.s3.ap-southeast-1.amazonaws.com/wp-content/uploads/2025/12/11142639/DXG-Public.pdf,,https://sni-rating.s3.ap-southeast-1.amazonaws.com/wp-content/uploads/2025/12/11091425/DXG-Rating-Report.pdf,https://sniratings.com.vn/?rating=cong-ty-co-phan-tap-doan-dat-xanh,5262,S&I Ratings,2026-09-22 13:36:52,2025-12-10
10/12/2025,Công ty Cổ phần Chứng khoán DNSE,Chứng khoán,Tổ chức tài chính,Giám sát Xếp hạng,,,BBB,Ổn định,,,,,https://sniratings.com.vn/?rating=cong-ty-co-phan-chung-khoan-dnse-2,5258,S&I Ratings,2026-09-22 13:36:52,2025-12-10
28/11/2025,Công ty Cổ phần Công nghệ Tài chính Encapital,Công nghệ thông tin,Doanh nghiệp,Lần đầu,Tổ chức phát hành,,BBB,Ổn định,,https://sni-rating.s3.ap-southeast-1.amazonaws.com/wp-content/uploads/2025/12/01133207/CBTT_XHTN_SI-ENCAP.pdf,,,https://sniratings.com.vn/?rating=cong-ty-co-phan-cong-nghe-tai-chinh-encapital,5239,S&I Ratings,2026-09-22 13:36:52,2025-11-28
10/09/2025,Ngân Hàng TMCP Phương Đông,Ngân hàng,Tổ chức tài chính,Giám sát Xếp hạng,,,A+,Ổn định,,,,,https://sniratings.com.vn/?rating=ngan-hang-tmcp-phuong-dong,4941,S&I Ratings,2026-09-22 13:36:52,2025-09-10
10/06/2025,Công ty Cổ phần Chứng khoán DNSE,Chứng khoán,Tổ chức tài chính,Lần đầu,Tổ chức phát hành,,BBB,Ổn định,,https://sni-rating.s3.ap-southeast-1.amazonaws.com/wp-content/uploads/2025/06/10143529/DNSE-Credit-Report-Summary.pdf,,,https://sniratings.com.vn/?rating=cong-ty-co-phan-chung-khoan-dnse,4708,S&I Ratings,2026-09-22 13:36:52,2025-06-10
10/03/2025,Ngân Hàng TMCP Phương Đông,Ngân hàng,Tổ chức tài chính,Lần đầu,Tổ chức phát hành,,A+,Ổn định,,https://sni-rating.s3.ap-southeast-1.amazonaws.com/wp-content/uploads/2025/03/10163537/OCB-Credit-Report-Summary.pdf,,,https://sniratings.com.vn/?rating=ngan-hang-tmcp-an-binh,591,S&I Ratings,2026-09-22 13:36:52,2025-03-10
27/06/2026,Công ty TNHH Mặt Trời Vũng Tàu,Bất động sản,Doanh nghiệp,Lần đầu,Công cụ nợ,,A-,Ổn định,,https://sni-rating.s3.ap-southeast-1.amazonaws.com/wp-content/uploads/2026/06/29163503/SVT-Public-Scan-1.pdf,,,https://sniratings.com.vn/?rating=cong-ty-tnhh-mat-troi-vung-tau,5793,S&I Ratings,2026-09-23 08:48:43,2026-06-27
10/06/2026,Công ty Cổ phần Bluemarq Group,Bất động sản,Doanh nghiệp,Giám sát Xếp hạng,,,BBB+,Tích cực,,,,,https://sniratings.com.vn/?rating=cong-ty-co-phan-bluemarq-group,5800,S&I Ratings,2026-09-23 08:48:43,2026-06-10
28/05/2026,Công ty Cổ phần Công nghệ Tài chính Encapital,Công nghệ thông tin,Doanh nghiệp,Giám sát Xếp hạng,,,BBB,Ổn định,,,,,https://sniratings.com.vn/?rating=cong-ty-co-phan-cong-nghe-tai-chinh-encapital-2,5798,S&I Ratings,2026-09-23 08:48:43,2026-05-28
24/04/2026,Công ty Cổ phần Chứng khoán KAFI,Chứng khoán,Tổ chức tài chính,Lần đầu,Tổ chức phát hành,,A,Ổn định,,https://sni-rating.s3.ap-southeast-1.amazonaws.com/wp-content/uploads/2026/04/28163747/KAFI-Public.pdf,,https://sni-rating.s3.ap-southeast-1.amazonaws.com/wp-content/uploads/2026/04/28163739/KAFI-Rating-Report.pdf,https://sniratings.com.vn/?rating=cong-ty-co-phan-chung-khoan-kafi,5575,S&I Ratings,2026-09-23 08:48:43,2026-04-24
24/03/2026,Công ty TNHH Xây dựng Dân dụng Phú Quốc,Bất động sản,Doanh nghiệp,Lần đầu,Công cụ nợ,,A,Ổn định,,https://sni-rating.s3.ap-southeast-1.amazonaws.com/wp-content/uploads/2026/03/26162151/PCC-Bond-Public.pdf,,,https://sniratings.com.vn/?rating=cong-ty-tnhh-xay-dung-dan-dung-phu-quoc-2,5456,S&I Ratings,2026-09-23 08:48:43,2026-03-24
24/03/2026,Công ty TNHH Xây dựng Dân dụng Phú Quốc,Bất động sản,Doanh nghiệp,Lần đầu,Tổ chức phát hành,,BB+,Ổn định,,https://sni-rating.s3.ap-southeast-1.amazonaws.com/wp-content/uploads/2026/03/26161837/PCC-Corporate-Public.pdf,,,https://sniratings.com.vn/?rating=cong-ty-tnhh-xay-dung-dan-dung-phu-quoc,5454,S&I Ratings,2026-09-23 08:48:43,2026-03-24
10/12/2025,Công ty Cổ phần Tập đoàn Đất Xanh,Bất động sản,Doanh nghiệp,Lần đầu,Tổ chức phát hành,,BBB+,Tích cực,,https://sni-rating.s3.ap-southeast-1.amazonaws.com/wp-content/uploads/2025/12/11142639/DXG-Public.pdf,,https://sni-rating.s3.ap-southeast-1.amazonaws.com/wp-content/uploads/2025/12/11091425/DXG-Rating-Report.pdf,https://sniratings.com.vn/?rating=cong-ty-co-phan-tap-doan-dat-xanh,5262,S&I Ratings,2026-09-23 08:48:43,2025-12-10
10/12/2025,Công ty Cổ phần Chứng khoán DNSE,Chứng khoán,Tổ chức tài chính,Giám sát Xếp hạng,,,BBB,Ổn định,,,,,https://sniratings.com.vn/?rating=cong-ty-co-phan-chung-khoan-dnse-2,5258,S&I Ratings,2026-09-23 08:48:43,2025-12-10
28/11/2025,Công ty Cổ phần Công nghệ Tài chính Encapital,Công nghệ thông tin,Doanh nghiệp,Lần đầu,Tổ chức phát hành,,BBB,Ổn định,,https://sni-rating.s3.ap-southeast-1.amazonaws.com/wp-content/uploads/2025/12/01133207/CBTT_XHTN_SI-ENCAP.pdf,,,https://sniratings.com.vn/?rating=cong-ty-co-phan-cong-nghe-tai-chinh-encapital,5239,S&I Ratings,2026-09-23 08:48:43,2025-11-28
10/09/2025,Ngân Hàng TMCP Phương Đông,Ngân hàng,Tổ chức tài chính,Giám sát Xếp hạng,,,A+,Ổn định,,,,,https://sniratings.com.vn/?rating=ngan-hang-tmcp-phuong-dong,4941,S&I Ratings,2026-09-23 08:48:43,2025-09-10
10/06/2025,Công ty Cổ phần Chứng khoán DNSE,Chứng khoán,Tổ chức tài chính,Lần đầu,Tổ chức phát hành,,BBB,Ổn định,,https://sni-rating.s3.ap-southeast-1.amazonaws.com/wp-content/uploads/2025/06/10143529/DNSE-Credit-Report-Summary.pdf,,,https://sniratings.com.vn/?rating=cong-ty-co-phan-chung-khoan-dnse,4708,S&I Ratings,2026-09-23 08:48:43,2025-06-10
10/03/2025,Ngân Hàng TMCP Phương Đông,Ngân hàng,Tổ chức tài chính,Lần đầu,Tổ chức phát hành,,A+,Ổn định,,https://sni-rating.s3.ap-southeast-1.amazonaws.com/wp-content/uploads/2025/03/10163537/OCB-Credit-Report-Summary.pdf,,,https://sniratings.com.vn/?rating=ngan-hang-tmcp-an-binh,591,S&I Ratings,2026-09-23 08:48:43,2025-03-10
27/06/2026,Công ty TNHH Mặt Trời Vũng Tàu,Bất động sản,Doanh nghiệp,Lần đầu,Công cụ nợ,,A-,Ổn định,,https://sni-rating.s3.ap-southeast-1.amazonaws.com/wp-content/uploads/2026/06/29163503/SVT-Public-Scan-1.pdf,,,https://sniratings.com.vn/?rating=cong-ty-tnhh-mat-troi-vung-tau,5793,S&I Ratings,2026-09-23 13:49:02,2026-06-27
10/06/2026,Công ty Cổ phần Bluemarq Group,Bất động sản,Doanh nghiệp,Giám sát Xếp hạng,,,BBB+,Tích cực,,,,,https://sniratings.com.vn/?rating=cong-ty-co-phan-bluemarq-group,5800,S&I Ratings,2026-09-23 13:49:02,2026-06-10
28/05/2026,Công ty Cổ phần Công nghệ Tài chính Encapital,Công nghệ thông tin,Doanh nghiệp,Giám sát Xếp hạng,,,BBB,Ổn định,,,,,https://sniratings.com.vn/?rating=cong-ty-co-phan-cong-nghe-tai-chinh-encapital-2,5798,S&I Ratings,2026-09-23 13:49:02,2026-05-28
24/04/2026,Công ty Cổ phần Chứng khoán KAFI,Chứng khoán,Tổ chức tài chính,Lần đầu,Tổ chức phát hành,,A,Ổn định,,https://sni-rating.s3.ap-southeast-1.amazonaws.com/wp-content/uploads/2026/04/28163747/KAFI-Public.pdf,,https://sni-rating.s3.ap-southeast-1.amazonaws.com/wp-content/uploads/2026/04/28163739/KAFI-Rating-Report.pdf,https://sniratings.com.vn/?rating=cong-ty-co-phan-chung-khoan-kafi,5575,S&I Ratings,2026-09-23 13:49:02,2026-04-24
24/03/2026,Công ty TNHH Xây dựng Dân dụng Phú Quốc,Bất động sản,Doanh nghiệp,Lần đầu,Công cụ nợ,,A,Ổn định,,https://sni-rating.s3.ap-southeast-1.amazonaws.com/wp-content/uploads/2026/03/26162151/PCC-Bond-Public.pdf,,,https://sniratings.com.vn/?rating=cong-ty-tnhh-xay-dung-dan-dung-phu-quoc-2,5456,S&I Ratings,2026-09-23 13:49:02,2026-03-24
24/03/2026,Công ty TNHH Xây dựng Dân dụng Phú Quốc,Bất động sản,Doanh nghiệp,Lần đầu,Tổ chức phát hành,,BB+,Ổn định,,https://sni-rating.s3.ap-southeast-1.amazonaws.com/wp-content/uploads/2026/03/26161837/PCC-Corporate-Public.pdf,,,https://sniratings.com.vn/?rating=cong-ty-tnhh-xay-dung-dan-dung-phu-quoc,5454,S&I Ratings,2026-09-23 13:49:02,2026-03-24
10/12/2025,Công ty Cổ phần Tập đoàn Đất Xanh,Bất động sản,Doanh nghiệp,Lần đầu,Tổ chức phát hành,,BBB+,Tích cực,,https://sni-rating.s3.ap-southeast-1.amazonaws.com/wp-content/uploads/2025/12/11142639/DXG-Public.pdf,,https://sni-rating.s3.ap-southeast-1.amazonaws.com/wp-content/uploads/2025/12/11091425/DXG-Rating-Report.pdf,https://sniratings.com.vn/?rating=cong-ty-co-phan-tap-doan-dat-xanh,5262,S&I Ratings,2026-09-23 13:49:02,2025-12-10
10/12/2025,Công ty Cổ phần Chứng khoán DNSE,Chứng khoán,Tổ chức tài chính,Giám sát Xếp hạng,,,BBB,Ổn định,,,,,https://sniratings.com.vn/?rating=cong-ty-co-phan-chung-khoan-dnse-2,5258,S&I Ratings,2026-09-23 13:49:02,2025-12-10
28/11/2025,Công ty Cổ phần Công nghệ Tài chính Encapital,Công nghệ thông tin,Doanh nghiệp,Lần đầu,Tổ chức phát hành,,BBB,Ổn định,,https://sni-rating.s3.ap-southeast-1.amazonaws.com/wp-content/uploads/2025/12/01133207/CBTT_XHTN_SI-ENCAP.pdf,,,https://sniratings.com.vn/?rating=cong-ty-co-phan-cong-nghe-tai-chinh-encapital,5239,S&I Ratings,2026-09-23 13:49:02,2025-11-28
10/09/2025,Ngân Hàng TMCP Phương Đông,Ngân hàng,Tổ chức tài chính,Giám sát Xếp hạng,,,A+,Ổn định,,,,,https://sniratings.com.vn/?rating=ngan-hang-tmcp-phuong-dong,4941,S&I Ratings,2026-09-23 13:49:02,2025-09-10
10/06/2025,Công ty Cổ phần Chứng khoán DNSE,Chứng khoán,Tổ chức tài chính,Lần đầu,Tổ chức phát hành,,BBB,Ổn định,,https://sni-rating.s3.ap-southeast-1.amazonaws.com/wp-content/uploads/2025/06/10143529/DNSE-Credit-Report-Summary.pdf,,,https://sniratings.com.vn/?rating=cong-ty-co-phan-chung-khoan-dnse,4708,S&I Ratings,2026-09-23 13:49:02,2025-06-10
10/03/2025,Ngân Hàng TMCP Phương Đông,Ngân hàng,Tổ chức tài chính,Lần đầu,Tổ chức phát hành,,A+,Ổn định,,https://sni-rating.s3.ap-southeast-1.amazonaws.com/wp-content/uploads/2025/03/10163537/OCB-Credit-Report-Summary.pdf,,,https://sniratings.com.vn/?rating=ngan-hang-tmcp-an-binh,591,S&I Ratings,2026-09-23 13:49:02,2025-03-10
