ngay_cong_bo,to_chuc_phat_hanh,linh_vuc,loai_hinh,trang_thai_xep_hang,loai_y_kien,ky_han,ket_qua_xep_hang,trien_vong,ma_trai_phieu,bao_cao_vi,bao_cao_en,link_to_chuc_phat_hanh,issuer_id,to_chuc_xhtn,thoi_gian_scrape,ngay_cong_bo_dt
30/06/2026,Công ty Cổ phần Thủy điện Hương Điền,,Doanh nghiệp,Xếp hạng lần đầu,Tổ chức phát hành,,A+,Ổn định,,https://tmr.vn/wp-content/uploads/2026/07/Huong-Dien_XHTN-lan-dau_Tochucphathanh.pdf,,,,TMR,2026-08-13 09:14:34,2026-06-30
29/06/2026,Công ty Cổ phần Thủy điện Sông Quang,,Doanh nghiệp,Cập nhật kết quả XHTN,Tổ chức phát hành,,A-,Ổn định,,https://tmr.vn/wp-content/uploads/2026/06/Song-Quang_Cap-nhat-XHTN_Tochucphathanh.pdf,,,,TMR,2026-08-13 09:14:34,2026-06-29
29/06/2026,Công ty Cổ phần Phát triển điện Nậm Chiến,,Doanh nghiệp,Cập nhật kết quả XHTN,Tổ chức phát hành,,A,Ổn định,,https://tmr.vn/wp-content/uploads/2026/06/Nam-Chien_Cap-nhat-XHTN_Tochucphathanh.pdf,,,,TMR,2026-08-13 09:14:34,2026-06-29
25/06/2026,Công ty Cổ phần Bất động sản Bcons PS,,Doanh nghiệp,Xếp hạng lần đầu,Công cụ nợ,,BBB-,Ổn định,BPS12602,https://tmr.vn/wp-content/uploads/2026/06/Bcons-PS_XHTN-lan-dau_Congcuno.pdf,,,,TMR,2026-08-13 09:14:34,2026-06-25
12/06/2026,Công ty Tài chính Tín dụng Tiêu dùng TNHH MB Shinsei,,Định chế Tài chính,Xếp hạng lần đầu,Tổ chức phát hành,,A-,Ổn định,,https://tmr.vn/wp-content/uploads/2026/06/MCredit_Cap-nhat-XHTN_Tochucphathanh.pdf,,,,TMR,2026-08-13 09:14:34,2026-06-12
27/05/2026,Công ty TNHH Miza Nghi Sơn,,Doanh nghiệp,Cập nhật kết quả XHTN,Tổ chức phát hành,,BBB-,Ổn định,,https://tmr.vn/wp-content/uploads/2026/05/MZN_Cap-nhat-XHTN_Tochucphathanh.pdf,,,,TMR,2026-08-13 09:14:34,2026-05-27
15/04/2026,Công ty Cổ phần Bất động sản Bcons PS,,Doanh nghiệp,Xếp hạng lần đầu,Công cụ nợ,,BBB-,Ổn định,BPS12601,https://tmr.vn/wp-content/uploads/2026/04/BconsPS_XHTN-PH-trai-phieu_da-ky.pdf,,,,TMR,2026-08-13 09:14:34,2026-04-15
01/04/2026,Công ty Cổ phần Bất động sản Bcons PS,,Doanh nghiệp,Xếp hạng lần đầu,Tổ chức phát hành,,BB+,Ổn định,,https://tmr.vn/wp-content/uploads/2026/04/RN0004-01-202604-BconsPS-da-ky.pdf,,,,TMR,2026-08-13 09:14:34,2026-04-01
25/12/2025,Công ty Cổ phần Phát triển điện Nậm Chiến,,Doanh nghiệp,Xếp hạng lần đầu,Tổ chức phát hành,,A,Ổn định,,https://tmr.vn/wp-content/uploads/2025/12/RN0002-01-202512-Nam-Chien-da-ky.pdf,,,,TMR,2026-08-13 09:14:34,2025-12-25
25/12/2025,Công ty Cổ phần Thủy điện Sông Quang,,Doanh nghiệp,Xếp hạng lần đầu,Tổ chức phát hành,,A-,Ổn định,,https://tmr.vn/wp-content/uploads/2025/12/RN0003-01-202512-Song-Quang-Da-ky.pdf,,,,TMR,2026-08-13 09:14:34,2025-12-25
04/11/2025,Công ty TNHH Miza Nghi Sơn,,Doanh nghiệp,Xếp hạng lần đầu,Tổ chức phát hành,,BBB-,Ổn định,,https://tmr.vn/wp-content/uploads/2025/11/RN0001-01-202511-BCMZNS.pdf,,,,TMR,2026-08-13 09:14:34,2025-11-04
30/06/2026,Công ty Cổ phần Thủy điện Hương Điền,,Doanh nghiệp,Xếp hạng lần đầu,Tổ chức phát hành,,A+,Ổn định,,https://tmr.vn/wp-content/uploads/2026/07/Huong-Dien_XHTN-lan-dau_Tochucphathanh.pdf,,,,TMR,2026-09-04 11:05:31,2026-06-30
29/06/2026,Công ty Cổ phần Thủy điện Sông Quang,,Doanh nghiệp,Cập nhật kết quả XHTN,Tổ chức phát hành,,A-,Ổn định,,https://tmr.vn/wp-content/uploads/2026/06/Song-Quang_Cap-nhat-XHTN_Tochucphathanh.pdf,,,,TMR,2026-09-04 11:05:31,2026-06-29
29/06/2026,Công ty Cổ phần Phát triển điện Nậm Chiến,,Doanh nghiệp,Cập nhật kết quả XHTN,Tổ chức phát hành,,A,Ổn định,,https://tmr.vn/wp-content/uploads/2026/06/Nam-Chien_Cap-nhat-XHTN_Tochucphathanh.pdf,,,,TMR,2026-09-04 11:05:31,2026-06-29
25/06/2026,Công ty Cổ phần Bất động sản Bcons PS,,Doanh nghiệp,Xếp hạng lần đầu,Công cụ nợ,,BBB-,Ổn định,BPS12602,https://tmr.vn/wp-content/uploads/2026/06/Bcons-PS_XHTN-lan-dau_Congcuno.pdf,,,,TMR,2026-09-04 11:05:31,2026-06-25
12/06/2026,Công ty Tài chính Tín dụng Tiêu dùng TNHH MB Shinsei,,Định chế Tài chính,Xếp hạng lần đầu,Tổ chức phát hành,,A-,Ổn định,,https://tmr.vn/wp-content/uploads/2026/06/MCredit_Cap-nhat-XHTN_Tochucphathanh.pdf,,,,TMR,2026-09-04 11:05:31,2026-06-12
27/05/2026,Công ty TNHH Miza Nghi Sơn,,Doanh nghiệp,Cập nhật kết quả XHTN,Tổ chức phát hành,,BBB-,Ổn định,,https://tmr.vn/wp-content/uploads/2026/05/MZN_Cap-nhat-XHTN_Tochucphathanh.pdf,,,,TMR,2026-09-04 11:05:31,2026-05-27
15/04/2026,Công ty Cổ phần Bất động sản Bcons PS,,Doanh nghiệp,Xếp hạng lần đầu,Công cụ nợ,,BBB-,Ổn định,BPS12601,https://tmr.vn/wp-content/uploads/2026/04/BconsPS_XHTN-PH-trai-phieu_da-ky.pdf,,,,TMR,2026-09-04 11:05:31,2026-04-15
01/04/2026,Công ty Cổ phần Bất động sản Bcons PS,,Doanh nghiệp,Xếp hạng lần đầu,Tổ chức phát hành,,BB+,Ổn định,,https://tmr.vn/wp-content/uploads/2026/04/RN0004-01-202604-BconsPS-da-ky.pdf,,,,TMR,2026-09-04 11:05:31,2026-04-01
25/12/2025,Công ty Cổ phần Phát triển điện Nậm Chiến,,Doanh nghiệp,Xếp hạng lần đầu,Tổ chức phát hành,,A,Ổn định,,https://tmr.vn/wp-content/uploads/2025/12/RN0002-01-202512-Nam-Chien-da-ky.pdf,,,,TMR,2026-09-04 11:05:31,2025-12-25
25/12/2025,Công ty Cổ phần Thủy điện Sông Quang,,Doanh nghiệp,Xếp hạng lần đầu,Tổ chức phát hành,,A-,Ổn định,,https://tmr.vn/wp-content/uploads/2025/12/RN0003-01-202512-Song-Quang-Da-ky.pdf,,,,TMR,2026-09-04 11:05:31,2025-12-25
04/11/2025,Công ty TNHH Miza Nghi Sơn,,Doanh nghiệp,Xếp hạng lần đầu,Tổ chức phát hành,,BBB-,Ổn định,,https://tmr.vn/wp-content/uploads/2025/11/RN0001-01-202511-BCMZNS.pdf,,,,TMR,2026-09-04 11:05:31,2025-11-04
30/06/2026,Công ty Cổ phần Thủy điện Hương Điền,,Doanh nghiệp,Xếp hạng lần đầu,Tổ chức phát hành,,A+,Ổn định,,https://tmr.vn/wp-content/uploads/2026/07/Huong-Dien_XHTN-lan-dau_Tochucphathanh.pdf,,,,TMR,2026-09-04 11:11:20,2026-06-30
29/06/2026,Công ty Cổ phần Thủy điện Sông Quang,,Doanh nghiệp,Cập nhật kết quả XHTN,Tổ chức phát hành,,A-,Ổn định,,https://tmr.vn/wp-content/uploads/2026/06/Song-Quang_Cap-nhat-XHTN_Tochucphathanh.pdf,,,,TMR,2026-09-04 11:11:20,2026-06-29
29/06/2026,Công ty Cổ phần Phát triển điện Nậm Chiến,,Doanh nghiệp,Cập nhật kết quả XHTN,Tổ chức phát hành,,A,Ổn định,,https://tmr.vn/wp-content/uploads/2026/06/Nam-Chien_Cap-nhat-XHTN_Tochucphathanh.pdf,,,,TMR,2026-09-04 11:11:20,2026-06-29
25/06/2026,Công ty Cổ phần Bất động sản Bcons PS,,Doanh nghiệp,Xếp hạng lần đầu,Công cụ nợ,,BBB-,Ổn định,BPS12602,https://tmr.vn/wp-content/uploads/2026/06/Bcons-PS_XHTN-lan-dau_Congcuno.pdf,,,,TMR,2026-09-04 11:11:20,2026-06-25
12/06/2026,Công ty Tài chính Tín dụng Tiêu dùng TNHH MB Shinsei,,Định chế Tài chính,Xếp hạng lần đầu,Tổ chức phát hành,,A-,Ổn định,,https://tmr.vn/wp-content/uploads/2026/06/MCredit_Cap-nhat-XHTN_Tochucphathanh.pdf,,,,TMR,2026-09-04 11:11:20,2026-06-12
27/05/2026,Công ty TNHH Miza Nghi Sơn,,Doanh nghiệp,Cập nhật kết quả XHTN,Tổ chức phát hành,,BBB-,Ổn định,,https://tmr.vn/wp-content/uploads/2026/05/MZN_Cap-nhat-XHTN_Tochucphathanh.pdf,,,,TMR,2026-09-04 11:11:20,2026-05-27
15/04/2026,Công ty Cổ phần Bất động sản Bcons PS,,Doanh nghiệp,Xếp hạng lần đầu,Công cụ nợ,,BBB-,Ổn định,BPS12601,https://tmr.vn/wp-content/uploads/2026/04/BconsPS_XHTN-PH-trai-phieu_da-ky.pdf,,,,TMR,2026-09-04 11:11:20,2026-04-15
01/04/2026,Công ty Cổ phần Bất động sản Bcons PS,,Doanh nghiệp,Xếp hạng lần đầu,Tổ chức phát hành,,BB+,Ổn định,,https://tmr.vn/wp-content/uploads/2026/04/RN0004-01-202604-BconsPS-da-ky.pdf,,,,TMR,2026-09-04 11:11:20,2026-04-01
25/12/2025,Công ty Cổ phần Phát triển điện Nậm Chiến,,Doanh nghiệp,Xếp hạng lần đầu,Tổ chức phát hành,,A,Ổn định,,https://tmr.vn/wp-content/uploads/2025/12/RN0002-01-202512-Nam-Chien-da-ky.pdf,,,,TMR,2026-09-04 11:11:20,2025-12-25
25/12/2025,Công ty Cổ phần Thủy điện Sông Quang,,Doanh nghiệp,Xếp hạng lần đầu,Tổ chức phát hành,,A-,Ổn định,,https://tmr.vn/wp-content/uploads/2025/12/RN0003-01-202512-Song-Quang-Da-ky.pdf,,,,TMR,2026-09-04 11:11:20,2025-12-25
04/11/2025,Công ty TNHH Miza Nghi Sơn,,Doanh nghiệp,Xếp hạng lần đầu,Tổ chức phát hành,,BBB-,Ổn định,,https://tmr.vn/wp-content/uploads/2025/11/RN0001-01-202511-BCMZNS.pdf,,,,TMR,2026-09-04 11:11:20,2025-11-04
30/06/2026,Công ty Cổ phần Thủy điện Hương Điền,,Doanh nghiệp,Xếp hạng lần đầu,Tổ chức phát hành,,A+,Ổn định,,https://tmr.vn/wp-content/uploads/2026/07/Huong-Dien_XHTN-lan-dau_Tochucphathanh.pdf,,,,TMR,2026-09-04 17:36:33,2026-06-30
29/06/2026,Công ty Cổ phần Thủy điện Sông Quang,,Doanh nghiệp,Cập nhật kết quả XHTN,Tổ chức phát hành,,A-,Ổn định,,https://tmr.vn/wp-content/uploads/2026/06/Song-Quang_Cap-nhat-XHTN_Tochucphathanh.pdf,,,,TMR,2026-09-04 17:36:33,2026-06-29
29/06/2026,Công ty Cổ phần Phát triển điện Nậm Chiến,,Doanh nghiệp,Cập nhật kết quả XHTN,Tổ chức phát hành,,A,Ổn định,,https://tmr.vn/wp-content/uploads/2026/06/Nam-Chien_Cap-nhat-XHTN_Tochucphathanh.pdf,,,,TMR,2026-09-04 17:36:33,2026-06-29
25/06/2026,Công ty Cổ phần Bất động sản Bcons PS,,Doanh nghiệp,Xếp hạng lần đầu,Công cụ nợ,,BBB-,Ổn định,BPS12602,https://tmr.vn/wp-content/uploads/2026/06/Bcons-PS_XHTN-lan-dau_Congcuno.pdf,,,,TMR,2026-09-04 17:36:33,2026-06-25
12/06/2026,Công ty Tài chính Tín dụng Tiêu dùng TNHH MB Shinsei,,Định chế Tài chính,Xếp hạng lần đầu,Tổ chức phát hành,,A-,Ổn định,,https://tmr.vn/wp-content/uploads/2026/06/MCredit_Cap-nhat-XHTN_Tochucphathanh.pdf,,,,TMR,2026-09-04 17:36:33,2026-06-12
27/05/2026,Công ty TNHH Miza Nghi Sơn,,Doanh nghiệp,Cập nhật kết quả XHTN,Tổ chức phát hành,,BBB-,Ổn định,,https://tmr.vn/wp-content/uploads/2026/05/MZN_Cap-nhat-XHTN_Tochucphathanh.pdf,,,,TMR,2026-09-04 17:36:33,2026-05-27
15/04/2026,Công ty Cổ phần Bất động sản Bcons PS,,Doanh nghiệp,Xếp hạng lần đầu,Công cụ nợ,,BBB-,Ổn định,BPS12601,https://tmr.vn/wp-content/uploads/2026/04/BconsPS_XHTN-PH-trai-phieu_da-ky.pdf,,,,TMR,2026-09-04 17:36:33,2026-04-15
01/04/2026,Công ty Cổ phần Bất động sản Bcons PS,,Doanh nghiệp,Xếp hạng lần đầu,Tổ chức phát hành,,BB+,Ổn định,,https://tmr.vn/wp-content/uploads/2026/04/RN0004-01-202604-BconsPS-da-ky.pdf,,,,TMR,2026-09-04 17:36:33,2026-04-01
25/12/2025,Công ty Cổ phần Phát triển điện Nậm Chiến,,Doanh nghiệp,Xếp hạng lần đầu,Tổ chức phát hành,,A,Ổn định,,https://tmr.vn/wp-content/uploads/2025/12/RN0002-01-202512-Nam-Chien-da-ky.pdf,,,,TMR,2026-09-04 17:36:33,2025-12-25
25/12/2025,Công ty Cổ phần Thủy điện Sông Quang,,Doanh nghiệp,Xếp hạng lần đầu,Tổ chức phát hành,,A-,Ổn định,,https://tmr.vn/wp-content/uploads/2025/12/RN0003-01-202512-Song-Quang-Da-ky.pdf,,,,TMR,2026-09-04 17:36:33,2025-12-25
04/11/2025,Công ty TNHH Miza Nghi Sơn,,Doanh nghiệp,Xếp hạng lần đầu,Tổ chức phát hành,,BBB-,Ổn định,,https://tmr.vn/wp-content/uploads/2025/11/RN0001-01-202511-BCMZNS.pdf,,,,TMR,2026-09-04 17:36:33,2025-11-04
30/06/2026,Công ty Cổ phần Thủy điện Hương Điền,,Doanh nghiệp,Xếp hạng lần đầu,Tổ chức phát hành,,A+,Ổn định,,https://tmr.vn/wp-content/uploads/2026/07/Huong-Dien_XHTN-lan-dau_Tochucphathanh.pdf,,,,TMR,2026-09-07 08:10:48,2026-06-30
29/06/2026,Công ty Cổ phần Thủy điện Sông Quang,,Doanh nghiệp,Cập nhật kết quả XHTN,Tổ chức phát hành,,A-,Ổn định,,https://tmr.vn/wp-content/uploads/2026/06/Song-Quang_Cap-nhat-XHTN_Tochucphathanh.pdf,,,,TMR,2026-09-07 08:10:48,2026-06-29
29/06/2026,Công ty Cổ phần Phát triển điện Nậm Chiến,,Doanh nghiệp,Cập nhật kết quả XHTN,Tổ chức phát hành,,A,Ổn định,,https://tmr.vn/wp-content/uploads/2026/06/Nam-Chien_Cap-nhat-XHTN_Tochucphathanh.pdf,,,,TMR,2026-09-07 08:10:48,2026-06-29
25/06/2026,Công ty Cổ phần Bất động sản Bcons PS,,Doanh nghiệp,Xếp hạng lần đầu,Công cụ nợ,,BBB-,Ổn định,BPS12602,https://tmr.vn/wp-content/uploads/2026/06/Bcons-PS_XHTN-lan-dau_Congcuno.pdf,,,,TMR,2026-09-07 08:10:48,2026-06-25
12/06/2026,Công ty Tài chính Tín dụng Tiêu dùng TNHH MB Shinsei,,Định chế Tài chính,Xếp hạng lần đầu,Tổ chức phát hành,,A-,Ổn định,,https://tmr.vn/wp-content/uploads/2026/06/MCredit_Cap-nhat-XHTN_Tochucphathanh.pdf,,,,TMR,2026-09-07 08:10:48,2026-06-12
27/05/2026,Công ty TNHH Miza Nghi Sơn,,Doanh nghiệp,Cập nhật kết quả XHTN,Tổ chức phát hành,,BBB-,Ổn định,,https://tmr.vn/wp-content/uploads/2026/05/MZN_Cap-nhat-XHTN_Tochucphathanh.pdf,,,,TMR,2026-09-07 08:10:48,2026-05-27
15/04/2026,Công ty Cổ phần Bất động sản Bcons PS,,Doanh nghiệp,Xếp hạng lần đầu,Công cụ nợ,,BBB-,Ổn định,BPS12601,https://tmr.vn/wp-content/uploads/2026/04/BconsPS_XHTN-PH-trai-phieu_da-ky.pdf,,,,TMR,2026-09-07 08:10:48,2026-04-15
01/04/2026,Công ty Cổ phần Bất động sản Bcons PS,,Doanh nghiệp,Xếp hạng lần đầu,Tổ chức phát hành,,BB+,Ổn định,,https://tmr.vn/wp-content/uploads/2026/04/RN0004-01-202604-BconsPS-da-ky.pdf,,,,TMR,2026-09-07 08:10:48,2026-04-01
25/12/2025,Công ty Cổ phần Phát triển điện Nậm Chiến,,Doanh nghiệp,Xếp hạng lần đầu,Tổ chức phát hành,,A,Ổn định,,https://tmr.vn/wp-content/uploads/2025/12/RN0002-01-202512-Nam-Chien-da-ky.pdf,,,,TMR,2026-09-07 08:10:48,2025-12-25
25/12/2025,Công ty Cổ phần Thủy điện Sông Quang,,Doanh nghiệp,Xếp hạng lần đầu,Tổ chức phát hành,,A-,Ổn định,,https://tmr.vn/wp-content/uploads/2025/12/RN0003-01-202512-Song-Quang-Da-ky.pdf,,,,TMR,2026-09-07 08:10:48,2025-12-25
04/11/2025,Công ty TNHH Miza Nghi Sơn,,Doanh nghiệp,Xếp hạng lần đầu,Tổ chức phát hành,,BBB-,Ổn định,,https://tmr.vn/wp-content/uploads/2025/11/RN0001-01-202511-BCMZNS.pdf,,,,TMR,2026-09-07 08:10:48,2025-11-04
30/06/2026,Công ty Cổ phần Thủy điện Hương Điền,,Doanh nghiệp,Xếp hạng lần đầu,Tổ chức phát hành,,A+,Ổn định,,https://tmr.vn/wp-content/uploads/2026/07/Huong-Dien_XHTN-lan-dau_Tochucphathanh.pdf,,,,TMR,2026-09-07 15:15:18,2026-06-30
29/06/2026,Công ty Cổ phần Thủy điện Sông Quang,,Doanh nghiệp,Cập nhật kết quả XHTN,Tổ chức phát hành,,A-,Ổn định,,https://tmr.vn/wp-content/uploads/2026/06/Song-Quang_Cap-nhat-XHTN_Tochucphathanh.pdf,,,,TMR,2026-09-07 15:15:18,2026-06-29
29/06/2026,Công ty Cổ phần Phát triển điện Nậm Chiến,,Doanh nghiệp,Cập nhật kết quả XHTN,Tổ chức phát hành,,A,Ổn định,,https://tmr.vn/wp-content/uploads/2026/06/Nam-Chien_Cap-nhat-XHTN_Tochucphathanh.pdf,,,,TMR,2026-09-07 15:15:18,2026-06-29
25/06/2026,Công ty Cổ phần Bất động sản Bcons PS,,Doanh nghiệp,Xếp hạng lần đầu,Công cụ nợ,,BBB-,Ổn định,BPS12602,https://tmr.vn/wp-content/uploads/2026/06/Bcons-PS_XHTN-lan-dau_Congcuno.pdf,,,,TMR,2026-09-07 15:15:18,2026-06-25
12/06/2026,Công ty Tài chính Tín dụng Tiêu dùng TNHH MB Shinsei,,Định chế Tài chính,Xếp hạng lần đầu,Tổ chức phát hành,,A-,Ổn định,,https://tmr.vn/wp-content/uploads/2026/06/MCredit_Cap-nhat-XHTN_Tochucphathanh.pdf,,,,TMR,2026-09-07 15:15:18,2026-06-12
27/05/2026,Công ty TNHH Miza Nghi Sơn,,Doanh nghiệp,Cập nhật kết quả XHTN,Tổ chức phát hành,,BBB-,Ổn định,,https://tmr.vn/wp-content/uploads/2026/05/MZN_Cap-nhat-XHTN_Tochucphathanh.pdf,,,,TMR,2026-09-07 15:15:18,2026-05-27
15/04/2026,Công ty Cổ phần Bất động sản Bcons PS,,Doanh nghiệp,Xếp hạng lần đầu,Công cụ nợ,,BBB-,Ổn định,BPS12601,https://tmr.vn/wp-content/uploads/2026/04/BconsPS_XHTN-PH-trai-phieu_da-ky.pdf,,,,TMR,2026-09-07 15:15:18,2026-04-15
01/04/2026,Công ty Cổ phần Bất động sản Bcons PS,,Doanh nghiệp,Xếp hạng lần đầu,Tổ chức phát hành,,BB+,Ổn định,,https://tmr.vn/wp-content/uploads/2026/04/RN0004-01-202604-BconsPS-da-ky.pdf,,,,TMR,2026-09-07 15:15:18,2026-04-01
25/12/2025,Công ty Cổ phần Phát triển điện Nậm Chiến,,Doanh nghiệp,Xếp hạng lần đầu,Tổ chức phát hành,,A,Ổn định,,https://tmr.vn/wp-content/uploads/2025/12/RN0002-01-202512-Nam-Chien-da-ky.pdf,,,,TMR,2026-09-07 15:15:18,2025-12-25
25/12/2025,Công ty Cổ phần Thủy điện Sông Quang,,Doanh nghiệp,Xếp hạng lần đầu,Tổ chức phát hành,,A-,Ổn định,,https://tmr.vn/wp-content/uploads/2025/12/RN0003-01-202512-Song-Quang-Da-ky.pdf,,,,TMR,2026-09-07 15:15:18,2025-12-25
04/11/2025,Công ty TNHH Miza Nghi Sơn,,Doanh nghiệp,Xếp hạng lần đầu,Tổ chức phát hành,,BBB-,Ổn định,,https://tmr.vn/wp-content/uploads/2025/11/RN0001-01-202511-BCMZNS.pdf,,,,TMR,2026-09-07 15:15:18,2025-11-04
30/06/2026,Công ty Cổ phần Thủy điện Hương Điền,,Doanh nghiệp,Xếp hạng lần đầu,Tổ chức phát hành,,A+,Ổn định,,https://tmr.vn/wp-content/uploads/2026/07/Huong-Dien_XHTN-lan-dau_Tochucphathanh.pdf,,,,TMR,2026-09-08 08:29:45,2026-06-30
29/06/2026,Công ty Cổ phần Thủy điện Sông Quang,,Doanh nghiệp,Cập nhật kết quả XHTN,Tổ chức phát hành,,A-,Ổn định,,https://tmr.vn/wp-content/uploads/2026/06/Song-Quang_Cap-nhat-XHTN_Tochucphathanh.pdf,,,,TMR,2026-09-08 08:29:45,2026-06-29
29/06/2026,Công ty Cổ phần Phát triển điện Nậm Chiến,,Doanh nghiệp,Cập nhật kết quả XHTN,Tổ chức phát hành,,A,Ổn định,,https://tmr.vn/wp-content/uploads/2026/06/Nam-Chien_Cap-nhat-XHTN_Tochucphathanh.pdf,,,,TMR,2026-09-08 08:29:45,2026-06-29
25/06/2026,Công ty Cổ phần Bất động sản Bcons PS,,Doanh nghiệp,Xếp hạng lần đầu,Công cụ nợ,,BBB-,Ổn định,BPS12602,https://tmr.vn/wp-content/uploads/2026/06/Bcons-PS_XHTN-lan-dau_Congcuno.pdf,,,,TMR,2026-09-08 08:29:45,2026-06-25
12/06/2026,Công ty Tài chính Tín dụng Tiêu dùng TNHH MB Shinsei,,Định chế Tài chính,Xếp hạng lần đầu,Tổ chức phát hành,,A-,Ổn định,,https://tmr.vn/wp-content/uploads/2026/06/MCredit_Cap-nhat-XHTN_Tochucphathanh.pdf,,,,TMR,2026-09-08 08:29:45,2026-06-12
27/05/2026,Công ty TNHH Miza Nghi Sơn,,Doanh nghiệp,Cập nhật kết quả XHTN,Tổ chức phát hành,,BBB-,Ổn định,,https://tmr.vn/wp-content/uploads/2026/05/MZN_Cap-nhat-XHTN_Tochucphathanh.pdf,,,,TMR,2026-09-08 08:29:45,2026-05-27
15/04/2026,Công ty Cổ phần Bất động sản Bcons PS,,Doanh nghiệp,Xếp hạng lần đầu,Công cụ nợ,,BBB-,Ổn định,BPS12601,https://tmr.vn/wp-content/uploads/2026/04/BconsPS_XHTN-PH-trai-phieu_da-ky.pdf,,,,TMR,2026-09-08 08:29:45,2026-04-15
01/04/2026,Công ty Cổ phần Bất động sản Bcons PS,,Doanh nghiệp,Xếp hạng lần đầu,Tổ chức phát hành,,BB+,Ổn định,,https://tmr.vn/wp-content/uploads/2026/04/RN0004-01-202604-BconsPS-da-ky.pdf,,,,TMR,2026-09-08 08:29:45,2026-04-01
25/12/2025,Công ty Cổ phần Phát triển điện Nậm Chiến,,Doanh nghiệp,Xếp hạng lần đầu,Tổ chức phát hành,,A,Ổn định,,https://tmr.vn/wp-content/uploads/2025/12/RN0002-01-202512-Nam-Chien-da-ky.pdf,,,,TMR,2026-09-08 08:29:45,2025-12-25
25/12/2025,Công ty Cổ phần Thủy điện Sông Quang,,Doanh nghiệp,Xếp hạng lần đầu,Tổ chức phát hành,,A-,Ổn định,,https://tmr.vn/wp-content/uploads/2025/12/RN0003-01-202512-Song-Quang-Da-ky.pdf,,,,TMR,2026-09-08 08:29:45,2025-12-25
04/11/2025,Công ty TNHH Miza Nghi Sơn,,Doanh nghiệp,Xếp hạng lần đầu,Tổ chức phát hành,,BBB-,Ổn định,,https://tmr.vn/wp-content/uploads/2025/11/RN0001-01-202511-BCMZNS.pdf,,,,TMR,2026-09-08 08:29:45,2025-11-04
30/06/2026,Công ty Cổ phần Thủy điện Hương Điền,,Doanh nghiệp,Xếp hạng lần đầu,Tổ chức phát hành,,A+,Ổn định,,https://tmr.vn/wp-content/uploads/2026/07/Huong-Dien_XHTN-lan-dau_Tochucphathanh.pdf,,,,TMR,2026-09-08 15:15:20,2026-06-30
29/06/2026,Công ty Cổ phần Thủy điện Sông Quang,,Doanh nghiệp,Cập nhật kết quả XHTN,Tổ chức phát hành,,A-,Ổn định,,https://tmr.vn/wp-content/uploads/2026/06/Song-Quang_Cap-nhat-XHTN_Tochucphathanh.pdf,,,,TMR,2026-09-08 15:15:20,2026-06-29
29/06/2026,Công ty Cổ phần Phát triển điện Nậm Chiến,,Doanh nghiệp,Cập nhật kết quả XHTN,Tổ chức phát hành,,A,Ổn định,,https://tmr.vn/wp-content/uploads/2026/06/Nam-Chien_Cap-nhat-XHTN_Tochucphathanh.pdf,,,,TMR,2026-09-08 15:15:20,2026-06-29
25/06/2026,Công ty Cổ phần Bất động sản Bcons PS,,Doanh nghiệp,Xếp hạng lần đầu,Công cụ nợ,,BBB-,Ổn định,BPS12602,https://tmr.vn/wp-content/uploads/2026/06/Bcons-PS_XHTN-lan-dau_Congcuno.pdf,,,,TMR,2026-09-08 15:15:20,2026-06-25
12/06/2026,Công ty Tài chính Tín dụng Tiêu dùng TNHH MB Shinsei,,Định chế Tài chính,Xếp hạng lần đầu,Tổ chức phát hành,,A-,Ổn định,,https://tmr.vn/wp-content/uploads/2026/06/MCredit_Cap-nhat-XHTN_Tochucphathanh.pdf,,,,TMR,2026-09-08 15:15:20,2026-06-12
27/05/2026,Công ty TNHH Miza Nghi Sơn,,Doanh nghiệp,Cập nhật kết quả XHTN,Tổ chức phát hành,,BBB-,Ổn định,,https://tmr.vn/wp-content/uploads/2026/05/MZN_Cap-nhat-XHTN_Tochucphathanh.pdf,,,,TMR,2026-09-08 15:15:20,2026-05-27
15/04/2026,Công ty Cổ phần Bất động sản Bcons PS,,Doanh nghiệp,Xếp hạng lần đầu,Công cụ nợ,,BBB-,Ổn định,BPS12601,https://tmr.vn/wp-content/uploads/2026/04/BconsPS_XHTN-PH-trai-phieu_da-ky.pdf,,,,TMR,2026-09-08 15:15:20,2026-04-15
01/04/2026,Công ty Cổ phần Bất động sản Bcons PS,,Doanh nghiệp,Xếp hạng lần đầu,Tổ chức phát hành,,BB+,Ổn định,,https://tmr.vn/wp-content/uploads/2026/04/RN0004-01-202604-BconsPS-da-ky.pdf,,,,TMR,2026-09-08 15:15:20,2026-04-01
25/12/2025,Công ty Cổ phần Phát triển điện Nậm Chiến,,Doanh nghiệp,Xếp hạng lần đầu,Tổ chức phát hành,,A,Ổn định,,https://tmr.vn/wp-content/uploads/2025/12/RN0002-01-202512-Nam-Chien-da-ky.pdf,,,,TMR,2026-09-08 15:15:20,2025-12-25
25/12/2025,Công ty Cổ phần Thủy điện Sông Quang,,Doanh nghiệp,Xếp hạng lần đầu,Tổ chức phát hành,,A-,Ổn định,,https://tmr.vn/wp-content/uploads/2025/12/RN0003-01-202512-Song-Quang-Da-ky.pdf,,,,TMR,2026-09-08 15:15:20,2025-12-25
04/11/2025,Công ty TNHH Miza Nghi Sơn,,Doanh nghiệp,Xếp hạng lần đầu,Tổ chức phát hành,,BBB-,Ổn định,,https://tmr.vn/wp-content/uploads/2025/11/RN0001-01-202511-BCMZNS.pdf,,,,TMR,2026-09-08 15:15:20,2025-11-04
30/06/2026,Công ty Cổ phần Thủy điện Hương Điền,,Doanh nghiệp,Xếp hạng lần đầu,Tổ chức phát hành,,A+,Ổn định,,https://tmr.vn/wp-content/uploads/2026/07/Huong-Dien_XHTN-lan-dau_Tochucphathanh.pdf,,,,TMR,2026-09-09 08:30:34,2026-06-30
29/06/2026,Công ty Cổ phần Thủy điện Sông Quang,,Doanh nghiệp,Cập nhật kết quả XHTN,Tổ chức phát hành,,A-,Ổn định,,https://tmr.vn/wp-content/uploads/2026/06/Song-Quang_Cap-nhat-XHTN_Tochucphathanh.pdf,,,,TMR,2026-09-09 08:30:34,2026-06-29
29/06/2026,Công ty Cổ phần Phát triển điện Nậm Chiến,,Doanh nghiệp,Cập nhật kết quả XHTN,Tổ chức phát hành,,A,Ổn định,,https://tmr.vn/wp-content/uploads/2026/06/Nam-Chien_Cap-nhat-XHTN_Tochucphathanh.pdf,,,,TMR,2026-09-09 08:30:34,2026-06-29
25/06/2026,Công ty Cổ phần Bất động sản Bcons PS,,Doanh nghiệp,Xếp hạng lần đầu,Công cụ nợ,,BBB-,Ổn định,BPS12602,https://tmr.vn/wp-content/uploads/2026/06/Bcons-PS_XHTN-lan-dau_Congcuno.pdf,,,,TMR,2026-09-09 08:30:34,2026-06-25
12/06/2026,Công ty Tài chính Tín dụng Tiêu dùng TNHH MB Shinsei,,Định chế Tài chính,Xếp hạng lần đầu,Tổ chức phát hành,,A-,Ổn định,,https://tmr.vn/wp-content/uploads/2026/06/MCredit_Cap-nhat-XHTN_Tochucphathanh.pdf,,,,TMR,2026-09-09 08:30:34,2026-06-12
27/05/2026,Công ty TNHH Miza Nghi Sơn,,Doanh nghiệp,Cập nhật kết quả XHTN,Tổ chức phát hành,,BBB-,Ổn định,,https://tmr.vn/wp-content/uploads/2026/05/MZN_Cap-nhat-XHTN_Tochucphathanh.pdf,,,,TMR,2026-09-09 08:30:34,2026-05-27
15/04/2026,Công ty Cổ phần Bất động sản Bcons PS,,Doanh nghiệp,Xếp hạng lần đầu,Công cụ nợ,,BBB-,Ổn định,BPS12601,https://tmr.vn/wp-content/uploads/2026/04/BconsPS_XHTN-PH-trai-phieu_da-ky.pdf,,,,TMR,2026-09-09 08:30:34,2026-04-15
01/04/2026,Công ty Cổ phần Bất động sản Bcons PS,,Doanh nghiệp,Xếp hạng lần đầu,Tổ chức phát hành,,BB+,Ổn định,,https://tmr.vn/wp-content/uploads/2026/04/RN0004-01-202604-BconsPS-da-ky.pdf,,,,TMR,2026-09-09 08:30:34,2026-04-01
25/12/2025,Công ty Cổ phần Phát triển điện Nậm Chiến,,Doanh nghiệp,Xếp hạng lần đầu,Tổ chức phát hành,,A,Ổn định,,https://tmr.vn/wp-content/uploads/2025/12/RN0002-01-202512-Nam-Chien-da-ky.pdf,,,,TMR,2026-09-09 08:30:34,2025-12-25
25/12/2025,Công ty Cổ phần Thủy điện Sông Quang,,Doanh nghiệp,Xếp hạng lần đầu,Tổ chức phát hành,,A-,Ổn định,,https://tmr.vn/wp-content/uploads/2025/12/RN0003-01-202512-Song-Quang-Da-ky.pdf,,,,TMR,2026-09-09 08:30:34,2025-12-25
04/11/2025,Công ty TNHH Miza Nghi Sơn,,Doanh nghiệp,Xếp hạng lần đầu,Tổ chức phát hành,,BBB-,Ổn định,,https://tmr.vn/wp-content/uploads/2025/11/RN0001-01-202511-BCMZNS.pdf,,,,TMR,2026-09-09 08:30:34,2025-11-04
30/06/2026,Công ty Cổ phần Thủy điện Hương Điền,,Doanh nghiệp,Xếp hạng lần đầu,Tổ chức phát hành,,A+,Ổn định,,https://tmr.vn/wp-content/uploads/2026/07/Huong-Dien_XHTN-lan-dau_Tochucphathanh.pdf,,,,TMR,2026-09-09 15:15:19,2026-06-30
29/06/2026,Công ty Cổ phần Thủy điện Sông Quang,,Doanh nghiệp,Cập nhật kết quả XHTN,Tổ chức phát hành,,A-,Ổn định,,https://tmr.vn/wp-content/uploads/2026/06/Song-Quang_Cap-nhat-XHTN_Tochucphathanh.pdf,,,,TMR,2026-09-09 15:15:19,2026-06-29
29/06/2026,Công ty Cổ phần Phát triển điện Nậm Chiến,,Doanh nghiệp,Cập nhật kết quả XHTN,Tổ chức phát hành,,A,Ổn định,,https://tmr.vn/wp-content/uploads/2026/06/Nam-Chien_Cap-nhat-XHTN_Tochucphathanh.pdf,,,,TMR,2026-09-09 15:15:19,2026-06-29
25/06/2026,Công ty Cổ phần Bất động sản Bcons PS,,Doanh nghiệp,Xếp hạng lần đầu,Công cụ nợ,,BBB-,Ổn định,BPS12602,https://tmr.vn/wp-content/uploads/2026/06/Bcons-PS_XHTN-lan-dau_Congcuno.pdf,,,,TMR,2026-09-09 15:15:19,2026-06-25
12/06/2026,Công ty Tài chính Tín dụng Tiêu dùng TNHH MB Shinsei,,Định chế Tài chính,Xếp hạng lần đầu,Tổ chức phát hành,,A-,Ổn định,,https://tmr.vn/wp-content/uploads/2026/06/MCredit_Cap-nhat-XHTN_Tochucphathanh.pdf,,,,TMR,2026-09-09 15:15:19,2026-06-12
27/05/2026,Công ty TNHH Miza Nghi Sơn,,Doanh nghiệp,Cập nhật kết quả XHTN,Tổ chức phát hành,,BBB-,Ổn định,,https://tmr.vn/wp-content/uploads/2026/05/MZN_Cap-nhat-XHTN_Tochucphathanh.pdf,,,,TMR,2026-09-09 15:15:19,2026-05-27
15/04/2026,Công ty Cổ phần Bất động sản Bcons PS,,Doanh nghiệp,Xếp hạng lần đầu,Công cụ nợ,,BBB-,Ổn định,BPS12601,https://tmr.vn/wp-content/uploads/2026/04/BconsPS_XHTN-PH-trai-phieu_da-ky.pdf,,,,TMR,2026-09-09 15:15:19,2026-04-15
01/04/2026,Công ty Cổ phần Bất động sản Bcons PS,,Doanh nghiệp,Xếp hạng lần đầu,Tổ chức phát hành,,BB+,Ổn định,,https://tmr.vn/wp-content/uploads/2026/04/RN0004-01-202604-BconsPS-da-ky.pdf,,,,TMR,2026-09-09 15:15:19,2026-04-01
25/12/2025,Công ty Cổ phần Phát triển điện Nậm Chiến,,Doanh nghiệp,Xếp hạng lần đầu,Tổ chức phát hành,,A,Ổn định,,https://tmr.vn/wp-content/uploads/2025/12/RN0002-01-202512-Nam-Chien-da-ky.pdf,,,,TMR,2026-09-09 15:15:19,2025-12-25
25/12/2025,Công ty Cổ phần Thủy điện Sông Quang,,Doanh nghiệp,Xếp hạng lần đầu,Tổ chức phát hành,,A-,Ổn định,,https://tmr.vn/wp-content/uploads/2025/12/RN0003-01-202512-Song-Quang-Da-ky.pdf,,,,TMR,2026-09-09 15:15:19,2025-12-25
04/11/2025,Công ty TNHH Miza Nghi Sơn,,Doanh nghiệp,Xếp hạng lần đầu,Tổ chức phát hành,,BBB-,Ổn định,,https://tmr.vn/wp-content/uploads/2025/11/RN0001-01-202511-BCMZNS.pdf,,,,TMR,2026-09-09 15:15:19,2025-11-04
30/06/2026,Công ty Cổ phần Thủy điện Hương Điền,,Doanh nghiệp,Xếp hạng lần đầu,Tổ chức phát hành,,A+,Ổn định,,https://tmr.vn/wp-content/uploads/2026/07/Huong-Dien_XHTN-lan-dau_Tochucphathanh.pdf,,,,TMR,2026-09-10 08:30:34,2026-06-30
29/06/2026,Công ty Cổ phần Thủy điện Sông Quang,,Doanh nghiệp,Cập nhật kết quả XHTN,Tổ chức phát hành,,A-,Ổn định,,https://tmr.vn/wp-content/uploads/2026/06/Song-Quang_Cap-nhat-XHTN_Tochucphathanh.pdf,,,,TMR,2026-09-10 08:30:34,2026-06-29
29/06/2026,Công ty Cổ phần Phát triển điện Nậm Chiến,,Doanh nghiệp,Cập nhật kết quả XHTN,Tổ chức phát hành,,A,Ổn định,,https://tmr.vn/wp-content/uploads/2026/06/Nam-Chien_Cap-nhat-XHTN_Tochucphathanh.pdf,,,,TMR,2026-09-10 08:30:34,2026-06-29
25/06/2026,Công ty Cổ phần Bất động sản Bcons PS,,Doanh nghiệp,Xếp hạng lần đầu,Công cụ nợ,,BBB-,Ổn định,BPS12602,https://tmr.vn/wp-content/uploads/2026/06/Bcons-PS_XHTN-lan-dau_Congcuno.pdf,,,,TMR,2026-09-10 08:30:34,2026-06-25
12/06/2026,Công ty Tài chính Tín dụng Tiêu dùng TNHH MB Shinsei,,Định chế Tài chính,Xếp hạng lần đầu,Tổ chức phát hành,,A-,Ổn định,,https://tmr.vn/wp-content/uploads/2026/06/MCredit_Cap-nhat-XHTN_Tochucphathanh.pdf,,,,TMR,2026-09-10 08:30:34,2026-06-12
27/05/2026,Công ty TNHH Miza Nghi Sơn,,Doanh nghiệp,Cập nhật kết quả XHTN,Tổ chức phát hành,,BBB-,Ổn định,,https://tmr.vn/wp-content/uploads/2026/05/MZN_Cap-nhat-XHTN_Tochucphathanh.pdf,,,,TMR,2026-09-10 08:30:34,2026-05-27
15/04/2026,Công ty Cổ phần Bất động sản Bcons PS,,Doanh nghiệp,Xếp hạng lần đầu,Công cụ nợ,,BBB-,Ổn định,BPS12601,https://tmr.vn/wp-content/uploads/2026/04/BconsPS_XHTN-PH-trai-phieu_da-ky.pdf,,,,TMR,2026-09-10 08:30:34,2026-04-15
01/04/2026,Công ty Cổ phần Bất động sản Bcons PS,,Doanh nghiệp,Xếp hạng lần đầu,Tổ chức phát hành,,BB+,Ổn định,,https://tmr.vn/wp-content/uploads/2026/04/RN0004-01-202604-BconsPS-da-ky.pdf,,,,TMR,2026-09-10 08:30:34,2026-04-01
25/12/2025,Công ty Cổ phần Phát triển điện Nậm Chiến,,Doanh nghiệp,Xếp hạng lần đầu,Tổ chức phát hành,,A,Ổn định,,https://tmr.vn/wp-content/uploads/2025/12/RN0002-01-202512-Nam-Chien-da-ky.pdf,,,,TMR,2026-09-10 08:30:34,2025-12-25
25/12/2025,Công ty Cổ phần Thủy điện Sông Quang,,Doanh nghiệp,Xếp hạng lần đầu,Tổ chức phát hành,,A-,Ổn định,,https://tmr.vn/wp-content/uploads/2025/12/RN0003-01-202512-Song-Quang-Da-ky.pdf,,,,TMR,2026-09-10 08:30:34,2025-12-25
04/11/2025,Công ty TNHH Miza Nghi Sơn,,Doanh nghiệp,Xếp hạng lần đầu,Tổ chức phát hành,,BBB-,Ổn định,,https://tmr.vn/wp-content/uploads/2025/11/RN0001-01-202511-BCMZNS.pdf,,,,TMR,2026-09-10 08:30:34,2025-11-04
30/06/2026,Công ty Cổ phần Thủy điện Hương Điền,,Doanh nghiệp,Xếp hạng lần đầu,Tổ chức phát hành,,A+,Ổn định,,https://tmr.vn/wp-content/uploads/2026/07/Huong-Dien_XHTN-lan-dau_Tochucphathanh.pdf,,,,TMR,2026-09-10 11:02:09,2026-06-30
29/06/2026,Công ty Cổ phần Thủy điện Sông Quang,,Doanh nghiệp,Cập nhật kết quả XHTN,Tổ chức phát hành,,A-,Ổn định,,https://tmr.vn/wp-content/uploads/2026/06/Song-Quang_Cap-nhat-XHTN_Tochucphathanh.pdf,,,,TMR,2026-09-10 11:02:09,2026-06-29
29/06/2026,Công ty Cổ phần Phát triển điện Nậm Chiến,,Doanh nghiệp,Cập nhật kết quả XHTN,Tổ chức phát hành,,A,Ổn định,,https://tmr.vn/wp-content/uploads/2026/06/Nam-Chien_Cap-nhat-XHTN_Tochucphathanh.pdf,,,,TMR,2026-09-10 11:02:09,2026-06-29
25/06/2026,Công ty Cổ phần Bất động sản Bcons PS,,Doanh nghiệp,Xếp hạng lần đầu,Công cụ nợ,,BBB-,Ổn định,BPS12602,https://tmr.vn/wp-content/uploads/2026/06/Bcons-PS_XHTN-lan-dau_Congcuno.pdf,,,,TMR,2026-09-10 11:02:09,2026-06-25
12/06/2026,Công ty Tài chính Tín dụng Tiêu dùng TNHH MB Shinsei,,Định chế Tài chính,Xếp hạng lần đầu,Tổ chức phát hành,,A-,Ổn định,,https://tmr.vn/wp-content/uploads/2026/06/MCredit_Cap-nhat-XHTN_Tochucphathanh.pdf,,,,TMR,2026-09-10 11:02:09,2026-06-12
27/05/2026,Công ty TNHH Miza Nghi Sơn,,Doanh nghiệp,Cập nhật kết quả XHTN,Tổ chức phát hành,,BBB-,Ổn định,,https://tmr.vn/wp-content/uploads/2026/05/MZN_Cap-nhat-XHTN_Tochucphathanh.pdf,,,,TMR,2026-09-10 11:02:09,2026-05-27
15/04/2026,Công ty Cổ phần Bất động sản Bcons PS,,Doanh nghiệp,Xếp hạng lần đầu,Công cụ nợ,,BBB-,Ổn định,BPS12601,https://tmr.vn/wp-content/uploads/2026/04/BconsPS_XHTN-PH-trai-phieu_da-ky.pdf,,,,TMR,2026-09-10 11:02:09,2026-04-15
01/04/2026,Công ty Cổ phần Bất động sản Bcons PS,,Doanh nghiệp,Xếp hạng lần đầu,Tổ chức phát hành,,BB+,Ổn định,,https://tmr.vn/wp-content/uploads/2026/04/RN0004-01-202604-BconsPS-da-ky.pdf,,,,TMR,2026-09-10 11:02:09,2026-04-01
25/12/2025,Công ty Cổ phần Phát triển điện Nậm Chiến,,Doanh nghiệp,Xếp hạng lần đầu,Tổ chức phát hành,,A,Ổn định,,https://tmr.vn/wp-content/uploads/2025/12/RN0002-01-202512-Nam-Chien-da-ky.pdf,,,,TMR,2026-09-10 11:02:09,2025-12-25
25/12/2025,Công ty Cổ phần Thủy điện Sông Quang,,Doanh nghiệp,Xếp hạng lần đầu,Tổ chức phát hành,,A-,Ổn định,,https://tmr.vn/wp-content/uploads/2025/12/RN0003-01-202512-Song-Quang-Da-ky.pdf,,,,TMR,2026-09-10 11:02:09,2025-12-25
04/11/2025,Công ty TNHH Miza Nghi Sơn,,Doanh nghiệp,Xếp hạng lần đầu,Tổ chức phát hành,,BBB-,Ổn định,,https://tmr.vn/wp-content/uploads/2025/11/RN0001-01-202511-BCMZNS.pdf,,,,TMR,2026-09-10 11:02:09,2025-11-04
30/06/2026,Công ty Cổ phần Thủy điện Hương Điền,,Doanh nghiệp,Xếp hạng lần đầu,Tổ chức phát hành,,A+,Ổn định,,https://tmr.vn/wp-content/uploads/2026/07/Huong-Dien_XHTN-lan-dau_Tochucphathanh.pdf,,,,TMR,2026-09-10 15:15:19,2026-06-30
29/06/2026,Công ty Cổ phần Thủy điện Sông Quang,,Doanh nghiệp,Cập nhật kết quả XHTN,Tổ chức phát hành,,A-,Ổn định,,https://tmr.vn/wp-content/uploads/2026/06/Song-Quang_Cap-nhat-XHTN_Tochucphathanh.pdf,,,,TMR,2026-09-10 15:15:19,2026-06-29
29/06/2026,Công ty Cổ phần Phát triển điện Nậm Chiến,,Doanh nghiệp,Cập nhật kết quả XHTN,Tổ chức phát hành,,A,Ổn định,,https://tmr.vn/wp-content/uploads/2026/06/Nam-Chien_Cap-nhat-XHTN_Tochucphathanh.pdf,,,,TMR,2026-09-10 15:15:19,2026-06-29
25/06/2026,Công ty Cổ phần Bất động sản Bcons PS,,Doanh nghiệp,Xếp hạng lần đầu,Công cụ nợ,,BBB-,Ổn định,BPS12602,https://tmr.vn/wp-content/uploads/2026/06/Bcons-PS_XHTN-lan-dau_Congcuno.pdf,,,,TMR,2026-09-10 15:15:19,2026-06-25
12/06/2026,Công ty Tài chính Tín dụng Tiêu dùng TNHH MB Shinsei,,Định chế Tài chính,Xếp hạng lần đầu,Tổ chức phát hành,,A-,Ổn định,,https://tmr.vn/wp-content/uploads/2026/06/MCredit_Cap-nhat-XHTN_Tochucphathanh.pdf,,,,TMR,2026-09-10 15:15:19,2026-06-12
27/05/2026,Công ty TNHH Miza Nghi Sơn,,Doanh nghiệp,Cập nhật kết quả XHTN,Tổ chức phát hành,,BBB-,Ổn định,,https://tmr.vn/wp-content/uploads/2026/05/MZN_Cap-nhat-XHTN_Tochucphathanh.pdf,,,,TMR,2026-09-10 15:15:19,2026-05-27
15/04/2026,Công ty Cổ phần Bất động sản Bcons PS,,Doanh nghiệp,Xếp hạng lần đầu,Công cụ nợ,,BBB-,Ổn định,BPS12601,https://tmr.vn/wp-content/uploads/2026/04/BconsPS_XHTN-PH-trai-phieu_da-ky.pdf,,,,TMR,2026-09-10 15:15:19,2026-04-15
01/04/2026,Công ty Cổ phần Bất động sản Bcons PS,,Doanh nghiệp,Xếp hạng lần đầu,Tổ chức phát hành,,BB+,Ổn định,,https://tmr.vn/wp-content/uploads/2026/04/RN0004-01-202604-BconsPS-da-ky.pdf,,,,TMR,2026-09-10 15:15:19,2026-04-01
25/12/2025,Công ty Cổ phần Phát triển điện Nậm Chiến,,Doanh nghiệp,Xếp hạng lần đầu,Tổ chức phát hành,,A,Ổn định,,https://tmr.vn/wp-content/uploads/2025/12/RN0002-01-202512-Nam-Chien-da-ky.pdf,,,,TMR,2026-09-10 15:15:19,2025-12-25
25/12/2025,Công ty Cổ phần Thủy điện Sông Quang,,Doanh nghiệp,Xếp hạng lần đầu,Tổ chức phát hành,,A-,Ổn định,,https://tmr.vn/wp-content/uploads/2025/12/RN0003-01-202512-Song-Quang-Da-ky.pdf,,,,TMR,2026-09-10 15:15:19,2025-12-25
04/11/2025,Công ty TNHH Miza Nghi Sơn,,Doanh nghiệp,Xếp hạng lần đầu,Tổ chức phát hành,,BBB-,Ổn định,,https://tmr.vn/wp-content/uploads/2025/11/RN0001-01-202511-BCMZNS.pdf,,,,TMR,2026-09-10 15:15:19,2025-11-04
30/06/2026,Công ty Cổ phần Thủy điện Hương Điền,,Doanh nghiệp,Xếp hạng lần đầu,Tổ chức phát hành,,A+,Ổn định,,https://tmr.vn/wp-content/uploads/2026/07/Huong-Dien_XHTN-lan-dau_Tochucphathanh.pdf,,,,TMR,2026-09-11 08:20:19,2026-06-30
29/06/2026,Công ty Cổ phần Thủy điện Sông Quang,,Doanh nghiệp,Cập nhật kết quả XHTN,Tổ chức phát hành,,A-,Ổn định,,https://tmr.vn/wp-content/uploads/2026/06/Song-Quang_Cap-nhat-XHTN_Tochucphathanh.pdf,,,,TMR,2026-09-11 08:20:19,2026-06-29
29/06/2026,Công ty Cổ phần Phát triển điện Nậm Chiến,,Doanh nghiệp,Cập nhật kết quả XHTN,Tổ chức phát hành,,A,Ổn định,,https://tmr.vn/wp-content/uploads/2026/06/Nam-Chien_Cap-nhat-XHTN_Tochucphathanh.pdf,,,,TMR,2026-09-11 08:20:19,2026-06-29
25/06/2026,Công ty Cổ phần Bất động sản Bcons PS,,Doanh nghiệp,Xếp hạng lần đầu,Công cụ nợ,,BBB-,Ổn định,BPS12602,https://tmr.vn/wp-content/uploads/2026/06/Bcons-PS_XHTN-lan-dau_Congcuno.pdf,,,,TMR,2026-09-11 08:20:19,2026-06-25
12/06/2026,Công ty Tài chính Tín dụng Tiêu dùng TNHH MB Shinsei,,Định chế Tài chính,Xếp hạng lần đầu,Tổ chức phát hành,,A-,Ổn định,,https://tmr.vn/wp-content/uploads/2026/06/MCredit_Cap-nhat-XHTN_Tochucphathanh.pdf,,,,TMR,2026-09-11 08:20:19,2026-06-12
27/05/2026,Công ty TNHH Miza Nghi Sơn,,Doanh nghiệp,Cập nhật kết quả XHTN,Tổ chức phát hành,,BBB-,Ổn định,,https://tmr.vn/wp-content/uploads/2026/05/MZN_Cap-nhat-XHTN_Tochucphathanh.pdf,,,,TMR,2026-09-11 08:20:19,2026-05-27
15/04/2026,Công ty Cổ phần Bất động sản Bcons PS,,Doanh nghiệp,Xếp hạng lần đầu,Công cụ nợ,,BBB-,Ổn định,BPS12601,https://tmr.vn/wp-content/uploads/2026/04/BconsPS_XHTN-PH-trai-phieu_da-ky.pdf,,,,TMR,2026-09-11 08:20:19,2026-04-15
01/04/2026,Công ty Cổ phần Bất động sản Bcons PS,,Doanh nghiệp,Xếp hạng lần đầu,Tổ chức phát hành,,BB+,Ổn định,,https://tmr.vn/wp-content/uploads/2026/04/RN0004-01-202604-BconsPS-da-ky.pdf,,,,TMR,2026-09-11 08:20:19,2026-04-01
25/12/2025,Công ty Cổ phần Phát triển điện Nậm Chiến,,Doanh nghiệp,Xếp hạng lần đầu,Tổ chức phát hành,,A,Ổn định,,https://tmr.vn/wp-content/uploads/2025/12/RN0002-01-202512-Nam-Chien-da-ky.pdf,,,,TMR,2026-09-11 08:20:19,2025-12-25
25/12/2025,Công ty Cổ phần Thủy điện Sông Quang,,Doanh nghiệp,Xếp hạng lần đầu,Tổ chức phát hành,,A-,Ổn định,,https://tmr.vn/wp-content/uploads/2025/12/RN0003-01-202512-Song-Quang-Da-ky.pdf,,,,TMR,2026-09-11 08:20:19,2025-12-25
04/11/2025,Công ty TNHH Miza Nghi Sơn,,Doanh nghiệp,Xếp hạng lần đầu,Tổ chức phát hành,,BBB-,Ổn định,,https://tmr.vn/wp-content/uploads/2025/11/RN0001-01-202511-BCMZNS.pdf,,,,TMR,2026-09-11 08:20:19,2025-11-04
30/06/2026,Công ty Cổ phần Thủy điện Hương Điền,,Doanh nghiệp,Xếp hạng lần đầu,Tổ chức phát hành,,A+,Ổn định,,https://tmr.vn/wp-content/uploads/2026/07/Huong-Dien_XHTN-lan-dau_Tochucphathanh.pdf,,,,TMR,2026-09-11 15:15:20,2026-06-30
29/06/2026,Công ty Cổ phần Thủy điện Sông Quang,,Doanh nghiệp,Cập nhật kết quả XHTN,Tổ chức phát hành,,A-,Ổn định,,https://tmr.vn/wp-content/uploads/2026/06/Song-Quang_Cap-nhat-XHTN_Tochucphathanh.pdf,,,,TMR,2026-09-11 15:15:20,2026-06-29
29/06/2026,Công ty Cổ phần Phát triển điện Nậm Chiến,,Doanh nghiệp,Cập nhật kết quả XHTN,Tổ chức phát hành,,A,Ổn định,,https://tmr.vn/wp-content/uploads/2026/06/Nam-Chien_Cap-nhat-XHTN_Tochucphathanh.pdf,,,,TMR,2026-09-11 15:15:20,2026-06-29
25/06/2026,Công ty Cổ phần Bất động sản Bcons PS,,Doanh nghiệp,Xếp hạng lần đầu,Công cụ nợ,,BBB-,Ổn định,BPS12602,https://tmr.vn/wp-content/uploads/2026/06/Bcons-PS_XHTN-lan-dau_Congcuno.pdf,,,,TMR,2026-09-11 15:15:20,2026-06-25
12/06/2026,Công ty Tài chính Tín dụng Tiêu dùng TNHH MB Shinsei,,Định chế Tài chính,Xếp hạng lần đầu,Tổ chức phát hành,,A-,Ổn định,,https://tmr.vn/wp-content/uploads/2026/06/MCredit_Cap-nhat-XHTN_Tochucphathanh.pdf,,,,TMR,2026-09-11 15:15:20,2026-06-12
27/05/2026,Công ty TNHH Miza Nghi Sơn,,Doanh nghiệp,Cập nhật kết quả XHTN,Tổ chức phát hành,,BBB-,Ổn định,,https://tmr.vn/wp-content/uploads/2026/05/MZN_Cap-nhat-XHTN_Tochucphathanh.pdf,,,,TMR,2026-09-11 15:15:20,2026-05-27
15/04/2026,Công ty Cổ phần Bất động sản Bcons PS,,Doanh nghiệp,Xếp hạng lần đầu,Công cụ nợ,,BBB-,Ổn định,BPS12601,https://tmr.vn/wp-content/uploads/2026/04/BconsPS_XHTN-PH-trai-phieu_da-ky.pdf,,,,TMR,2026-09-11 15:15:20,2026-04-15
01/04/2026,Công ty Cổ phần Bất động sản Bcons PS,,Doanh nghiệp,Xếp hạng lần đầu,Tổ chức phát hành,,BB+,Ổn định,,https://tmr.vn/wp-content/uploads/2026/04/RN0004-01-202604-BconsPS-da-ky.pdf,,,,TMR,2026-09-11 15:15:20,2026-04-01
25/12/2025,Công ty Cổ phần Phát triển điện Nậm Chiến,,Doanh nghiệp,Xếp hạng lần đầu,Tổ chức phát hành,,A,Ổn định,,https://tmr.vn/wp-content/uploads/2025/12/RN0002-01-202512-Nam-Chien-da-ky.pdf,,,,TMR,2026-09-11 15:15:20,2025-12-25
25/12/2025,Công ty Cổ phần Thủy điện Sông Quang,,Doanh nghiệp,Xếp hạng lần đầu,Tổ chức phát hành,,A-,Ổn định,,https://tmr.vn/wp-content/uploads/2025/12/RN0003-01-202512-Song-Quang-Da-ky.pdf,,,,TMR,2026-09-11 15:15:20,2025-12-25
04/11/2025,Công ty TNHH Miza Nghi Sơn,,Doanh nghiệp,Xếp hạng lần đầu,Tổ chức phát hành,,BBB-,Ổn định,,https://tmr.vn/wp-content/uploads/2025/11/RN0001-01-202511-BCMZNS.pdf,,,,TMR,2026-09-11 15:15:20,2025-11-04
30/06/2026,Công ty Cổ phần Thủy điện Hương Điền,,Doanh nghiệp,Xếp hạng lần đầu,Tổ chức phát hành,,A+,Ổn định,,https://tmr.vn/wp-content/uploads/2026/07/Huong-Dien_XHTN-lan-dau_Tochucphathanh.pdf,,,,TMR,2026-09-14 07:11:31,2026-06-30
29/06/2026,Công ty Cổ phần Thủy điện Sông Quang,,Doanh nghiệp,Cập nhật kết quả XHTN,Tổ chức phát hành,,A-,Ổn định,,https://tmr.vn/wp-content/uploads/2026/06/Song-Quang_Cap-nhat-XHTN_Tochucphathanh.pdf,,,,TMR,2026-09-14 07:11:31,2026-06-29
29/06/2026,Công ty Cổ phần Phát triển điện Nậm Chiến,,Doanh nghiệp,Cập nhật kết quả XHTN,Tổ chức phát hành,,A,Ổn định,,https://tmr.vn/wp-content/uploads/2026/06/Nam-Chien_Cap-nhat-XHTN_Tochucphathanh.pdf,,,,TMR,2026-09-14 07:11:31,2026-06-29
25/06/2026,Công ty Cổ phần Bất động sản Bcons PS,,Doanh nghiệp,Xếp hạng lần đầu,Công cụ nợ,,BBB-,Ổn định,BPS12602,https://tmr.vn/wp-content/uploads/2026/06/Bcons-PS_XHTN-lan-dau_Congcuno.pdf,,,,TMR,2026-09-14 07:11:31,2026-06-25
12/06/2026,Công ty Tài chính Tín dụng Tiêu dùng TNHH MB Shinsei,,Định chế Tài chính,Xếp hạng lần đầu,Tổ chức phát hành,,A-,Ổn định,,https://tmr.vn/wp-content/uploads/2026/06/MCredit_Cap-nhat-XHTN_Tochucphathanh.pdf,,,,TMR,2026-09-14 07:11:31,2026-06-12
27/05/2026,Công ty TNHH Miza Nghi Sơn,,Doanh nghiệp,Cập nhật kết quả XHTN,Tổ chức phát hành,,BBB-,Ổn định,,https://tmr.vn/wp-content/uploads/2026/05/MZN_Cap-nhat-XHTN_Tochucphathanh.pdf,,,,TMR,2026-09-14 07:11:31,2026-05-27
15/04/2026,Công ty Cổ phần Bất động sản Bcons PS,,Doanh nghiệp,Xếp hạng lần đầu,Công cụ nợ,,BBB-,Ổn định,BPS12601,https://tmr.vn/wp-content/uploads/2026/04/BconsPS_XHTN-PH-trai-phieu_da-ky.pdf,,,,TMR,2026-09-14 07:11:31,2026-04-15
01/04/2026,Công ty Cổ phần Bất động sản Bcons PS,,Doanh nghiệp,Xếp hạng lần đầu,Tổ chức phát hành,,BB+,Ổn định,,https://tmr.vn/wp-content/uploads/2026/04/RN0004-01-202604-BconsPS-da-ky.pdf,,,,TMR,2026-09-14 07:11:31,2026-04-01
25/12/2025,Công ty Cổ phần Phát triển điện Nậm Chiến,,Doanh nghiệp,Xếp hạng lần đầu,Tổ chức phát hành,,A,Ổn định,,https://tmr.vn/wp-content/uploads/2025/12/RN0002-01-202512-Nam-Chien-da-ky.pdf,,,,TMR,2026-09-14 07:11:31,2025-12-25
25/12/2025,Công ty Cổ phần Thủy điện Sông Quang,,Doanh nghiệp,Xếp hạng lần đầu,Tổ chức phát hành,,A-,Ổn định,,https://tmr.vn/wp-content/uploads/2025/12/RN0003-01-202512-Song-Quang-Da-ky.pdf,,,,TMR,2026-09-14 07:11:31,2025-12-25
04/11/2025,Công ty TNHH Miza Nghi Sơn,,Doanh nghiệp,Xếp hạng lần đầu,Tổ chức phát hành,,BBB-,Ổn định,,https://tmr.vn/wp-content/uploads/2025/11/RN0001-01-202511-BCMZNS.pdf,,,,TMR,2026-09-14 07:11:31,2025-11-04
30/06/2026,Công ty Cổ phần Thủy điện Hương Điền,,Doanh nghiệp,Xếp hạng lần đầu,Tổ chức phát hành,,A+,Ổn định,,https://tmr.vn/wp-content/uploads/2026/07/Huong-Dien_XHTN-lan-dau_Tochucphathanh.pdf,,,,TMR,2026-09-14 08:50:21,2026-06-30
29/06/2026,Công ty Cổ phần Thủy điện Sông Quang,,Doanh nghiệp,Cập nhật kết quả XHTN,Tổ chức phát hành,,A-,Ổn định,,https://tmr.vn/wp-content/uploads/2026/06/Song-Quang_Cap-nhat-XHTN_Tochucphathanh.pdf,,,,TMR,2026-09-14 08:50:21,2026-06-29
29/06/2026,Công ty Cổ phần Phát triển điện Nậm Chiến,,Doanh nghiệp,Cập nhật kết quả XHTN,Tổ chức phát hành,,A,Ổn định,,https://tmr.vn/wp-content/uploads/2026/06/Nam-Chien_Cap-nhat-XHTN_Tochucphathanh.pdf,,,,TMR,2026-09-14 08:50:21,2026-06-29
25/06/2026,Công ty Cổ phần Bất động sản Bcons PS,,Doanh nghiệp,Xếp hạng lần đầu,Công cụ nợ,,BBB-,Ổn định,BPS12602,https://tmr.vn/wp-content/uploads/2026/06/Bcons-PS_XHTN-lan-dau_Congcuno.pdf,,,,TMR,2026-09-14 08:50:21,2026-06-25
12/06/2026,Công ty Tài chính Tín dụng Tiêu dùng TNHH MB Shinsei,,Định chế Tài chính,Xếp hạng lần đầu,Tổ chức phát hành,,A-,Ổn định,,https://tmr.vn/wp-content/uploads/2026/06/MCredit_Cap-nhat-XHTN_Tochucphathanh.pdf,,,,TMR,2026-09-14 08:50:21,2026-06-12
27/05/2026,Công ty TNHH Miza Nghi Sơn,,Doanh nghiệp,Cập nhật kết quả XHTN,Tổ chức phát hành,,BBB-,Ổn định,,https://tmr.vn/wp-content/uploads/2026/05/MZN_Cap-nhat-XHTN_Tochucphathanh.pdf,,,,TMR,2026-09-14 08:50:21,2026-05-27
15/04/2026,Công ty Cổ phần Bất động sản Bcons PS,,Doanh nghiệp,Xếp hạng lần đầu,Công cụ nợ,,BBB-,Ổn định,BPS12601,https://tmr.vn/wp-content/uploads/2026/04/BconsPS_XHTN-PH-trai-phieu_da-ky.pdf,,,,TMR,2026-09-14 08:50:21,2026-04-15
01/04/2026,Công ty Cổ phần Bất động sản Bcons PS,,Doanh nghiệp,Xếp hạng lần đầu,Tổ chức phát hành,,BB+,Ổn định,,https://tmr.vn/wp-content/uploads/2026/04/RN0004-01-202604-BconsPS-da-ky.pdf,,,,TMR,2026-09-14 08:50:21,2026-04-01
25/12/2025,Công ty Cổ phần Phát triển điện Nậm Chiến,,Doanh nghiệp,Xếp hạng lần đầu,Tổ chức phát hành,,A,Ổn định,,https://tmr.vn/wp-content/uploads/2025/12/RN0002-01-202512-Nam-Chien-da-ky.pdf,,,,TMR,2026-09-14 08:50:21,2025-12-25
25/12/2025,Công ty Cổ phần Thủy điện Sông Quang,,Doanh nghiệp,Xếp hạng lần đầu,Tổ chức phát hành,,A-,Ổn định,,https://tmr.vn/wp-content/uploads/2025/12/RN0003-01-202512-Song-Quang-Da-ky.pdf,,,,TMR,2026-09-14 08:50:21,2025-12-25
04/11/2025,Công ty TNHH Miza Nghi Sơn,,Doanh nghiệp,Xếp hạng lần đầu,Tổ chức phát hành,,BBB-,Ổn định,,https://tmr.vn/wp-content/uploads/2025/11/RN0001-01-202511-BCMZNS.pdf,,,,TMR,2026-09-14 08:50:21,2025-11-04
30/06/2026,Công ty Cổ phần Thủy điện Hương Điền,,Doanh nghiệp,Xếp hạng lần đầu,Tổ chức phát hành,,A+,Ổn định,,https://tmr.vn/wp-content/uploads/2026/07/Huong-Dien_XHTN-lan-dau_Tochucphathanh.pdf,,,,TMR,2026-09-14 15:15:22,2026-06-30
29/06/2026,Công ty Cổ phần Thủy điện Sông Quang,,Doanh nghiệp,Cập nhật kết quả XHTN,Tổ chức phát hành,,A-,Ổn định,,https://tmr.vn/wp-content/uploads/2026/06/Song-Quang_Cap-nhat-XHTN_Tochucphathanh.pdf,,,,TMR,2026-09-14 15:15:22,2026-06-29
29/06/2026,Công ty Cổ phần Phát triển điện Nậm Chiến,,Doanh nghiệp,Cập nhật kết quả XHTN,Tổ chức phát hành,,A,Ổn định,,https://tmr.vn/wp-content/uploads/2026/06/Nam-Chien_Cap-nhat-XHTN_Tochucphathanh.pdf,,,,TMR,2026-09-14 15:15:22,2026-06-29
25/06/2026,Công ty Cổ phần Bất động sản Bcons PS,,Doanh nghiệp,Xếp hạng lần đầu,Công cụ nợ,,BBB-,Ổn định,BPS12602,https://tmr.vn/wp-content/uploads/2026/06/Bcons-PS_XHTN-lan-dau_Congcuno.pdf,,,,TMR,2026-09-14 15:15:22,2026-06-25
12/06/2026,Công ty Tài chính Tín dụng Tiêu dùng TNHH MB Shinsei,,Định chế Tài chính,Xếp hạng lần đầu,Tổ chức phát hành,,A-,Ổn định,,https://tmr.vn/wp-content/uploads/2026/06/MCredit_Cap-nhat-XHTN_Tochucphathanh.pdf,,,,TMR,2026-09-14 15:15:22,2026-06-12
27/05/2026,Công ty TNHH Miza Nghi Sơn,,Doanh nghiệp,Cập nhật kết quả XHTN,Tổ chức phát hành,,BBB-,Ổn định,,https://tmr.vn/wp-content/uploads/2026/05/MZN_Cap-nhat-XHTN_Tochucphathanh.pdf,,,,TMR,2026-09-14 15:15:22,2026-05-27
15/04/2026,Công ty Cổ phần Bất động sản Bcons PS,,Doanh nghiệp,Xếp hạng lần đầu,Công cụ nợ,,BBB-,Ổn định,BPS12601,https://tmr.vn/wp-content/uploads/2026/04/BconsPS_XHTN-PH-trai-phieu_da-ky.pdf,,,,TMR,2026-09-14 15:15:22,2026-04-15
01/04/2026,Công ty Cổ phần Bất động sản Bcons PS,,Doanh nghiệp,Xếp hạng lần đầu,Tổ chức phát hành,,BB+,Ổn định,,https://tmr.vn/wp-content/uploads/2026/04/RN0004-01-202604-BconsPS-da-ky.pdf,,,,TMR,2026-09-14 15:15:22,2026-04-01
25/12/2025,Công ty Cổ phần Phát triển điện Nậm Chiến,,Doanh nghiệp,Xếp hạng lần đầu,Tổ chức phát hành,,A,Ổn định,,https://tmr.vn/wp-content/uploads/2025/12/RN0002-01-202512-Nam-Chien-da-ky.pdf,,,,TMR,2026-09-14 15:15:22,2025-12-25
25/12/2025,Công ty Cổ phần Thủy điện Sông Quang,,Doanh nghiệp,Xếp hạng lần đầu,Tổ chức phát hành,,A-,Ổn định,,https://tmr.vn/wp-content/uploads/2025/12/RN0003-01-202512-Song-Quang-Da-ky.pdf,,,,TMR,2026-09-14 15:15:22,2025-12-25
04/11/2025,Công ty TNHH Miza Nghi Sơn,,Doanh nghiệp,Xếp hạng lần đầu,Tổ chức phát hành,,BBB-,Ổn định,,https://tmr.vn/wp-content/uploads/2025/11/RN0001-01-202511-BCMZNS.pdf,,,,TMR,2026-09-14 15:15:22,2025-11-04
30/06/2026,Công ty Cổ phần Thủy điện Hương Điền,,Doanh nghiệp,Xếp hạng lần đầu,Tổ chức phát hành,,A+,Ổn định,,https://tmr.vn/wp-content/uploads/2026/07/Huong-Dien_XHTN-lan-dau_Tochucphathanh.pdf,,,,TMR,2026-09-15 08:40:35,2026-06-30
29/06/2026,Công ty Cổ phần Thủy điện Sông Quang,,Doanh nghiệp,Cập nhật kết quả XHTN,Tổ chức phát hành,,A-,Ổn định,,https://tmr.vn/wp-content/uploads/2026/06/Song-Quang_Cap-nhat-XHTN_Tochucphathanh.pdf,,,,TMR,2026-09-15 08:40:35,2026-06-29
29/06/2026,Công ty Cổ phần Phát triển điện Nậm Chiến,,Doanh nghiệp,Cập nhật kết quả XHTN,Tổ chức phát hành,,A,Ổn định,,https://tmr.vn/wp-content/uploads/2026/06/Nam-Chien_Cap-nhat-XHTN_Tochucphathanh.pdf,,,,TMR,2026-09-15 08:40:35,2026-06-29
25/06/2026,Công ty Cổ phần Bất động sản Bcons PS,,Doanh nghiệp,Xếp hạng lần đầu,Công cụ nợ,,BBB-,Ổn định,BPS12602,https://tmr.vn/wp-content/uploads/2026/06/Bcons-PS_XHTN-lan-dau_Congcuno.pdf,,,,TMR,2026-09-15 08:40:35,2026-06-25
12/06/2026,Công ty Tài chính Tín dụng Tiêu dùng TNHH MB Shinsei,,Định chế Tài chính,Xếp hạng lần đầu,Tổ chức phát hành,,A-,Ổn định,,https://tmr.vn/wp-content/uploads/2026/06/MCredit_Cap-nhat-XHTN_Tochucphathanh.pdf,,,,TMR,2026-09-15 08:40:35,2026-06-12
27/05/2026,Công ty TNHH Miza Nghi Sơn,,Doanh nghiệp,Cập nhật kết quả XHTN,Tổ chức phát hành,,BBB-,Ổn định,,https://tmr.vn/wp-content/uploads/2026/05/MZN_Cap-nhat-XHTN_Tochucphathanh.pdf,,,,TMR,2026-09-15 08:40:35,2026-05-27
15/04/2026,Công ty Cổ phần Bất động sản Bcons PS,,Doanh nghiệp,Xếp hạng lần đầu,Công cụ nợ,,BBB-,Ổn định,BPS12601,https://tmr.vn/wp-content/uploads/2026/04/BconsPS_XHTN-PH-trai-phieu_da-ky.pdf,,,,TMR,2026-09-15 08:40:35,2026-04-15
01/04/2026,Công ty Cổ phần Bất động sản Bcons PS,,Doanh nghiệp,Xếp hạng lần đầu,Tổ chức phát hành,,BB+,Ổn định,,https://tmr.vn/wp-content/uploads/2026/04/RN0004-01-202604-BconsPS-da-ky.pdf,,,,TMR,2026-09-15 08:40:35,2026-04-01
25/12/2025,Công ty Cổ phần Phát triển điện Nậm Chiến,,Doanh nghiệp,Xếp hạng lần đầu,Tổ chức phát hành,,A,Ổn định,,https://tmr.vn/wp-content/uploads/2025/12/RN0002-01-202512-Nam-Chien-da-ky.pdf,,,,TMR,2026-09-15 08:40:35,2025-12-25
25/12/2025,Công ty Cổ phần Thủy điện Sông Quang,,Doanh nghiệp,Xếp hạng lần đầu,Tổ chức phát hành,,A-,Ổn định,,https://tmr.vn/wp-content/uploads/2025/12/RN0003-01-202512-Song-Quang-Da-ky.pdf,,,,TMR,2026-09-15 08:40:35,2025-12-25
04/11/2025,Công ty TNHH Miza Nghi Sơn,,Doanh nghiệp,Xếp hạng lần đầu,Tổ chức phát hành,,BBB-,Ổn định,,https://tmr.vn/wp-content/uploads/2025/11/RN0001-01-202511-BCMZNS.pdf,,,,TMR,2026-09-15 08:40:35,2025-11-04
30/06/2026,Công ty Cổ phần Thủy điện Hương Điền,,Doanh nghiệp,Xếp hạng lần đầu,Tổ chức phát hành,,A+,Ổn định,,https://tmr.vn/wp-content/uploads/2026/07/Huong-Dien_XHTN-lan-dau_Tochucphathanh.pdf,,,,TMR,2026-09-15 15:15:21,2026-06-30
29/06/2026,Công ty Cổ phần Thủy điện Sông Quang,,Doanh nghiệp,Cập nhật kết quả XHTN,Tổ chức phát hành,,A-,Ổn định,,https://tmr.vn/wp-content/uploads/2026/06/Song-Quang_Cap-nhat-XHTN_Tochucphathanh.pdf,,,,TMR,2026-09-15 15:15:21,2026-06-29
29/06/2026,Công ty Cổ phần Phát triển điện Nậm Chiến,,Doanh nghiệp,Cập nhật kết quả XHTN,Tổ chức phát hành,,A,Ổn định,,https://tmr.vn/wp-content/uploads/2026/06/Nam-Chien_Cap-nhat-XHTN_Tochucphathanh.pdf,,,,TMR,2026-09-15 15:15:21,2026-06-29
25/06/2026,Công ty Cổ phần Bất động sản Bcons PS,,Doanh nghiệp,Xếp hạng lần đầu,Công cụ nợ,,BBB-,Ổn định,BPS12602,https://tmr.vn/wp-content/uploads/2026/06/Bcons-PS_XHTN-lan-dau_Congcuno.pdf,,,,TMR,2026-09-15 15:15:21,2026-06-25
12/06/2026,Công ty Tài chính Tín dụng Tiêu dùng TNHH MB Shinsei,,Định chế Tài chính,Xếp hạng lần đầu,Tổ chức phát hành,,A-,Ổn định,,https://tmr.vn/wp-content/uploads/2026/06/MCredit_Cap-nhat-XHTN_Tochucphathanh.pdf,,,,TMR,2026-09-15 15:15:21,2026-06-12
27/05/2026,Công ty TNHH Miza Nghi Sơn,,Doanh nghiệp,Cập nhật kết quả XHTN,Tổ chức phát hành,,BBB-,Ổn định,,https://tmr.vn/wp-content/uploads/2026/05/MZN_Cap-nhat-XHTN_Tochucphathanh.pdf,,,,TMR,2026-09-15 15:15:21,2026-05-27
15/04/2026,Công ty Cổ phần Bất động sản Bcons PS,,Doanh nghiệp,Xếp hạng lần đầu,Công cụ nợ,,BBB-,Ổn định,BPS12601,https://tmr.vn/wp-content/uploads/2026/04/BconsPS_XHTN-PH-trai-phieu_da-ky.pdf,,,,TMR,2026-09-15 15:15:21,2026-04-15
01/04/2026,Công ty Cổ phần Bất động sản Bcons PS,,Doanh nghiệp,Xếp hạng lần đầu,Tổ chức phát hành,,BB+,Ổn định,,https://tmr.vn/wp-content/uploads/2026/04/RN0004-01-202604-BconsPS-da-ky.pdf,,,,TMR,2026-09-15 15:15:21,2026-04-01
25/12/2025,Công ty Cổ phần Phát triển điện Nậm Chiến,,Doanh nghiệp,Xếp hạng lần đầu,Tổ chức phát hành,,A,Ổn định,,https://tmr.vn/wp-content/uploads/2025/12/RN0002-01-202512-Nam-Chien-da-ky.pdf,,,,TMR,2026-09-15 15:15:21,2025-12-25
25/12/2025,Công ty Cổ phần Thủy điện Sông Quang,,Doanh nghiệp,Xếp hạng lần đầu,Tổ chức phát hành,,A-,Ổn định,,https://tmr.vn/wp-content/uploads/2025/12/RN0003-01-202512-Song-Quang-Da-ky.pdf,,,,TMR,2026-09-15 15:15:21,2025-12-25
04/11/2025,Công ty TNHH Miza Nghi Sơn,,Doanh nghiệp,Xếp hạng lần đầu,Tổ chức phát hành,,BBB-,Ổn định,,https://tmr.vn/wp-content/uploads/2025/11/RN0001-01-202511-BCMZNS.pdf,,,,TMR,2026-09-15 15:15:21,2025-11-04
30/06/2026,Công ty Cổ phần Thủy điện Hương Điền,,Doanh nghiệp,Xếp hạng lần đầu,Tổ chức phát hành,,A+,Ổn định,,https://tmr.vn/wp-content/uploads/2026/07/Huong-Dien_XHTN-lan-dau_Tochucphathanh.pdf,,,,TMR,2026-09-16 08:40:23,2026-06-30
29/06/2026,Công ty Cổ phần Thủy điện Sông Quang,,Doanh nghiệp,Cập nhật kết quả XHTN,Tổ chức phát hành,,A-,Ổn định,,https://tmr.vn/wp-content/uploads/2026/06/Song-Quang_Cap-nhat-XHTN_Tochucphathanh.pdf,,,,TMR,2026-09-16 08:40:23,2026-06-29
29/06/2026,Công ty Cổ phần Phát triển điện Nậm Chiến,,Doanh nghiệp,Cập nhật kết quả XHTN,Tổ chức phát hành,,A,Ổn định,,https://tmr.vn/wp-content/uploads/2026/06/Nam-Chien_Cap-nhat-XHTN_Tochucphathanh.pdf,,,,TMR,2026-09-16 08:40:23,2026-06-29
25/06/2026,Công ty Cổ phần Bất động sản Bcons PS,,Doanh nghiệp,Xếp hạng lần đầu,Công cụ nợ,,BBB-,Ổn định,BPS12602,https://tmr.vn/wp-content/uploads/2026/06/Bcons-PS_XHTN-lan-dau_Congcuno.pdf,,,,TMR,2026-09-16 08:40:23,2026-06-25
12/06/2026,Công ty Tài chính Tín dụng Tiêu dùng TNHH MB Shinsei,,Định chế Tài chính,Xếp hạng lần đầu,Tổ chức phát hành,,A-,Ổn định,,https://tmr.vn/wp-content/uploads/2026/06/MCredit_Cap-nhat-XHTN_Tochucphathanh.pdf,,,,TMR,2026-09-16 08:40:23,2026-06-12
27/05/2026,Công ty TNHH Miza Nghi Sơn,,Doanh nghiệp,Cập nhật kết quả XHTN,Tổ chức phát hành,,BBB-,Ổn định,,https://tmr.vn/wp-content/uploads/2026/05/MZN_Cap-nhat-XHTN_Tochucphathanh.pdf,,,,TMR,2026-09-16 08:40:23,2026-05-27
15/04/2026,Công ty Cổ phần Bất động sản Bcons PS,,Doanh nghiệp,Xếp hạng lần đầu,Công cụ nợ,,BBB-,Ổn định,BPS12601,https://tmr.vn/wp-content/uploads/2026/04/BconsPS_XHTN-PH-trai-phieu_da-ky.pdf,,,,TMR,2026-09-16 08:40:23,2026-04-15
01/04/2026,Công ty Cổ phần Bất động sản Bcons PS,,Doanh nghiệp,Xếp hạng lần đầu,Tổ chức phát hành,,BB+,Ổn định,,https://tmr.vn/wp-content/uploads/2026/04/RN0004-01-202604-BconsPS-da-ky.pdf,,,,TMR,2026-09-16 08:40:23,2026-04-01
25/12/2025,Công ty Cổ phần Phát triển điện Nậm Chiến,,Doanh nghiệp,Xếp hạng lần đầu,Tổ chức phát hành,,A,Ổn định,,https://tmr.vn/wp-content/uploads/2025/12/RN0002-01-202512-Nam-Chien-da-ky.pdf,,,,TMR,2026-09-16 08:40:23,2025-12-25
25/12/2025,Công ty Cổ phần Thủy điện Sông Quang,,Doanh nghiệp,Xếp hạng lần đầu,Tổ chức phát hành,,A-,Ổn định,,https://tmr.vn/wp-content/uploads/2025/12/RN0003-01-202512-Song-Quang-Da-ky.pdf,,,,TMR,2026-09-16 08:40:23,2025-12-25
04/11/2025,Công ty TNHH Miza Nghi Sơn,,Doanh nghiệp,Xếp hạng lần đầu,Tổ chức phát hành,,BBB-,Ổn định,,https://tmr.vn/wp-content/uploads/2025/11/RN0001-01-202511-BCMZNS.pdf,,,,TMR,2026-09-16 08:40:23,2025-11-04
30/06/2026,Công ty Cổ phần Thủy điện Hương Điền,,Doanh nghiệp,Xếp hạng lần đầu,Tổ chức phát hành,,A+,Ổn định,,https://tmr.vn/wp-content/uploads/2026/07/Huong-Dien_XHTN-lan-dau_Tochucphathanh.pdf,,,,TMR,2026-09-16 15:15:22,2026-06-30
29/06/2026,Công ty Cổ phần Thủy điện Sông Quang,,Doanh nghiệp,Cập nhật kết quả XHTN,Tổ chức phát hành,,A-,Ổn định,,https://tmr.vn/wp-content/uploads/2026/06/Song-Quang_Cap-nhat-XHTN_Tochucphathanh.pdf,,,,TMR,2026-09-16 15:15:22,2026-06-29
29/06/2026,Công ty Cổ phần Phát triển điện Nậm Chiến,,Doanh nghiệp,Cập nhật kết quả XHTN,Tổ chức phát hành,,A,Ổn định,,https://tmr.vn/wp-content/uploads/2026/06/Nam-Chien_Cap-nhat-XHTN_Tochucphathanh.pdf,,,,TMR,2026-09-16 15:15:22,2026-06-29
25/06/2026,Công ty Cổ phần Bất động sản Bcons PS,,Doanh nghiệp,Xếp hạng lần đầu,Công cụ nợ,,BBB-,Ổn định,BPS12602,https://tmr.vn/wp-content/uploads/2026/06/Bcons-PS_XHTN-lan-dau_Congcuno.pdf,,,,TMR,2026-09-16 15:15:22,2026-06-25
12/06/2026,Công ty Tài chính Tín dụng Tiêu dùng TNHH MB Shinsei,,Định chế Tài chính,Xếp hạng lần đầu,Tổ chức phát hành,,A-,Ổn định,,https://tmr.vn/wp-content/uploads/2026/06/MCredit_Cap-nhat-XHTN_Tochucphathanh.pdf,,,,TMR,2026-09-16 15:15:22,2026-06-12
27/05/2026,Công ty TNHH Miza Nghi Sơn,,Doanh nghiệp,Cập nhật kết quả XHTN,Tổ chức phát hành,,BBB-,Ổn định,,https://tmr.vn/wp-content/uploads/2026/05/MZN_Cap-nhat-XHTN_Tochucphathanh.pdf,,,,TMR,2026-09-16 15:15:22,2026-05-27
15/04/2026,Công ty Cổ phần Bất động sản Bcons PS,,Doanh nghiệp,Xếp hạng lần đầu,Công cụ nợ,,BBB-,Ổn định,BPS12601,https://tmr.vn/wp-content/uploads/2026/04/BconsPS_XHTN-PH-trai-phieu_da-ky.pdf,,,,TMR,2026-09-16 15:15:22,2026-04-15
01/04/2026,Công ty Cổ phần Bất động sản Bcons PS,,Doanh nghiệp,Xếp hạng lần đầu,Tổ chức phát hành,,BB+,Ổn định,,https://tmr.vn/wp-content/uploads/2026/04/RN0004-01-202604-BconsPS-da-ky.pdf,,,,TMR,2026-09-16 15:15:22,2026-04-01
25/12/2025,Công ty Cổ phần Phát triển điện Nậm Chiến,,Doanh nghiệp,Xếp hạng lần đầu,Tổ chức phát hành,,A,Ổn định,,https://tmr.vn/wp-content/uploads/2025/12/RN0002-01-202512-Nam-Chien-da-ky.pdf,,,,TMR,2026-09-16 15:15:22,2025-12-25
25/12/2025,Công ty Cổ phần Thủy điện Sông Quang,,Doanh nghiệp,Xếp hạng lần đầu,Tổ chức phát hành,,A-,Ổn định,,https://tmr.vn/wp-content/uploads/2025/12/RN0003-01-202512-Song-Quang-Da-ky.pdf,,,,TMR,2026-09-16 15:15:22,2025-12-25
04/11/2025,Công ty TNHH Miza Nghi Sơn,,Doanh nghiệp,Xếp hạng lần đầu,Tổ chức phát hành,,BBB-,Ổn định,,https://tmr.vn/wp-content/uploads/2025/11/RN0001-01-202511-BCMZNS.pdf,,,,TMR,2026-09-16 15:15:22,2025-11-04
30/06/2026,Công ty Cổ phần Thủy điện Hương Điền,,Doanh nghiệp,Xếp hạng lần đầu,Tổ chức phát hành,,A+,Ổn định,,https://tmr.vn/wp-content/uploads/2026/07/Huong-Dien_XHTN-lan-dau_Tochucphathanh.pdf,,,,TMR,2026-09-17 09:06:58,2026-06-30
29/06/2026,Công ty Cổ phần Thủy điện Sông Quang,,Doanh nghiệp,Cập nhật kết quả XHTN,Tổ chức phát hành,,A-,Ổn định,,https://tmr.vn/wp-content/uploads/2026/06/Song-Quang_Cap-nhat-XHTN_Tochucphathanh.pdf,,,,TMR,2026-09-17 09:06:58,2026-06-29
29/06/2026,Công ty Cổ phần Phát triển điện Nậm Chiến,,Doanh nghiệp,Cập nhật kết quả XHTN,Tổ chức phát hành,,A,Ổn định,,https://tmr.vn/wp-content/uploads/2026/06/Nam-Chien_Cap-nhat-XHTN_Tochucphathanh.pdf,,,,TMR,2026-09-17 09:06:58,2026-06-29
25/06/2026,Công ty Cổ phần Bất động sản Bcons PS,,Doanh nghiệp,Xếp hạng lần đầu,Công cụ nợ,,BBB-,Ổn định,BPS12602,https://tmr.vn/wp-content/uploads/2026/06/Bcons-PS_XHTN-lan-dau_Congcuno.pdf,,,,TMR,2026-09-17 09:06:58,2026-06-25
12/06/2026,Công ty Tài chính Tín dụng Tiêu dùng TNHH MB Shinsei,,Định chế Tài chính,Xếp hạng lần đầu,Tổ chức phát hành,,A-,Ổn định,,https://tmr.vn/wp-content/uploads/2026/06/MCredit_Cap-nhat-XHTN_Tochucphathanh.pdf,,,,TMR,2026-09-17 09:06:58,2026-06-12
27/05/2026,Công ty TNHH Miza Nghi Sơn,,Doanh nghiệp,Cập nhật kết quả XHTN,Tổ chức phát hành,,BBB-,Ổn định,,https://tmr.vn/wp-content/uploads/2026/05/MZN_Cap-nhat-XHTN_Tochucphathanh.pdf,,,,TMR,2026-09-17 09:06:58,2026-05-27
15/04/2026,Công ty Cổ phần Bất động sản Bcons PS,,Doanh nghiệp,Xếp hạng lần đầu,Công cụ nợ,,BBB-,Ổn định,BPS12601,https://tmr.vn/wp-content/uploads/2026/04/BconsPS_XHTN-PH-trai-phieu_da-ky.pdf,,,,TMR,2026-09-17 09:06:58,2026-04-15
01/04/2026,Công ty Cổ phần Bất động sản Bcons PS,,Doanh nghiệp,Xếp hạng lần đầu,Tổ chức phát hành,,BB+,Ổn định,,https://tmr.vn/wp-content/uploads/2026/04/RN0004-01-202604-BconsPS-da-ky.pdf,,,,TMR,2026-09-17 09:06:58,2026-04-01
25/12/2025,Công ty Cổ phần Phát triển điện Nậm Chiến,,Doanh nghiệp,Xếp hạng lần đầu,Tổ chức phát hành,,A,Ổn định,,https://tmr.vn/wp-content/uploads/2025/12/RN0002-01-202512-Nam-Chien-da-ky.pdf,,,,TMR,2026-09-17 09:06:58,2025-12-25
25/12/2025,Công ty Cổ phần Thủy điện Sông Quang,,Doanh nghiệp,Xếp hạng lần đầu,Tổ chức phát hành,,A-,Ổn định,,https://tmr.vn/wp-content/uploads/2025/12/RN0003-01-202512-Song-Quang-Da-ky.pdf,,,,TMR,2026-09-17 09:06:58,2025-12-25
04/11/2025,Công ty TNHH Miza Nghi Sơn,,Doanh nghiệp,Xếp hạng lần đầu,Tổ chức phát hành,,BBB-,Ổn định,,https://tmr.vn/wp-content/uploads/2025/11/RN0001-01-202511-BCMZNS.pdf,,,,TMR,2026-09-17 09:06:58,2025-11-04
30/06/2026,Công ty Cổ phần Thủy điện Hương Điền,,Doanh nghiệp,Xếp hạng lần đầu,Tổ chức phát hành,,A+,Ổn định,,https://tmr.vn/wp-content/uploads/2026/07/Huong-Dien_XHTN-lan-dau_Tochucphathanh.pdf,,,,TMR,2026-09-17 15:15:21,2026-06-30
29/06/2026,Công ty Cổ phần Thủy điện Sông Quang,,Doanh nghiệp,Cập nhật kết quả XHTN,Tổ chức phát hành,,A-,Ổn định,,https://tmr.vn/wp-content/uploads/2026/06/Song-Quang_Cap-nhat-XHTN_Tochucphathanh.pdf,,,,TMR,2026-09-17 15:15:21,2026-06-29
29/06/2026,Công ty Cổ phần Phát triển điện Nậm Chiến,,Doanh nghiệp,Cập nhật kết quả XHTN,Tổ chức phát hành,,A,Ổn định,,https://tmr.vn/wp-content/uploads/2026/06/Nam-Chien_Cap-nhat-XHTN_Tochucphathanh.pdf,,,,TMR,2026-09-17 15:15:21,2026-06-29
25/06/2026,Công ty Cổ phần Bất động sản Bcons PS,,Doanh nghiệp,Xếp hạng lần đầu,Công cụ nợ,,BBB-,Ổn định,BPS12602,https://tmr.vn/wp-content/uploads/2026/06/Bcons-PS_XHTN-lan-dau_Congcuno.pdf,,,,TMR,2026-09-17 15:15:21,2026-06-25
12/06/2026,Công ty Tài chính Tín dụng Tiêu dùng TNHH MB Shinsei,,Định chế Tài chính,Xếp hạng lần đầu,Tổ chức phát hành,,A-,Ổn định,,https://tmr.vn/wp-content/uploads/2026/06/MCredit_Cap-nhat-XHTN_Tochucphathanh.pdf,,,,TMR,2026-09-17 15:15:21,2026-06-12
27/05/2026,Công ty TNHH Miza Nghi Sơn,,Doanh nghiệp,Cập nhật kết quả XHTN,Tổ chức phát hành,,BBB-,Ổn định,,https://tmr.vn/wp-content/uploads/2026/05/MZN_Cap-nhat-XHTN_Tochucphathanh.pdf,,,,TMR,2026-09-17 15:15:21,2026-05-27
15/04/2026,Công ty Cổ phần Bất động sản Bcons PS,,Doanh nghiệp,Xếp hạng lần đầu,Công cụ nợ,,BBB-,Ổn định,BPS12601,https://tmr.vn/wp-content/uploads/2026/04/BconsPS_XHTN-PH-trai-phieu_da-ky.pdf,,,,TMR,2026-09-17 15:15:21,2026-04-15
01/04/2026,Công ty Cổ phần Bất động sản Bcons PS,,Doanh nghiệp,Xếp hạng lần đầu,Tổ chức phát hành,,BB+,Ổn định,,https://tmr.vn/wp-content/uploads/2026/04/RN0004-01-202604-BconsPS-da-ky.pdf,,,,TMR,2026-09-17 15:15:21,2026-04-01
25/12/2025,Công ty Cổ phần Phát triển điện Nậm Chiến,,Doanh nghiệp,Xếp hạng lần đầu,Tổ chức phát hành,,A,Ổn định,,https://tmr.vn/wp-content/uploads/2025/12/RN0002-01-202512-Nam-Chien-da-ky.pdf,,,,TMR,2026-09-17 15:15:21,2025-12-25
25/12/2025,Công ty Cổ phần Thủy điện Sông Quang,,Doanh nghiệp,Xếp hạng lần đầu,Tổ chức phát hành,,A-,Ổn định,,https://tmr.vn/wp-content/uploads/2025/12/RN0003-01-202512-Song-Quang-Da-ky.pdf,,,,TMR,2026-09-17 15:15:21,2025-12-25
04/11/2025,Công ty TNHH Miza Nghi Sơn,,Doanh nghiệp,Xếp hạng lần đầu,Tổ chức phát hành,,BBB-,Ổn định,,https://tmr.vn/wp-content/uploads/2025/11/RN0001-01-202511-BCMZNS.pdf,,,,TMR,2026-09-17 15:15:21,2025-11-04
30/06/2026,Công ty Cổ phần Thủy điện Hương Điền,,Doanh nghiệp,Xếp hạng lần đầu,Tổ chức phát hành,,A+,Ổn định,,https://tmr.vn/wp-content/uploads/2026/07/Huong-Dien_XHTN-lan-dau_Tochucphathanh.pdf,,,,TMR,2026-09-18 08:00:27,2026-06-30
29/06/2026,Công ty Cổ phần Thủy điện Sông Quang,,Doanh nghiệp,Cập nhật kết quả XHTN,Tổ chức phát hành,,A-,Ổn định,,https://tmr.vn/wp-content/uploads/2026/06/Song-Quang_Cap-nhat-XHTN_Tochucphathanh.pdf,,,,TMR,2026-09-18 08:00:27,2026-06-29
29/06/2026,Công ty Cổ phần Phát triển điện Nậm Chiến,,Doanh nghiệp,Cập nhật kết quả XHTN,Tổ chức phát hành,,A,Ổn định,,https://tmr.vn/wp-content/uploads/2026/06/Nam-Chien_Cap-nhat-XHTN_Tochucphathanh.pdf,,,,TMR,2026-09-18 08:00:27,2026-06-29
25/06/2026,Công ty Cổ phần Bất động sản Bcons PS,,Doanh nghiệp,Xếp hạng lần đầu,Công cụ nợ,,BBB-,Ổn định,BPS12602,https://tmr.vn/wp-content/uploads/2026/06/Bcons-PS_XHTN-lan-dau_Congcuno.pdf,,,,TMR,2026-09-18 08:00:27,2026-06-25
12/06/2026,Công ty Tài chính Tín dụng Tiêu dùng TNHH MB Shinsei,,Định chế Tài chính,Xếp hạng lần đầu,Tổ chức phát hành,,A-,Ổn định,,https://tmr.vn/wp-content/uploads/2026/06/MCredit_Cap-nhat-XHTN_Tochucphathanh.pdf,,,,TMR,2026-09-18 08:00:27,2026-06-12
27/05/2026,Công ty TNHH Miza Nghi Sơn,,Doanh nghiệp,Cập nhật kết quả XHTN,Tổ chức phát hành,,BBB-,Ổn định,,https://tmr.vn/wp-content/uploads/2026/05/MZN_Cap-nhat-XHTN_Tochucphathanh.pdf,,,,TMR,2026-09-18 08:00:27,2026-05-27
15/04/2026,Công ty Cổ phần Bất động sản Bcons PS,,Doanh nghiệp,Xếp hạng lần đầu,Công cụ nợ,,BBB-,Ổn định,BPS12601,https://tmr.vn/wp-content/uploads/2026/04/BconsPS_XHTN-PH-trai-phieu_da-ky.pdf,,,,TMR,2026-09-18 08:00:27,2026-04-15
01/04/2026,Công ty Cổ phần Bất động sản Bcons PS,,Doanh nghiệp,Xếp hạng lần đầu,Tổ chức phát hành,,BB+,Ổn định,,https://tmr.vn/wp-content/uploads/2026/04/RN0004-01-202604-BconsPS-da-ky.pdf,,,,TMR,2026-09-18 08:00:27,2026-04-01
25/12/2025,Công ty Cổ phần Phát triển điện Nậm Chiến,,Doanh nghiệp,Xếp hạng lần đầu,Tổ chức phát hành,,A,Ổn định,,https://tmr.vn/wp-content/uploads/2025/12/RN0002-01-202512-Nam-Chien-da-ky.pdf,,,,TMR,2026-09-18 08:00:27,2025-12-25
25/12/2025,Công ty Cổ phần Thủy điện Sông Quang,,Doanh nghiệp,Xếp hạng lần đầu,Tổ chức phát hành,,A-,Ổn định,,https://tmr.vn/wp-content/uploads/2025/12/RN0003-01-202512-Song-Quang-Da-ky.pdf,,,,TMR,2026-09-18 08:00:27,2025-12-25
04/11/2025,Công ty TNHH Miza Nghi Sơn,,Doanh nghiệp,Xếp hạng lần đầu,Tổ chức phát hành,,BBB-,Ổn định,,https://tmr.vn/wp-content/uploads/2025/11/RN0001-01-202511-BCMZNS.pdf,,,,TMR,2026-09-18 08:00:27,2025-11-04
30/06/2026,Công ty Cổ phần Thủy điện Hương Điền,,Doanh nghiệp,Xếp hạng lần đầu,Tổ chức phát hành,,A+,Ổn định,,https://tmr.vn/wp-content/uploads/2026/07/Huong-Dien_XHTN-lan-dau_Tochucphathanh.pdf,,,,TMR,2026-09-18 14:38:08,2026-06-30
29/06/2026,Công ty Cổ phần Thủy điện Sông Quang,,Doanh nghiệp,Cập nhật kết quả XHTN,Tổ chức phát hành,,A-,Ổn định,,https://tmr.vn/wp-content/uploads/2026/06/Song-Quang_Cap-nhat-XHTN_Tochucphathanh.pdf,,,,TMR,2026-09-18 14:38:08,2026-06-29
29/06/2026,Công ty Cổ phần Phát triển điện Nậm Chiến,,Doanh nghiệp,Cập nhật kết quả XHTN,Tổ chức phát hành,,A,Ổn định,,https://tmr.vn/wp-content/uploads/2026/06/Nam-Chien_Cap-nhat-XHTN_Tochucphathanh.pdf,,,,TMR,2026-09-18 14:38:08,2026-06-29
25/06/2026,Công ty Cổ phần Bất động sản Bcons PS,,Doanh nghiệp,Xếp hạng lần đầu,Công cụ nợ,,BBB-,Ổn định,BPS12602,https://tmr.vn/wp-content/uploads/2026/06/Bcons-PS_XHTN-lan-dau_Congcuno.pdf,,,,TMR,2026-09-18 14:38:08,2026-06-25
12/06/2026,Công ty Tài chính Tín dụng Tiêu dùng TNHH MB Shinsei,,Định chế Tài chính,Xếp hạng lần đầu,Tổ chức phát hành,,A-,Ổn định,,https://tmr.vn/wp-content/uploads/2026/06/MCredit_Cap-nhat-XHTN_Tochucphathanh.pdf,,,,TMR,2026-09-18 14:38:08,2026-06-12
27/05/2026,Công ty TNHH Miza Nghi Sơn,,Doanh nghiệp,Cập nhật kết quả XHTN,Tổ chức phát hành,,BBB-,Ổn định,,https://tmr.vn/wp-content/uploads/2026/05/MZN_Cap-nhat-XHTN_Tochucphathanh.pdf,,,,TMR,2026-09-18 14:38:08,2026-05-27
15/04/2026,Công ty Cổ phần Bất động sản Bcons PS,,Doanh nghiệp,Xếp hạng lần đầu,Công cụ nợ,,BBB-,Ổn định,BPS12601,https://tmr.vn/wp-content/uploads/2026/04/BconsPS_XHTN-PH-trai-phieu_da-ky.pdf,,,,TMR,2026-09-18 14:38:08,2026-04-15
01/04/2026,Công ty Cổ phần Bất động sản Bcons PS,,Doanh nghiệp,Xếp hạng lần đầu,Tổ chức phát hành,,BB+,Ổn định,,https://tmr.vn/wp-content/uploads/2026/04/RN0004-01-202604-BconsPS-da-ky.pdf,,,,TMR,2026-09-18 14:38:08,2026-04-01
25/12/2025,Công ty Cổ phần Phát triển điện Nậm Chiến,,Doanh nghiệp,Xếp hạng lần đầu,Tổ chức phát hành,,A,Ổn định,,https://tmr.vn/wp-content/uploads/2025/12/RN0002-01-202512-Nam-Chien-da-ky.pdf,,,,TMR,2026-09-18 14:38:08,2025-12-25
25/12/2025,Công ty Cổ phần Thủy điện Sông Quang,,Doanh nghiệp,Xếp hạng lần đầu,Tổ chức phát hành,,A-,Ổn định,,https://tmr.vn/wp-content/uploads/2025/12/RN0003-01-202512-Song-Quang-Da-ky.pdf,,,,TMR,2026-09-18 14:38:08,2025-12-25
04/11/2025,Công ty TNHH Miza Nghi Sơn,,Doanh nghiệp,Xếp hạng lần đầu,Tổ chức phát hành,,BBB-,Ổn định,,https://tmr.vn/wp-content/uploads/2025/11/RN0001-01-202511-BCMZNS.pdf,,,,TMR,2026-09-18 14:38:08,2025-11-04
30/06/2026,Công ty Cổ phần Thủy điện Hương Điền,,Doanh nghiệp,Xếp hạng lần đầu,Tổ chức phát hành,,A+,Ổn định,,https://tmr.vn/wp-content/uploads/2026/07/Huong-Dien_XHTN-lan-dau_Tochucphathanh.pdf,,,,TMR,2026-09-18 07:51:22,2026-06-30
29/06/2026,Công ty Cổ phần Thủy điện Sông Quang,,Doanh nghiệp,Cập nhật kết quả XHTN,Tổ chức phát hành,,A-,Ổn định,,https://tmr.vn/wp-content/uploads/2026/06/Song-Quang_Cap-nhat-XHTN_Tochucphathanh.pdf,,,,TMR,2026-09-18 07:51:22,2026-06-29
29/06/2026,Công ty Cổ phần Phát triển điện Nậm Chiến,,Doanh nghiệp,Cập nhật kết quả XHTN,Tổ chức phát hành,,A,Ổn định,,https://tmr.vn/wp-content/uploads/2026/06/Nam-Chien_Cap-nhat-XHTN_Tochucphathanh.pdf,,,,TMR,2026-09-18 07:51:22,2026-06-29
25/06/2026,Công ty Cổ phần Bất động sản Bcons PS,,Doanh nghiệp,Xếp hạng lần đầu,Công cụ nợ,,BBB-,Ổn định,BPS12602,https://tmr.vn/wp-content/uploads/2026/06/Bcons-PS_XHTN-lan-dau_Congcuno.pdf,,,,TMR,2026-09-18 07:51:22,2026-06-25
12/06/2026,Công ty Tài chính Tín dụng Tiêu dùng TNHH MB Shinsei,,Định chế Tài chính,Xếp hạng lần đầu,Tổ chức phát hành,,A-,Ổn định,,https://tmr.vn/wp-content/uploads/2026/06/MCredit_Cap-nhat-XHTN_Tochucphathanh.pdf,,,,TMR,2026-09-18 07:51:22,2026-06-12
27/05/2026,Công ty TNHH Miza Nghi Sơn,,Doanh nghiệp,Cập nhật kết quả XHTN,Tổ chức phát hành,,BBB-,Ổn định,,https://tmr.vn/wp-content/uploads/2026/05/MZN_Cap-nhat-XHTN_Tochucphathanh.pdf,,,,TMR,2026-09-18 07:51:22,2026-05-27
15/04/2026,Công ty Cổ phần Bất động sản Bcons PS,,Doanh nghiệp,Xếp hạng lần đầu,Công cụ nợ,,BBB-,Ổn định,BPS12601,https://tmr.vn/wp-content/uploads/2026/04/BconsPS_XHTN-PH-trai-phieu_da-ky.pdf,,,,TMR,2026-09-18 07:51:22,2026-04-15
01/04/2026,Công ty Cổ phần Bất động sản Bcons PS,,Doanh nghiệp,Xếp hạng lần đầu,Tổ chức phát hành,,BB+,Ổn định,,https://tmr.vn/wp-content/uploads/2026/04/RN0004-01-202604-BconsPS-da-ky.pdf,,,,TMR,2026-09-18 07:51:22,2026-04-01
25/12/2025,Công ty Cổ phần Phát triển điện Nậm Chiến,,Doanh nghiệp,Xếp hạng lần đầu,Tổ chức phát hành,,A,Ổn định,,https://tmr.vn/wp-content/uploads/2025/12/RN0002-01-202512-Nam-Chien-da-ky.pdf,,,,TMR,2026-09-18 07:51:22,2025-12-25
25/12/2025,Công ty Cổ phần Thủy điện Sông Quang,,Doanh nghiệp,Xếp hạng lần đầu,Tổ chức phát hành,,A-,Ổn định,,https://tmr.vn/wp-content/uploads/2025/12/RN0003-01-202512-Song-Quang-Da-ky.pdf,,,,TMR,2026-09-18 07:51:22,2025-12-25
04/11/2025,Công ty TNHH Miza Nghi Sơn,,Doanh nghiệp,Xếp hạng lần đầu,Tổ chức phát hành,,BBB-,Ổn định,,https://tmr.vn/wp-content/uploads/2025/11/RN0001-01-202511-BCMZNS.pdf,,,,TMR,2026-09-18 07:51:22,2025-11-04
30/06/2026,Công ty Cổ phần Thủy điện Hương Điền,,Doanh nghiệp,Xếp hạng lần đầu,Tổ chức phát hành,,A+,Ổn định,,https://tmr.vn/wp-content/uploads/2026/07/Huong-Dien_XHTN-lan-dau_Tochucphathanh.pdf,,,,TMR,2026-09-18 08:13:36,2026-06-30
29/06/2026,Công ty Cổ phần Thủy điện Sông Quang,,Doanh nghiệp,Cập nhật kết quả XHTN,Tổ chức phát hành,,A-,Ổn định,,https://tmr.vn/wp-content/uploads/2026/06/Song-Quang_Cap-nhat-XHTN_Tochucphathanh.pdf,,,,TMR,2026-09-18 08:13:36,2026-06-29
29/06/2026,Công ty Cổ phần Phát triển điện Nậm Chiến,,Doanh nghiệp,Cập nhật kết quả XHTN,Tổ chức phát hành,,A,Ổn định,,https://tmr.vn/wp-content/uploads/2026/06/Nam-Chien_Cap-nhat-XHTN_Tochucphathanh.pdf,,,,TMR,2026-09-18 08:13:36,2026-06-29
25/06/2026,Công ty Cổ phần Bất động sản Bcons PS,,Doanh nghiệp,Xếp hạng lần đầu,Công cụ nợ,,BBB-,Ổn định,BPS12602,https://tmr.vn/wp-content/uploads/2026/06/Bcons-PS_XHTN-lan-dau_Congcuno.pdf,,,,TMR,2026-09-18 08:13:36,2026-06-25
12/06/2026,Công ty Tài chính Tín dụng Tiêu dùng TNHH MB Shinsei,,Định chế Tài chính,Xếp hạng lần đầu,Tổ chức phát hành,,A-,Ổn định,,https://tmr.vn/wp-content/uploads/2026/06/MCredit_Cap-nhat-XHTN_Tochucphathanh.pdf,,,,TMR,2026-09-18 08:13:36,2026-06-12
27/05/2026,Công ty TNHH Miza Nghi Sơn,,Doanh nghiệp,Cập nhật kết quả XHTN,Tổ chức phát hành,,BBB-,Ổn định,,https://tmr.vn/wp-content/uploads/2026/05/MZN_Cap-nhat-XHTN_Tochucphathanh.pdf,,,,TMR,2026-09-18 08:13:36,2026-05-27
15/04/2026,Công ty Cổ phần Bất động sản Bcons PS,,Doanh nghiệp,Xếp hạng lần đầu,Công cụ nợ,,BBB-,Ổn định,BPS12601,https://tmr.vn/wp-content/uploads/2026/04/BconsPS_XHTN-PH-trai-phieu_da-ky.pdf,,,,TMR,2026-09-18 08:13:36,2026-04-15
01/04/2026,Công ty Cổ phần Bất động sản Bcons PS,,Doanh nghiệp,Xếp hạng lần đầu,Tổ chức phát hành,,BB+,Ổn định,,https://tmr.vn/wp-content/uploads/2026/04/RN0004-01-202604-BconsPS-da-ky.pdf,,,,TMR,2026-09-18 08:13:36,2026-04-01
25/12/2025,Công ty Cổ phần Phát triển điện Nậm Chiến,,Doanh nghiệp,Xếp hạng lần đầu,Tổ chức phát hành,,A,Ổn định,,https://tmr.vn/wp-content/uploads/2025/12/RN0002-01-202512-Nam-Chien-da-ky.pdf,,,,TMR,2026-09-18 08:13:36,2025-12-25
25/12/2025,Công ty Cổ phần Thủy điện Sông Quang,,Doanh nghiệp,Xếp hạng lần đầu,Tổ chức phát hành,,A-,Ổn định,,https://tmr.vn/wp-content/uploads/2025/12/RN0003-01-202512-Song-Quang-Da-ky.pdf,,,,TMR,2026-09-18 08:13:36,2025-12-25
04/11/2025,Công ty TNHH Miza Nghi Sơn,,Doanh nghiệp,Xếp hạng lần đầu,Tổ chức phát hành,,BBB-,Ổn định,,https://tmr.vn/wp-content/uploads/2025/11/RN0001-01-202511-BCMZNS.pdf,,,,TMR,2026-09-18 08:13:36,2025-11-04
30/06/2026,Công ty Cổ phần Thủy điện Hương Điền,,Doanh nghiệp,Xếp hạng lần đầu,Tổ chức phát hành,,A+,Ổn định,,https://tmr.vn/wp-content/uploads/2026/07/Huong-Dien_XHTN-lan-dau_Tochucphathanh.pdf,,,,TMR,2026-09-18 08:21:26,2026-06-30
29/06/2026,Công ty Cổ phần Thủy điện Sông Quang,,Doanh nghiệp,Cập nhật kết quả XHTN,Tổ chức phát hành,,A-,Ổn định,,https://tmr.vn/wp-content/uploads/2026/06/Song-Quang_Cap-nhat-XHTN_Tochucphathanh.pdf,,,,TMR,2026-09-18 08:21:26,2026-06-29
29/06/2026,Công ty Cổ phần Phát triển điện Nậm Chiến,,Doanh nghiệp,Cập nhật kết quả XHTN,Tổ chức phát hành,,A,Ổn định,,https://tmr.vn/wp-content/uploads/2026/06/Nam-Chien_Cap-nhat-XHTN_Tochucphathanh.pdf,,,,TMR,2026-09-18 08:21:26,2026-06-29
25/06/2026,Công ty Cổ phần Bất động sản Bcons PS,,Doanh nghiệp,Xếp hạng lần đầu,Công cụ nợ,,BBB-,Ổn định,BPS12602,https://tmr.vn/wp-content/uploads/2026/06/Bcons-PS_XHTN-lan-dau_Congcuno.pdf,,,,TMR,2026-09-18 08:21:26,2026-06-25
12/06/2026,Công ty Tài chính Tín dụng Tiêu dùng TNHH MB Shinsei,,Định chế Tài chính,Xếp hạng lần đầu,Tổ chức phát hành,,A-,Ổn định,,https://tmr.vn/wp-content/uploads/2026/06/MCredit_Cap-nhat-XHTN_Tochucphathanh.pdf,,,,TMR,2026-09-18 08:21:26,2026-06-12
27/05/2026,Công ty TNHH Miza Nghi Sơn,,Doanh nghiệp,Cập nhật kết quả XHTN,Tổ chức phát hành,,BBB-,Ổn định,,https://tmr.vn/wp-content/uploads/2026/05/MZN_Cap-nhat-XHTN_Tochucphathanh.pdf,,,,TMR,2026-09-18 08:21:26,2026-05-27
15/04/2026,Công ty Cổ phần Bất động sản Bcons PS,,Doanh nghiệp,Xếp hạng lần đầu,Công cụ nợ,,BBB-,Ổn định,BPS12601,https://tmr.vn/wp-content/uploads/2026/04/BconsPS_XHTN-PH-trai-phieu_da-ky.pdf,,,,TMR,2026-09-18 08:21:26,2026-04-15
01/04/2026,Công ty Cổ phần Bất động sản Bcons PS,,Doanh nghiệp,Xếp hạng lần đầu,Tổ chức phát hành,,BB+,Ổn định,,https://tmr.vn/wp-content/uploads/2026/04/RN0004-01-202604-BconsPS-da-ky.pdf,,,,TMR,2026-09-18 08:21:26,2026-04-01
25/12/2025,Công ty Cổ phần Phát triển điện Nậm Chiến,,Doanh nghiệp,Xếp hạng lần đầu,Tổ chức phát hành,,A,Ổn định,,https://tmr.vn/wp-content/uploads/2025/12/RN0002-01-202512-Nam-Chien-da-ky.pdf,,,,TMR,2026-09-18 08:21:26,2025-12-25
25/12/2025,Công ty Cổ phần Thủy điện Sông Quang,,Doanh nghiệp,Xếp hạng lần đầu,Tổ chức phát hành,,A-,Ổn định,,https://tmr.vn/wp-content/uploads/2025/12/RN0003-01-202512-Song-Quang-Da-ky.pdf,,,,TMR,2026-09-18 08:21:26,2025-12-25
04/11/2025,Công ty TNHH Miza Nghi Sơn,,Doanh nghiệp,Xếp hạng lần đầu,Tổ chức phát hành,,BBB-,Ổn định,,https://tmr.vn/wp-content/uploads/2025/11/RN0001-01-202511-BCMZNS.pdf,,,,TMR,2026-09-18 08:21:26,2025-11-04
30/06/2026,Công ty Cổ phần Thủy điện Hương Điền,,Doanh nghiệp,Xếp hạng lần đầu,Tổ chức phát hành,,A+,Ổn định,,https://tmr.vn/wp-content/uploads/2026/07/Huong-Dien_XHTN-lan-dau_Tochucphathanh.pdf,,,,TMR,2026-09-18 08:50:00,2026-06-30
29/06/2026,Công ty Cổ phần Thủy điện Sông Quang,,Doanh nghiệp,Cập nhật kết quả XHTN,Tổ chức phát hành,,A-,Ổn định,,https://tmr.vn/wp-content/uploads/2026/06/Song-Quang_Cap-nhat-XHTN_Tochucphathanh.pdf,,,,TMR,2026-09-18 08:50:00,2026-06-29
29/06/2026,Công ty Cổ phần Phát triển điện Nậm Chiến,,Doanh nghiệp,Cập nhật kết quả XHTN,Tổ chức phát hành,,A,Ổn định,,https://tmr.vn/wp-content/uploads/2026/06/Nam-Chien_Cap-nhat-XHTN_Tochucphathanh.pdf,,,,TMR,2026-09-18 08:50:00,2026-06-29
25/06/2026,Công ty Cổ phần Bất động sản Bcons PS,,Doanh nghiệp,Xếp hạng lần đầu,Công cụ nợ,,BBB-,Ổn định,BPS12602,https://tmr.vn/wp-content/uploads/2026/06/Bcons-PS_XHTN-lan-dau_Congcuno.pdf,,,,TMR,2026-09-18 08:50:00,2026-06-25
12/06/2026,Công ty Tài chính Tín dụng Tiêu dùng TNHH MB Shinsei,,Định chế Tài chính,Xếp hạng lần đầu,Tổ chức phát hành,,A-,Ổn định,,https://tmr.vn/wp-content/uploads/2026/06/MCredit_Cap-nhat-XHTN_Tochucphathanh.pdf,,,,TMR,2026-09-18 08:50:00,2026-06-12
27/05/2026,Công ty TNHH Miza Nghi Sơn,,Doanh nghiệp,Cập nhật kết quả XHTN,Tổ chức phát hành,,BBB-,Ổn định,,https://tmr.vn/wp-content/uploads/2026/05/MZN_Cap-nhat-XHTN_Tochucphathanh.pdf,,,,TMR,2026-09-18 08:50:00,2026-05-27
15/04/2026,Công ty Cổ phần Bất động sản Bcons PS,,Doanh nghiệp,Xếp hạng lần đầu,Công cụ nợ,,BBB-,Ổn định,BPS12601,https://tmr.vn/wp-content/uploads/2026/04/BconsPS_XHTN-PH-trai-phieu_da-ky.pdf,,,,TMR,2026-09-18 08:50:00,2026-04-15
01/04/2026,Công ty Cổ phần Bất động sản Bcons PS,,Doanh nghiệp,Xếp hạng lần đầu,Tổ chức phát hành,,BB+,Ổn định,,https://tmr.vn/wp-content/uploads/2026/04/RN0004-01-202604-BconsPS-da-ky.pdf,,,,TMR,2026-09-18 08:50:00,2026-04-01
25/12/2025,Công ty Cổ phần Phát triển điện Nậm Chiến,,Doanh nghiệp,Xếp hạng lần đầu,Tổ chức phát hành,,A,Ổn định,,https://tmr.vn/wp-content/uploads/2025/12/RN0002-01-202512-Nam-Chien-da-ky.pdf,,,,TMR,2026-09-18 08:50:00,2025-12-25
25/12/2025,Công ty Cổ phần Thủy điện Sông Quang,,Doanh nghiệp,Xếp hạng lần đầu,Tổ chức phát hành,,A-,Ổn định,,https://tmr.vn/wp-content/uploads/2025/12/RN0003-01-202512-Song-Quang-Da-ky.pdf,,,,TMR,2026-09-18 08:50:00,2025-12-25
04/11/2025,Công ty TNHH Miza Nghi Sơn,,Doanh nghiệp,Xếp hạng lần đầu,Tổ chức phát hành,,BBB-,Ổn định,,https://tmr.vn/wp-content/uploads/2025/11/RN0001-01-202511-BCMZNS.pdf,,,,TMR,2026-09-18 08:50:00,2025-11-04
30/06/2026,Công ty Cổ phần Thủy điện Hương Điền,,Doanh nghiệp,Xếp hạng lần đầu,Tổ chức phát hành,,A+,Ổn định,,https://tmr.vn/wp-content/uploads/2026/07/Huong-Dien_XHTN-lan-dau_Tochucphathanh.pdf,,,,TMR,2026-09-18 09:05:40,2026-06-30
29/06/2026,Công ty Cổ phần Thủy điện Sông Quang,,Doanh nghiệp,Cập nhật kết quả XHTN,Tổ chức phát hành,,A-,Ổn định,,https://tmr.vn/wp-content/uploads/2026/06/Song-Quang_Cap-nhat-XHTN_Tochucphathanh.pdf,,,,TMR,2026-09-18 09:05:40,2026-06-29
29/06/2026,Công ty Cổ phần Phát triển điện Nậm Chiến,,Doanh nghiệp,Cập nhật kết quả XHTN,Tổ chức phát hành,,A,Ổn định,,https://tmr.vn/wp-content/uploads/2026/06/Nam-Chien_Cap-nhat-XHTN_Tochucphathanh.pdf,,,,TMR,2026-09-18 09:05:40,2026-06-29
25/06/2026,Công ty Cổ phần Bất động sản Bcons PS,,Doanh nghiệp,Xếp hạng lần đầu,Công cụ nợ,,BBB-,Ổn định,BPS12602,https://tmr.vn/wp-content/uploads/2026/06/Bcons-PS_XHTN-lan-dau_Congcuno.pdf,,,,TMR,2026-09-18 09:05:40,2026-06-25
12/06/2026,Công ty Tài chính Tín dụng Tiêu dùng TNHH MB Shinsei,,Định chế Tài chính,Xếp hạng lần đầu,Tổ chức phát hành,,A-,Ổn định,,https://tmr.vn/wp-content/uploads/2026/06/MCredit_Cap-nhat-XHTN_Tochucphathanh.pdf,,,,TMR,2026-09-18 09:05:40,2026-06-12
27/05/2026,Công ty TNHH Miza Nghi Sơn,,Doanh nghiệp,Cập nhật kết quả XHTN,Tổ chức phát hành,,BBB-,Ổn định,,https://tmr.vn/wp-content/uploads/2026/05/MZN_Cap-nhat-XHTN_Tochucphathanh.pdf,,,,TMR,2026-09-18 09:05:40,2026-05-27
15/04/2026,Công ty Cổ phần Bất động sản Bcons PS,,Doanh nghiệp,Xếp hạng lần đầu,Công cụ nợ,,BBB-,Ổn định,BPS12601,https://tmr.vn/wp-content/uploads/2026/04/BconsPS_XHTN-PH-trai-phieu_da-ky.pdf,,,,TMR,2026-09-18 09:05:40,2026-04-15
01/04/2026,Công ty Cổ phần Bất động sản Bcons PS,,Doanh nghiệp,Xếp hạng lần đầu,Tổ chức phát hành,,BB+,Ổn định,,https://tmr.vn/wp-content/uploads/2026/04/RN0004-01-202604-BconsPS-da-ky.pdf,,,,TMR,2026-09-18 09:05:40,2026-04-01
25/12/2025,Công ty Cổ phần Phát triển điện Nậm Chiến,,Doanh nghiệp,Xếp hạng lần đầu,Tổ chức phát hành,,A,Ổn định,,https://tmr.vn/wp-content/uploads/2025/12/RN0002-01-202512-Nam-Chien-da-ky.pdf,,,,TMR,2026-09-18 09:05:40,2025-12-25
25/12/2025,Công ty Cổ phần Thủy điện Sông Quang,,Doanh nghiệp,Xếp hạng lần đầu,Tổ chức phát hành,,A-,Ổn định,,https://tmr.vn/wp-content/uploads/2025/12/RN0003-01-202512-Song-Quang-Da-ky.pdf,,,,TMR,2026-09-18 09:05:40,2025-12-25
04/11/2025,Công ty TNHH Miza Nghi Sơn,,Doanh nghiệp,Xếp hạng lần đầu,Tổ chức phát hành,,BBB-,Ổn định,,https://tmr.vn/wp-content/uploads/2025/11/RN0001-01-202511-BCMZNS.pdf,,,,TMR,2026-09-18 09:05:40,2025-11-04
30/06/2026,Công ty Cổ phần Thủy điện Hương Điền,,Doanh nghiệp,Xếp hạng lần đầu,Tổ chức phát hành,,A+,Ổn định,,https://tmr.vn/wp-content/uploads/2026/07/Huong-Dien_XHTN-lan-dau_Tochucphathanh.pdf,,,,TMR,2026-09-18 09:22:49,2026-06-30
29/06/2026,Công ty Cổ phần Thủy điện Sông Quang,,Doanh nghiệp,Cập nhật kết quả XHTN,Tổ chức phát hành,,A-,Ổn định,,https://tmr.vn/wp-content/uploads/2026/06/Song-Quang_Cap-nhat-XHTN_Tochucphathanh.pdf,,,,TMR,2026-09-18 09:22:49,2026-06-29
29/06/2026,Công ty Cổ phần Phát triển điện Nậm Chiến,,Doanh nghiệp,Cập nhật kết quả XHTN,Tổ chức phát hành,,A,Ổn định,,https://tmr.vn/wp-content/uploads/2026/06/Nam-Chien_Cap-nhat-XHTN_Tochucphathanh.pdf,,,,TMR,2026-09-18 09:22:49,2026-06-29
25/06/2026,Công ty Cổ phần Bất động sản Bcons PS,,Doanh nghiệp,Xếp hạng lần đầu,Công cụ nợ,,BBB-,Ổn định,BPS12602,https://tmr.vn/wp-content/uploads/2026/06/Bcons-PS_XHTN-lan-dau_Congcuno.pdf,,,,TMR,2026-09-18 09:22:49,2026-06-25
12/06/2026,Công ty Tài chính Tín dụng Tiêu dùng TNHH MB Shinsei,,Định chế Tài chính,Xếp hạng lần đầu,Tổ chức phát hành,,A-,Ổn định,,https://tmr.vn/wp-content/uploads/2026/06/MCredit_Cap-nhat-XHTN_Tochucphathanh.pdf,,,,TMR,2026-09-18 09:22:49,2026-06-12
27/05/2026,Công ty TNHH Miza Nghi Sơn,,Doanh nghiệp,Cập nhật kết quả XHTN,Tổ chức phát hành,,BBB-,Ổn định,,https://tmr.vn/wp-content/uploads/2026/05/MZN_Cap-nhat-XHTN_Tochucphathanh.pdf,,,,TMR,2026-09-18 09:22:49,2026-05-27
15/04/2026,Công ty Cổ phần Bất động sản Bcons PS,,Doanh nghiệp,Xếp hạng lần đầu,Công cụ nợ,,BBB-,Ổn định,BPS12601,https://tmr.vn/wp-content/uploads/2026/04/BconsPS_XHTN-PH-trai-phieu_da-ky.pdf,,,,TMR,2026-09-18 09:22:49,2026-04-15
01/04/2026,Công ty Cổ phần Bất động sản Bcons PS,,Doanh nghiệp,Xếp hạng lần đầu,Tổ chức phát hành,,BB+,Ổn định,,https://tmr.vn/wp-content/uploads/2026/04/RN0004-01-202604-BconsPS-da-ky.pdf,,,,TMR,2026-09-18 09:22:49,2026-04-01
25/12/2025,Công ty Cổ phần Phát triển điện Nậm Chiến,,Doanh nghiệp,Xếp hạng lần đầu,Tổ chức phát hành,,A,Ổn định,,https://tmr.vn/wp-content/uploads/2025/12/RN0002-01-202512-Nam-Chien-da-ky.pdf,,,,TMR,2026-09-18 09:22:49,2025-12-25
25/12/2025,Công ty Cổ phần Thủy điện Sông Quang,,Doanh nghiệp,Xếp hạng lần đầu,Tổ chức phát hành,,A-,Ổn định,,https://tmr.vn/wp-content/uploads/2025/12/RN0003-01-202512-Song-Quang-Da-ky.pdf,,,,TMR,2026-09-18 09:22:49,2025-12-25
04/11/2025,Công ty TNHH Miza Nghi Sơn,,Doanh nghiệp,Xếp hạng lần đầu,Tổ chức phát hành,,BBB-,Ổn định,,https://tmr.vn/wp-content/uploads/2025/11/RN0001-01-202511-BCMZNS.pdf,,,,TMR,2026-09-18 09:22:49,2025-11-04
30/06/2026,Công ty Cổ phần Thủy điện Hương Điền,,Doanh nghiệp,Xếp hạng lần đầu,Tổ chức phát hành,,A+,Ổn định,,https://tmr.vn/wp-content/uploads/2026/07/Huong-Dien_XHTN-lan-dau_Tochucphathanh.pdf,,,,TMR,2026-09-18 13:07:00,2026-06-30
29/06/2026,Công ty Cổ phần Thủy điện Sông Quang,,Doanh nghiệp,Cập nhật kết quả XHTN,Tổ chức phát hành,,A-,Ổn định,,https://tmr.vn/wp-content/uploads/2026/06/Song-Quang_Cap-nhat-XHTN_Tochucphathanh.pdf,,,,TMR,2026-09-18 13:07:00,2026-06-29
29/06/2026,Công ty Cổ phần Phát triển điện Nậm Chiến,,Doanh nghiệp,Cập nhật kết quả XHTN,Tổ chức phát hành,,A,Ổn định,,https://tmr.vn/wp-content/uploads/2026/06/Nam-Chien_Cap-nhat-XHTN_Tochucphathanh.pdf,,,,TMR,2026-09-18 13:07:00,2026-06-29
25/06/2026,Công ty Cổ phần Bất động sản Bcons PS,,Doanh nghiệp,Xếp hạng lần đầu,Công cụ nợ,,BBB-,Ổn định,BPS12602,https://tmr.vn/wp-content/uploads/2026/06/Bcons-PS_XHTN-lan-dau_Congcuno.pdf,,,,TMR,2026-09-18 13:07:00,2026-06-25
12/06/2026,Công ty Tài chính Tín dụng Tiêu dùng TNHH MB Shinsei,,Định chế Tài chính,Xếp hạng lần đầu,Tổ chức phát hành,,A-,Ổn định,,https://tmr.vn/wp-content/uploads/2026/06/MCredit_Cap-nhat-XHTN_Tochucphathanh.pdf,,,,TMR,2026-09-18 13:07:00,2026-06-12
27/05/2026,Công ty TNHH Miza Nghi Sơn,,Doanh nghiệp,Cập nhật kết quả XHTN,Tổ chức phát hành,,BBB-,Ổn định,,https://tmr.vn/wp-content/uploads/2026/05/MZN_Cap-nhat-XHTN_Tochucphathanh.pdf,,,,TMR,2026-09-18 13:07:00,2026-05-27
15/04/2026,Công ty Cổ phần Bất động sản Bcons PS,,Doanh nghiệp,Xếp hạng lần đầu,Công cụ nợ,,BBB-,Ổn định,BPS12601,https://tmr.vn/wp-content/uploads/2026/04/BconsPS_XHTN-PH-trai-phieu_da-ky.pdf,,,,TMR,2026-09-18 13:07:00,2026-04-15
01/04/2026,Công ty Cổ phần Bất động sản Bcons PS,,Doanh nghiệp,Xếp hạng lần đầu,Tổ chức phát hành,,BB+,Ổn định,,https://tmr.vn/wp-content/uploads/2026/04/RN0004-01-202604-BconsPS-da-ky.pdf,,,,TMR,2026-09-18 13:07:00,2026-04-01
25/12/2025,Công ty Cổ phần Phát triển điện Nậm Chiến,,Doanh nghiệp,Xếp hạng lần đầu,Tổ chức phát hành,,A,Ổn định,,https://tmr.vn/wp-content/uploads/2025/12/RN0002-01-202512-Nam-Chien-da-ky.pdf,,,,TMR,2026-09-18 13:07:00,2025-12-25
25/12/2025,Công ty Cổ phần Thủy điện Sông Quang,,Doanh nghiệp,Xếp hạng lần đầu,Tổ chức phát hành,,A-,Ổn định,,https://tmr.vn/wp-content/uploads/2025/12/RN0003-01-202512-Song-Quang-Da-ky.pdf,,,,TMR,2026-09-18 13:07:00,2025-12-25
04/11/2025,Công ty TNHH Miza Nghi Sơn,,Doanh nghiệp,Xếp hạng lần đầu,Tổ chức phát hành,,BBB-,Ổn định,,https://tmr.vn/wp-content/uploads/2025/11/RN0001-01-202511-BCMZNS.pdf,,,,TMR,2026-09-18 13:07:00,2025-11-04
30/06/2026,Công ty Cổ phần Thủy điện Hương Điền,,Doanh nghiệp,Xếp hạng lần đầu,Tổ chức phát hành,,A+,Ổn định,,https://tmr.vn/wp-content/uploads/2026/07/Huong-Dien_XHTN-lan-dau_Tochucphathanh.pdf,,,,TMR,2026-09-19 08:16:10,2026-06-30
29/06/2026,Công ty Cổ phần Thủy điện Sông Quang,,Doanh nghiệp,Cập nhật kết quả XHTN,Tổ chức phát hành,,A-,Ổn định,,https://tmr.vn/wp-content/uploads/2026/06/Song-Quang_Cap-nhat-XHTN_Tochucphathanh.pdf,,,,TMR,2026-09-19 08:16:10,2026-06-29
29/06/2026,Công ty Cổ phần Phát triển điện Nậm Chiến,,Doanh nghiệp,Cập nhật kết quả XHTN,Tổ chức phát hành,,A,Ổn định,,https://tmr.vn/wp-content/uploads/2026/06/Nam-Chien_Cap-nhat-XHTN_Tochucphathanh.pdf,,,,TMR,2026-09-19 08:16:10,2026-06-29
25/06/2026,Công ty Cổ phần Bất động sản Bcons PS,,Doanh nghiệp,Xếp hạng lần đầu,Công cụ nợ,,BBB-,Ổn định,BPS12602,https://tmr.vn/wp-content/uploads/2026/06/Bcons-PS_XHTN-lan-dau_Congcuno.pdf,,,,TMR,2026-09-19 08:16:10,2026-06-25
12/06/2026,Công ty Tài chính Tín dụng Tiêu dùng TNHH MB Shinsei,,Định chế Tài chính,Xếp hạng lần đầu,Tổ chức phát hành,,A-,Ổn định,,https://tmr.vn/wp-content/uploads/2026/06/MCredit_Cap-nhat-XHTN_Tochucphathanh.pdf,,,,TMR,2026-09-19 08:16:10,2026-06-12
27/05/2026,Công ty TNHH Miza Nghi Sơn,,Doanh nghiệp,Cập nhật kết quả XHTN,Tổ chức phát hành,,BBB-,Ổn định,,https://tmr.vn/wp-content/uploads/2026/05/MZN_Cap-nhat-XHTN_Tochucphathanh.pdf,,,,TMR,2026-09-19 08:16:10,2026-05-27
15/04/2026,Công ty Cổ phần Bất động sản Bcons PS,,Doanh nghiệp,Xếp hạng lần đầu,Công cụ nợ,,BBB-,Ổn định,BPS12601,https://tmr.vn/wp-content/uploads/2026/04/BconsPS_XHTN-PH-trai-phieu_da-ky.pdf,,,,TMR,2026-09-19 08:16:10,2026-04-15
01/04/2026,Công ty Cổ phần Bất động sản Bcons PS,,Doanh nghiệp,Xếp hạng lần đầu,Tổ chức phát hành,,BB+,Ổn định,,https://tmr.vn/wp-content/uploads/2026/04/RN0004-01-202604-BconsPS-da-ky.pdf,,,,TMR,2026-09-19 08:16:10,2026-04-01
25/12/2025,Công ty Cổ phần Phát triển điện Nậm Chiến,,Doanh nghiệp,Xếp hạng lần đầu,Tổ chức phát hành,,A,Ổn định,,https://tmr.vn/wp-content/uploads/2025/12/RN0002-01-202512-Nam-Chien-da-ky.pdf,,,,TMR,2026-09-19 08:16:10,2025-12-25
25/12/2025,Công ty Cổ phần Thủy điện Sông Quang,,Doanh nghiệp,Xếp hạng lần đầu,Tổ chức phát hành,,A-,Ổn định,,https://tmr.vn/wp-content/uploads/2025/12/RN0003-01-202512-Song-Quang-Da-ky.pdf,,,,TMR,2026-09-19 08:16:10,2025-12-25
04/11/2025,Công ty TNHH Miza Nghi Sơn,,Doanh nghiệp,Xếp hạng lần đầu,Tổ chức phát hành,,BBB-,Ổn định,,https://tmr.vn/wp-content/uploads/2025/11/RN0001-01-202511-BCMZNS.pdf,,,,TMR,2026-09-19 08:16:10,2025-11-04
30/06/2026,Công ty Cổ phần Thủy điện Hương Điền,,Doanh nghiệp,Xếp hạng lần đầu,Tổ chức phát hành,,A+,Ổn định,,https://tmr.vn/wp-content/uploads/2026/07/Huong-Dien_XHTN-lan-dau_Tochucphathanh.pdf,,,,TMR,2026-09-20 08:47:54,2026-06-30
29/06/2026,Công ty Cổ phần Thủy điện Sông Quang,,Doanh nghiệp,Cập nhật kết quả XHTN,Tổ chức phát hành,,A-,Ổn định,,https://tmr.vn/wp-content/uploads/2026/06/Song-Quang_Cap-nhat-XHTN_Tochucphathanh.pdf,,,,TMR,2026-09-20 08:47:54,2026-06-29
29/06/2026,Công ty Cổ phần Phát triển điện Nậm Chiến,,Doanh nghiệp,Cập nhật kết quả XHTN,Tổ chức phát hành,,A,Ổn định,,https://tmr.vn/wp-content/uploads/2026/06/Nam-Chien_Cap-nhat-XHTN_Tochucphathanh.pdf,,,,TMR,2026-09-20 08:47:54,2026-06-29
25/06/2026,Công ty Cổ phần Bất động sản Bcons PS,,Doanh nghiệp,Xếp hạng lần đầu,Công cụ nợ,,BBB-,Ổn định,BPS12602,https://tmr.vn/wp-content/uploads/2026/06/Bcons-PS_XHTN-lan-dau_Congcuno.pdf,,,,TMR,2026-09-20 08:47:54,2026-06-25
12/06/2026,Công ty Tài chính Tín dụng Tiêu dùng TNHH MB Shinsei,,Định chế Tài chính,Xếp hạng lần đầu,Tổ chức phát hành,,A-,Ổn định,,https://tmr.vn/wp-content/uploads/2026/06/MCredit_Cap-nhat-XHTN_Tochucphathanh.pdf,,,,TMR,2026-09-20 08:47:54,2026-06-12
27/05/2026,Công ty TNHH Miza Nghi Sơn,,Doanh nghiệp,Cập nhật kết quả XHTN,Tổ chức phát hành,,BBB-,Ổn định,,https://tmr.vn/wp-content/uploads/2026/05/MZN_Cap-nhat-XHTN_Tochucphathanh.pdf,,,,TMR,2026-09-20 08:47:54,2026-05-27
15/04/2026,Công ty Cổ phần Bất động sản Bcons PS,,Doanh nghiệp,Xếp hạng lần đầu,Công cụ nợ,,BBB-,Ổn định,BPS12601,https://tmr.vn/wp-content/uploads/2026/04/BconsPS_XHTN-PH-trai-phieu_da-ky.pdf,,,,TMR,2026-09-20 08:47:54,2026-04-15
01/04/2026,Công ty Cổ phần Bất động sản Bcons PS,,Doanh nghiệp,Xếp hạng lần đầu,Tổ chức phát hành,,BB+,Ổn định,,https://tmr.vn/wp-content/uploads/2026/04/RN0004-01-202604-BconsPS-da-ky.pdf,,,,TMR,2026-09-20 08:47:54,2026-04-01
25/12/2025,Công ty Cổ phần Phát triển điện Nậm Chiến,,Doanh nghiệp,Xếp hạng lần đầu,Tổ chức phát hành,,A,Ổn định,,https://tmr.vn/wp-content/uploads/2025/12/RN0002-01-202512-Nam-Chien-da-ky.pdf,,,,TMR,2026-09-20 08:47:54,2025-12-25
25/12/2025,Công ty Cổ phần Thủy điện Sông Quang,,Doanh nghiệp,Xếp hạng lần đầu,Tổ chức phát hành,,A-,Ổn định,,https://tmr.vn/wp-content/uploads/2025/12/RN0003-01-202512-Song-Quang-Da-ky.pdf,,,,TMR,2026-09-20 08:47:54,2025-12-25
04/11/2025,Công ty TNHH Miza Nghi Sơn,,Doanh nghiệp,Xếp hạng lần đầu,Tổ chức phát hành,,BBB-,Ổn định,,https://tmr.vn/wp-content/uploads/2025/11/RN0001-01-202511-BCMZNS.pdf,,,,TMR,2026-09-20 08:47:54,2025-11-04
30/06/2026,Công ty Cổ phần Thủy điện Hương Điền,,Doanh nghiệp,Xếp hạng lần đầu,Tổ chức phát hành,,A+,Ổn định,,https://tmr.vn/wp-content/uploads/2026/07/Huong-Dien_XHTN-lan-dau_Tochucphathanh.pdf,,,,TMR,2026-09-20 13:11:45,2026-06-30
29/06/2026,Công ty Cổ phần Thủy điện Sông Quang,,Doanh nghiệp,Cập nhật kết quả XHTN,Tổ chức phát hành,,A-,Ổn định,,https://tmr.vn/wp-content/uploads/2026/06/Song-Quang_Cap-nhat-XHTN_Tochucphathanh.pdf,,,,TMR,2026-09-20 13:11:45,2026-06-29
29/06/2026,Công ty Cổ phần Phát triển điện Nậm Chiến,,Doanh nghiệp,Cập nhật kết quả XHTN,Tổ chức phát hành,,A,Ổn định,,https://tmr.vn/wp-content/uploads/2026/06/Nam-Chien_Cap-nhat-XHTN_Tochucphathanh.pdf,,,,TMR,2026-09-20 13:11:45,2026-06-29
25/06/2026,Công ty Cổ phần Bất động sản Bcons PS,,Doanh nghiệp,Xếp hạng lần đầu,Công cụ nợ,,BBB-,Ổn định,BPS12602,https://tmr.vn/wp-content/uploads/2026/06/Bcons-PS_XHTN-lan-dau_Congcuno.pdf,,,,TMR,2026-09-20 13:11:45,2026-06-25
12/06/2026,Công ty Tài chính Tín dụng Tiêu dùng TNHH MB Shinsei,,Định chế Tài chính,Xếp hạng lần đầu,Tổ chức phát hành,,A-,Ổn định,,https://tmr.vn/wp-content/uploads/2026/06/MCredit_Cap-nhat-XHTN_Tochucphathanh.pdf,,,,TMR,2026-09-20 13:11:45,2026-06-12
27/05/2026,Công ty TNHH Miza Nghi Sơn,,Doanh nghiệp,Cập nhật kết quả XHTN,Tổ chức phát hành,,BBB-,Ổn định,,https://tmr.vn/wp-content/uploads/2026/05/MZN_Cap-nhat-XHTN_Tochucphathanh.pdf,,,,TMR,2026-09-20 13:11:45,2026-05-27
15/04/2026,Công ty Cổ phần Bất động sản Bcons PS,,Doanh nghiệp,Xếp hạng lần đầu,Công cụ nợ,,BBB-,Ổn định,BPS12601,https://tmr.vn/wp-content/uploads/2026/04/BconsPS_XHTN-PH-trai-phieu_da-ky.pdf,,,,TMR,2026-09-20 13:11:45,2026-04-15
01/04/2026,Công ty Cổ phần Bất động sản Bcons PS,,Doanh nghiệp,Xếp hạng lần đầu,Tổ chức phát hành,,BB+,Ổn định,,https://tmr.vn/wp-content/uploads/2026/04/RN0004-01-202604-BconsPS-da-ky.pdf,,,,TMR,2026-09-20 13:11:45,2026-04-01
25/12/2025,Công ty Cổ phần Phát triển điện Nậm Chiến,,Doanh nghiệp,Xếp hạng lần đầu,Tổ chức phát hành,,A,Ổn định,,https://tmr.vn/wp-content/uploads/2025/12/RN0002-01-202512-Nam-Chien-da-ky.pdf,,,,TMR,2026-09-20 13:11:45,2025-12-25
25/12/2025,Công ty Cổ phần Thủy điện Sông Quang,,Doanh nghiệp,Xếp hạng lần đầu,Tổ chức phát hành,,A-,Ổn định,,https://tmr.vn/wp-content/uploads/2025/12/RN0003-01-202512-Song-Quang-Da-ky.pdf,,,,TMR,2026-09-20 13:11:45,2025-12-25
04/11/2025,Công ty TNHH Miza Nghi Sơn,,Doanh nghiệp,Xếp hạng lần đầu,Tổ chức phát hành,,BBB-,Ổn định,,https://tmr.vn/wp-content/uploads/2025/11/RN0001-01-202511-BCMZNS.pdf,,,,TMR,2026-09-20 13:11:45,2025-11-04
30/06/2026,Công ty Cổ phần Thủy điện Hương Điền,,Doanh nghiệp,Xếp hạng lần đầu,Tổ chức phát hành,,A+,Ổn định,,https://tmr.vn/wp-content/uploads/2026/07/Huong-Dien_XHTN-lan-dau_Tochucphathanh.pdf,,,,TMR,2026-09-21 01:46:18,2026-06-30
29/06/2026,Công ty Cổ phần Thủy điện Sông Quang,,Doanh nghiệp,Cập nhật kết quả XHTN,Tổ chức phát hành,,A-,Ổn định,,https://tmr.vn/wp-content/uploads/2026/06/Song-Quang_Cap-nhat-XHTN_Tochucphathanh.pdf,,,,TMR,2026-09-21 01:46:18,2026-06-29
29/06/2026,Công ty Cổ phần Phát triển điện Nậm Chiến,,Doanh nghiệp,Cập nhật kết quả XHTN,Tổ chức phát hành,,A,Ổn định,,https://tmr.vn/wp-content/uploads/2026/06/Nam-Chien_Cap-nhat-XHTN_Tochucphathanh.pdf,,,,TMR,2026-09-21 01:46:18,2026-06-29
25/06/2026,Công ty Cổ phần Bất động sản Bcons PS,,Doanh nghiệp,Xếp hạng lần đầu,Công cụ nợ,,BBB-,Ổn định,BPS12602,https://tmr.vn/wp-content/uploads/2026/06/Bcons-PS_XHTN-lan-dau_Congcuno.pdf,,,,TMR,2026-09-21 01:46:18,2026-06-25
12/06/2026,Công ty Tài chính Tín dụng Tiêu dùng TNHH MB Shinsei,,Định chế Tài chính,Xếp hạng lần đầu,Tổ chức phát hành,,A-,Ổn định,,https://tmr.vn/wp-content/uploads/2026/06/MCredit_Cap-nhat-XHTN_Tochucphathanh.pdf,,,,TMR,2026-09-21 01:46:18,2026-06-12
27/05/2026,Công ty TNHH Miza Nghi Sơn,,Doanh nghiệp,Cập nhật kết quả XHTN,Tổ chức phát hành,,BBB-,Ổn định,,https://tmr.vn/wp-content/uploads/2026/05/MZN_Cap-nhat-XHTN_Tochucphathanh.pdf,,,,TMR,2026-09-21 01:46:18,2026-05-27
15/04/2026,Công ty Cổ phần Bất động sản Bcons PS,,Doanh nghiệp,Xếp hạng lần đầu,Công cụ nợ,,BBB-,Ổn định,BPS12601,https://tmr.vn/wp-content/uploads/2026/04/BconsPS_XHTN-PH-trai-phieu_da-ky.pdf,,,,TMR,2026-09-21 01:46:18,2026-04-15
01/04/2026,Công ty Cổ phần Bất động sản Bcons PS,,Doanh nghiệp,Xếp hạng lần đầu,Tổ chức phát hành,,BB+,Ổn định,,https://tmr.vn/wp-content/uploads/2026/04/RN0004-01-202604-BconsPS-da-ky.pdf,,,,TMR,2026-09-21 01:46:18,2026-04-01
25/12/2025,Công ty Cổ phần Phát triển điện Nậm Chiến,,Doanh nghiệp,Xếp hạng lần đầu,Tổ chức phát hành,,A,Ổn định,,https://tmr.vn/wp-content/uploads/2025/12/RN0002-01-202512-Nam-Chien-da-ky.pdf,,,,TMR,2026-09-21 01:46:18,2025-12-25
25/12/2025,Công ty Cổ phần Thủy điện Sông Quang,,Doanh nghiệp,Xếp hạng lần đầu,Tổ chức phát hành,,A-,Ổn định,,https://tmr.vn/wp-content/uploads/2025/12/RN0003-01-202512-Song-Quang-Da-ky.pdf,,,,TMR,2026-09-21 01:46:18,2025-12-25
04/11/2025,Công ty TNHH Miza Nghi Sơn,,Doanh nghiệp,Xếp hạng lần đầu,Tổ chức phát hành,,BBB-,Ổn định,,https://tmr.vn/wp-content/uploads/2025/11/RN0001-01-202511-BCMZNS.pdf,,,,TMR,2026-09-21 01:46:18,2025-11-04
30/06/2026,Công ty Cổ phần Thủy điện Hương Điền,,Doanh nghiệp,Xếp hạng lần đầu,Tổ chức phát hành,,A+,Ổn định,,https://tmr.vn/wp-content/uploads/2026/07/Huong-Dien_XHTN-lan-dau_Tochucphathanh.pdf,,,,TMR,2026-09-21 09:15:47,2026-06-30
29/06/2026,Công ty Cổ phần Thủy điện Sông Quang,,Doanh nghiệp,Cập nhật kết quả XHTN,Tổ chức phát hành,,A-,Ổn định,,https://tmr.vn/wp-content/uploads/2026/06/Song-Quang_Cap-nhat-XHTN_Tochucphathanh.pdf,,,,TMR,2026-09-21 09:15:47,2026-06-29
29/06/2026,Công ty Cổ phần Phát triển điện Nậm Chiến,,Doanh nghiệp,Cập nhật kết quả XHTN,Tổ chức phát hành,,A,Ổn định,,https://tmr.vn/wp-content/uploads/2026/06/Nam-Chien_Cap-nhat-XHTN_Tochucphathanh.pdf,,,,TMR,2026-09-21 09:15:47,2026-06-29
25/06/2026,Công ty Cổ phần Bất động sản Bcons PS,,Doanh nghiệp,Xếp hạng lần đầu,Công cụ nợ,,BBB-,Ổn định,BPS12602,https://tmr.vn/wp-content/uploads/2026/06/Bcons-PS_XHTN-lan-dau_Congcuno.pdf,,,,TMR,2026-09-21 09:15:47,2026-06-25
12/06/2026,Công ty Tài chính Tín dụng Tiêu dùng TNHH MB Shinsei,,Định chế Tài chính,Xếp hạng lần đầu,Tổ chức phát hành,,A-,Ổn định,,https://tmr.vn/wp-content/uploads/2026/06/MCredit_Cap-nhat-XHTN_Tochucphathanh.pdf,,,,TMR,2026-09-21 09:15:47,2026-06-12
27/05/2026,Công ty TNHH Miza Nghi Sơn,,Doanh nghiệp,Cập nhật kết quả XHTN,Tổ chức phát hành,,BBB-,Ổn định,,https://tmr.vn/wp-content/uploads/2026/05/MZN_Cap-nhat-XHTN_Tochucphathanh.pdf,,,,TMR,2026-09-21 09:15:47,2026-05-27
15/04/2026,Công ty Cổ phần Bất động sản Bcons PS,,Doanh nghiệp,Xếp hạng lần đầu,Công cụ nợ,,BBB-,Ổn định,BPS12601,https://tmr.vn/wp-content/uploads/2026/04/BconsPS_XHTN-PH-trai-phieu_da-ky.pdf,,,,TMR,2026-09-21 09:15:47,2026-04-15
01/04/2026,Công ty Cổ phần Bất động sản Bcons PS,,Doanh nghiệp,Xếp hạng lần đầu,Tổ chức phát hành,,BB+,Ổn định,,https://tmr.vn/wp-content/uploads/2026/04/RN0004-01-202604-BconsPS-da-ky.pdf,,,,TMR,2026-09-21 09:15:47,2026-04-01
25/12/2025,Công ty Cổ phần Phát triển điện Nậm Chiến,,Doanh nghiệp,Xếp hạng lần đầu,Tổ chức phát hành,,A,Ổn định,,https://tmr.vn/wp-content/uploads/2025/12/RN0002-01-202512-Nam-Chien-da-ky.pdf,,,,TMR,2026-09-21 09:15:47,2025-12-25
25/12/2025,Công ty Cổ phần Thủy điện Sông Quang,,Doanh nghiệp,Xếp hạng lần đầu,Tổ chức phát hành,,A-,Ổn định,,https://tmr.vn/wp-content/uploads/2025/12/RN0003-01-202512-Song-Quang-Da-ky.pdf,,,,TMR,2026-09-21 09:15:47,2025-12-25
04/11/2025,Công ty TNHH Miza Nghi Sơn,,Doanh nghiệp,Xếp hạng lần đầu,Tổ chức phát hành,,BBB-,Ổn định,,https://tmr.vn/wp-content/uploads/2025/11/RN0001-01-202511-BCMZNS.pdf,,,,TMR,2026-09-21 09:15:47,2025-11-04
30/06/2026,Công ty Cổ phần Thủy điện Hương Điền,,Doanh nghiệp,Xếp hạng lần đầu,Tổ chức phát hành,,A+,Ổn định,,https://tmr.vn/wp-content/uploads/2026/07/Huong-Dien_XHTN-lan-dau_Tochucphathanh.pdf,,,,TMR,2026-09-21 10:07:16,2026-06-30
29/06/2026,Công ty Cổ phần Thủy điện Sông Quang,,Doanh nghiệp,Cập nhật kết quả XHTN,Tổ chức phát hành,,A-,Ổn định,,https://tmr.vn/wp-content/uploads/2026/06/Song-Quang_Cap-nhat-XHTN_Tochucphathanh.pdf,,,,TMR,2026-09-21 10:07:16,2026-06-29
29/06/2026,Công ty Cổ phần Phát triển điện Nậm Chiến,,Doanh nghiệp,Cập nhật kết quả XHTN,Tổ chức phát hành,,A,Ổn định,,https://tmr.vn/wp-content/uploads/2026/06/Nam-Chien_Cap-nhat-XHTN_Tochucphathanh.pdf,,,,TMR,2026-09-21 10:07:16,2026-06-29
25/06/2026,Công ty Cổ phần Bất động sản Bcons PS,,Doanh nghiệp,Xếp hạng lần đầu,Công cụ nợ,,BBB-,Ổn định,BPS12602,https://tmr.vn/wp-content/uploads/2026/06/Bcons-PS_XHTN-lan-dau_Congcuno.pdf,,,,TMR,2026-09-21 10:07:16,2026-06-25
12/06/2026,Công ty Tài chính Tín dụng Tiêu dùng TNHH MB Shinsei,,Định chế Tài chính,Xếp hạng lần đầu,Tổ chức phát hành,,A-,Ổn định,,https://tmr.vn/wp-content/uploads/2026/06/MCredit_Cap-nhat-XHTN_Tochucphathanh.pdf,,,,TMR,2026-09-21 10:07:16,2026-06-12
27/05/2026,Công ty TNHH Miza Nghi Sơn,,Doanh nghiệp,Cập nhật kết quả XHTN,Tổ chức phát hành,,BBB-,Ổn định,,https://tmr.vn/wp-content/uploads/2026/05/MZN_Cap-nhat-XHTN_Tochucphathanh.pdf,,,,TMR,2026-09-21 10:07:16,2026-05-27
15/04/2026,Công ty Cổ phần Bất động sản Bcons PS,,Doanh nghiệp,Xếp hạng lần đầu,Công cụ nợ,,BBB-,Ổn định,BPS12601,https://tmr.vn/wp-content/uploads/2026/04/BconsPS_XHTN-PH-trai-phieu_da-ky.pdf,,,,TMR,2026-09-21 10:07:16,2026-04-15
01/04/2026,Công ty Cổ phần Bất động sản Bcons PS,,Doanh nghiệp,Xếp hạng lần đầu,Tổ chức phát hành,,BB+,Ổn định,,https://tmr.vn/wp-content/uploads/2026/04/RN0004-01-202604-BconsPS-da-ky.pdf,,,,TMR,2026-09-21 10:07:16,2026-04-01
25/12/2025,Công ty Cổ phần Phát triển điện Nậm Chiến,,Doanh nghiệp,Xếp hạng lần đầu,Tổ chức phát hành,,A,Ổn định,,https://tmr.vn/wp-content/uploads/2025/12/RN0002-01-202512-Nam-Chien-da-ky.pdf,,,,TMR,2026-09-21 10:07:16,2025-12-25
25/12/2025,Công ty Cổ phần Thủy điện Sông Quang,,Doanh nghiệp,Xếp hạng lần đầu,Tổ chức phát hành,,A-,Ổn định,,https://tmr.vn/wp-content/uploads/2025/12/RN0003-01-202512-Song-Quang-Da-ky.pdf,,,,TMR,2026-09-21 10:07:16,2025-12-25
04/11/2025,Công ty TNHH Miza Nghi Sơn,,Doanh nghiệp,Xếp hạng lần đầu,Tổ chức phát hành,,BBB-,Ổn định,,https://tmr.vn/wp-content/uploads/2025/11/RN0001-01-202511-BCMZNS.pdf,,,,TMR,2026-09-21 10:07:16,2025-11-04
30/06/2026,Công ty Cổ phần Thủy điện Hương Điền,,Doanh nghiệp,Xếp hạng lần đầu,Tổ chức phát hành,,A+,Ổn định,,https://tmr.vn/wp-content/uploads/2026/07/Huong-Dien_XHTN-lan-dau_Tochucphathanh.pdf,,,,TMR,2026-09-21 15:17:35,2026-06-30
29/06/2026,Công ty Cổ phần Thủy điện Sông Quang,,Doanh nghiệp,Cập nhật kết quả XHTN,Tổ chức phát hành,,A-,Ổn định,,https://tmr.vn/wp-content/uploads/2026/06/Song-Quang_Cap-nhat-XHTN_Tochucphathanh.pdf,,,,TMR,2026-09-21 15:17:35,2026-06-29
29/06/2026,Công ty Cổ phần Phát triển điện Nậm Chiến,,Doanh nghiệp,Cập nhật kết quả XHTN,Tổ chức phát hành,,A,Ổn định,,https://tmr.vn/wp-content/uploads/2026/06/Nam-Chien_Cap-nhat-XHTN_Tochucphathanh.pdf,,,,TMR,2026-09-21 15:17:35,2026-06-29
25/06/2026,Công ty Cổ phần Bất động sản Bcons PS,,Doanh nghiệp,Xếp hạng lần đầu,Công cụ nợ,,BBB-,Ổn định,BPS12602,https://tmr.vn/wp-content/uploads/2026/06/Bcons-PS_XHTN-lan-dau_Congcuno.pdf,,,,TMR,2026-09-21 15:17:35,2026-06-25
12/06/2026,Công ty Tài chính Tín dụng Tiêu dùng TNHH MB Shinsei,,Định chế Tài chính,Xếp hạng lần đầu,Tổ chức phát hành,,A-,Ổn định,,https://tmr.vn/wp-content/uploads/2026/06/MCredit_Cap-nhat-XHTN_Tochucphathanh.pdf,,,,TMR,2026-09-21 15:17:35,2026-06-12
27/05/2026,Công ty TNHH Miza Nghi Sơn,,Doanh nghiệp,Cập nhật kết quả XHTN,Tổ chức phát hành,,BBB-,Ổn định,,https://tmr.vn/wp-content/uploads/2026/05/MZN_Cap-nhat-XHTN_Tochucphathanh.pdf,,,,TMR,2026-09-21 15:17:35,2026-05-27
15/04/2026,Công ty Cổ phần Bất động sản Bcons PS,,Doanh nghiệp,Xếp hạng lần đầu,Công cụ nợ,,BBB-,Ổn định,BPS12601,https://tmr.vn/wp-content/uploads/2026/04/BconsPS_XHTN-PH-trai-phieu_da-ky.pdf,,,,TMR,2026-09-21 15:17:35,2026-04-15
01/04/2026,Công ty Cổ phần Bất động sản Bcons PS,,Doanh nghiệp,Xếp hạng lần đầu,Tổ chức phát hành,,BB+,Ổn định,,https://tmr.vn/wp-content/uploads/2026/04/RN0004-01-202604-BconsPS-da-ky.pdf,,,,TMR,2026-09-21 15:17:35,2026-04-01
25/12/2025,Công ty Cổ phần Phát triển điện Nậm Chiến,,Doanh nghiệp,Xếp hạng lần đầu,Tổ chức phát hành,,A,Ổn định,,https://tmr.vn/wp-content/uploads/2025/12/RN0002-01-202512-Nam-Chien-da-ky.pdf,,,,TMR,2026-09-21 15:17:35,2025-12-25
25/12/2025,Công ty Cổ phần Thủy điện Sông Quang,,Doanh nghiệp,Xếp hạng lần đầu,Tổ chức phát hành,,A-,Ổn định,,https://tmr.vn/wp-content/uploads/2025/12/RN0003-01-202512-Song-Quang-Da-ky.pdf,,,,TMR,2026-09-21 15:17:35,2025-12-25
04/11/2025,Công ty TNHH Miza Nghi Sơn,,Doanh nghiệp,Xếp hạng lần đầu,Tổ chức phát hành,,BBB-,Ổn định,,https://tmr.vn/wp-content/uploads/2025/11/RN0001-01-202511-BCMZNS.pdf,,,,TMR,2026-09-21 15:17:35,2025-11-04
30/06/2026,Công ty Cổ phần Thủy điện Hương Điền,,Doanh nghiệp,Xếp hạng lần đầu,Tổ chức phát hành,,A+,Ổn định,,https://tmr.vn/wp-content/uploads/2026/07/Huong-Dien_XHTN-lan-dau_Tochucphathanh.pdf,,,,TMR,2026-09-22 08:47:18,2026-06-30
29/06/2026,Công ty Cổ phần Thủy điện Sông Quang,,Doanh nghiệp,Cập nhật kết quả XHTN,Tổ chức phát hành,,A-,Ổn định,,https://tmr.vn/wp-content/uploads/2026/06/Song-Quang_Cap-nhat-XHTN_Tochucphathanh.pdf,,,,TMR,2026-09-22 08:47:18,2026-06-29
29/06/2026,Công ty Cổ phần Phát triển điện Nậm Chiến,,Doanh nghiệp,Cập nhật kết quả XHTN,Tổ chức phát hành,,A,Ổn định,,https://tmr.vn/wp-content/uploads/2026/06/Nam-Chien_Cap-nhat-XHTN_Tochucphathanh.pdf,,,,TMR,2026-09-22 08:47:18,2026-06-29
25/06/2026,Công ty Cổ phần Bất động sản Bcons PS,,Doanh nghiệp,Xếp hạng lần đầu,Công cụ nợ,,BBB-,Ổn định,BPS12602,https://tmr.vn/wp-content/uploads/2026/06/Bcons-PS_XHTN-lan-dau_Congcuno.pdf,,,,TMR,2026-09-22 08:47:18,2026-06-25
12/06/2026,Công ty Tài chính Tín dụng Tiêu dùng TNHH MB Shinsei,,Định chế Tài chính,Xếp hạng lần đầu,Tổ chức phát hành,,A-,Ổn định,,https://tmr.vn/wp-content/uploads/2026/06/MCredit_Cap-nhat-XHTN_Tochucphathanh.pdf,,,,TMR,2026-09-22 08:47:18,2026-06-12
27/05/2026,Công ty TNHH Miza Nghi Sơn,,Doanh nghiệp,Cập nhật kết quả XHTN,Tổ chức phát hành,,BBB-,Ổn định,,https://tmr.vn/wp-content/uploads/2026/05/MZN_Cap-nhat-XHTN_Tochucphathanh.pdf,,,,TMR,2026-09-22 08:47:18,2026-05-27
15/04/2026,Công ty Cổ phần Bất động sản Bcons PS,,Doanh nghiệp,Xếp hạng lần đầu,Công cụ nợ,,BBB-,Ổn định,BPS12601,https://tmr.vn/wp-content/uploads/2026/04/BconsPS_XHTN-PH-trai-phieu_da-ky.pdf,,,,TMR,2026-09-22 08:47:18,2026-04-15
01/04/2026,Công ty Cổ phần Bất động sản Bcons PS,,Doanh nghiệp,Xếp hạng lần đầu,Tổ chức phát hành,,BB+,Ổn định,,https://tmr.vn/wp-content/uploads/2026/04/RN0004-01-202604-BconsPS-da-ky.pdf,,,,TMR,2026-09-22 08:47:18,2026-04-01
25/12/2025,Công ty Cổ phần Phát triển điện Nậm Chiến,,Doanh nghiệp,Xếp hạng lần đầu,Tổ chức phát hành,,A,Ổn định,,https://tmr.vn/wp-content/uploads/2025/12/RN0002-01-202512-Nam-Chien-da-ky.pdf,,,,TMR,2026-09-22 08:47:18,2025-12-25
25/12/2025,Công ty Cổ phần Thủy điện Sông Quang,,Doanh nghiệp,Xếp hạng lần đầu,Tổ chức phát hành,,A-,Ổn định,,https://tmr.vn/wp-content/uploads/2025/12/RN0003-01-202512-Song-Quang-Da-ky.pdf,,,,TMR,2026-09-22 08:47:18,2025-12-25
04/11/2025,Công ty TNHH Miza Nghi Sơn,,Doanh nghiệp,Xếp hạng lần đầu,Tổ chức phát hành,,BBB-,Ổn định,,https://tmr.vn/wp-content/uploads/2025/11/RN0001-01-202511-BCMZNS.pdf,,,,TMR,2026-09-22 08:47:18,2025-11-04
