to_chuc_xhtn,ngay_cong_bo,ngay_cong_bo_dt,to_chuc_phat_hanh,thang_diem,loai_hinh_chuan,linh_vuc,loai_xhtn_chuan,hanh_dong_chuan,bac_xhtn_chuan,bac_thu_tu,trien_vong_chuan,da_het_hieu_luc,theo_doi_ngan_han,bao_mat,phi_tren_5pc,ghi_chu_bac,ma_trai_phieu,ky_han,loai_rating_goc,bao_cao_vi,bao_cao_en,bao_cao_chi_tiet,link_to_chuc_phat_hanh,issuer_id,loai_hinh_goc,loai_y_kien_goc,trang_thai_goc,bac_xhtn_goc,trien_vong_goc,thoi_gian_scrape,file_nguon
Saigon Ratings,16/09/2026,2026-09-16,Công ty TNHH Đầu tư và Phát triển Đô thị Tiên Du,Quốc gia,,Phát triển Bất động sản,Tổ chức phát hành,Giám sát,BBB-,10.0,Ổn định,False,False,False,False,,,,,https://saigonratings.com/gsxh6t-tien_du-2026/,,,,,,Tổ chức phát hành,Giám sát Xếp hạng,vnBBB-,Ổn định,2026-09-20 08:47:49,saigonratings_xhtn_20260920.csv
VIS Rating,16/09/2026,2026-09-16,Công ty Cổ phần Tập đoàn Phượng Hoàng Xanh A&A,Quốc gia,Doanh nghiệp,,Tổ chức phát hành,Cập nhật,A,6.0,Ổn định,False,False,False,False,,,Dài hạn,,https://visrating.com/ket-qua-xep-hang-tin-nhiem/bao-cao/202609_phenikaa_rating_announcement_vn.175.html,https://visrating.com/rating-results/report/202609_phenikaa_rating_announcement_en.175.html,,https://visrating.com/ket-qua-xep-hang-tin-nhiem/to-chuc/cong-ty-co-phan-tap-doan-phuong-hoang-xanh-aanda.5.html,5.0,Doanh nghiệp,Doanh nghiệp,Cập nhật,A,Ổn định,2026-09-20 08:47:45,visrating_xhtn_20260920.csv
Saigon Ratings,15/09/2026,2026-09-15,Công ty Cổ phần Phát triển Bất động sản An Phúc,Quốc gia,,Phát triển Bất động sản,Tổ chức phát hành,Lần đầu,BB,12.0,Ổn định,False,False,False,False,,,,,https://saigonratings.com/xhtn-an_phuc-2026/,,,,,,Tổ chức phát hành,Xếp hạng lần đầu,vnBB,Ổn định,2026-09-20 08:47:49,saigonratings_xhtn_20260920.csv
Saigon Ratings,15/09/2026,2026-09-15,Công ty Cổ phần Phát triển Khu Công nghiệp và Đô thị Thủ Thừa,Quốc gia,,Cho thuê Bất động sản,Tổ chức phát hành,,,,,False,False,False,False,,,,,https://saigonratings.com/ktxh-thu_thua/,,,,,,Tổ chức phát hành,Kết thúc Xếp hạng,,,2026-09-20 08:47:49,saigonratings_xhtn_20260920.csv
Saigon Ratings,12/09/2026,2026-09-12,Công ty Cổ phần Nông nghiệp BAF Việt Nam,Quốc gia,,Chăn nuôi,Tổ chức phát hành,,,,,False,False,False,False,,,,,https://saigonratings.com/ktxh-baf-2026/,,,,,,Tổ chức phát hành,Kết thúc Xếp hạng,,,2026-09-20 08:47:49,saigonratings_xhtn_20260920.csv
VIS Rating,11/09/2026,2026-09-11,Công ty Cổ phần Chứng khoán LPS,Quốc gia,Định chế tài chính,,Tổ chức phát hành,Giám sát,A-,7.0,Ổn định,False,False,False,False,,,Dài hạn,,,,,https://visrating.com/ket-qua-xep-hang-tin-nhiem/to-chuc/cong-ty-co-phan-chung-khoan-lps.42.html,42.0,Định chế tài chính,Doanh nghiệp,Giám sát theo dõi,A-,Ổn định,2026-09-20 08:47:45,visrating_xhtn_20260920.csv
Saigon Ratings,10/09/2026,2026-09-10,Công Ty Cổ phần Hàng Không VIETJET (VIETJET AIR),Quốc gia,,Hàng không,Tổ chức phát hành,Giám sát,BBB,9.0,Ổn định,False,False,False,False,,,,,,,,,,,Tổ chức phát hành,Giám sát Xếp hạng,vnBBB,Ổn định,2026-09-20 08:47:49,saigonratings_xhtn_20260920.csv
Saigon Ratings,08/09/2026,2026-09-08,Công ty Cổ phần Đầu tư và Phát triển LGP,Quốc gia,,Phát triển Bất động sản,Công cụ nợ,Lần đầu,A-,7.0,Ổn định,False,False,False,False,,LGPL12601,,,https://saigonratings.com/xhtp-lgpl12601-2026/,,,,,,Công cụ nợ,Xếp hạng lần đầu,vnA-,Ổn định,2026-09-20 08:47:49,saigonratings_xhtn_20260920.csv
Fitch Ratings,07/09/2026,2026-09-07,Hanoi Power Corporation,Quốc tế,,,Tổ chức phát hành,Giữ nguyên,BB+,11.0,Ổn định,False,False,False,False,,,Dài hạn,Long Term Issuer Default Rating,,,,https://www.fitchratings.com/entity/hanoi-power-corporation-96894665,96894665.0,,Tổ chức phát hành,Affirmed,BB+,Stable,2026-09-20 08:48:11,fitch_xhtn_20260920.csv
Fitch Ratings,07/09/2026,2026-09-07,Ho Chi Minh City Power Corporation,Quốc tế,,,Tổ chức phát hành,Kết thúc,WD,,,True,False,False,False,Đã rút xếp hạng,,Dài hạn,Long Term Issuer Default Rating,,,,https://www.fitchratings.com/entity/ho-chi-minh-city-power-corporation-97012847,97012847.0,,Tổ chức phát hành,Withdrawn,WD,,2026-09-20 08:48:11,fitch_xhtn_20260920.csv
Fitch Ratings,07/09/2026,2026-09-07,Northern Power Corporation,Quốc tế,,,Tổ chức phát hành,Giữ nguyên,BB+,11.0,Ổn định,False,False,False,False,,,Dài hạn,Long Term Issuer Default Rating,,,,https://www.fitchratings.com/entity/vietnam-electricity-northern-power-corporation-97068875,97068875.0,,Tổ chức phát hành,Affirmed,BB+,Stable,2026-09-20 08:48:11,fitch_xhtn_20260920.csv
Fitch Ratings,07/09/2026,2026-09-07,Southern Power Corporation,Quốc tế,,,Tổ chức phát hành,Kết thúc,WD,,,True,False,False,False,Đã rút xếp hạng,,Dài hạn,Long Term Issuer Default Rating,,,,https://www.fitchratings.com/entity/southern-power-corporation-97062655,97062655.0,,Tổ chức phát hành,Withdrawn,WD,,2026-09-20 08:48:11,fitch_xhtn_20260920.csv
VIS Rating,04/09/2026,2026-09-04,Công ty Cổ phần Chứng khoán Tiên Phong,Quốc gia,Định chế tài chính,,Tổ chức phát hành,Cập nhật,BBB+,8.0,Ổn định,False,False,False,False,,,Dài hạn,,https://visrating.com/ket-qua-xep-hang-tin-nhiem/bao-cao/bao-cao-ket-qua-xep-hang-tin-nhiem-tps-04092026.173.html,https://visrating.com/rating-results/report/rating-announcement-tps-04092026.173.html,,https://visrating.com/ket-qua-xep-hang-tin-nhiem/to-chuc/tien-phong-securities-corporation.21.html,21.0,Định chế tài chính,Doanh nghiệp,Cập nhật,BBB+,Ổn định,2026-09-20 08:47:45,visrating_xhtn_20260920.csv
Saigon Ratings,03/09/2026,2026-09-03,Công ty Cổ phần Phát triển Bất động sản Hưng Long,Quốc gia,,Phát triển Bất động sản,Công cụ nợ,Lần đầu,AA-,4.0,Ổn định,False,False,False,False,,HULL12603,,,https://saigonratings.com/xhtp-hull12603-2026/,,,,,,Công cụ nợ,Xếp hạng lần đầu,vnAA-,Ổn định,2026-09-20 08:47:49,saigonratings_xhtn_20260920.csv
Saigon Ratings,28/08/2026,2026-08-28,Công ty Cổ phần Vinhomes,Quốc gia,,Phát triển Bất động sản,Công cụ nợ,Lần đầu,AA+,2.0,Ổn định,False,False,False,False,,VHML12617,,,https://saigonratings.com/xhtp-vhml12617-2026/,,,,,,Công cụ nợ,Xếp hạng lần đầu,vnAA+,Ổn định,2026-09-20 08:47:49,saigonratings_xhtn_20260920.csv
FiinRatings,27/08/2026,2026-08-27,Công ty TNHH KN Cam Ranh,Quốc gia,,Bất động sản,Công cụ nợ,Lần đầu,A,6.0,Ổn định,False,False,False,False,,KNCL12602,,,https://cms.fiinratings.vn//UploadFile/27-08-2026/%5BVI%5D_FiinRatings_KNCamRanh_Bond_KNCL12602_signed_02.pdf,,,https://fiinratings.vn/vi/ratings-fr/cong-ty-tnhh-kn-caa-ranh-id10910.html,10910.0,,XHTN Công cụ nợ,XHTN Lần đầu,A,Ổn định,2026-09-20 08:47:39,fiinratings_xhtn_20260920.csv
Saigon Ratings,27/08/2026,2026-08-27,Công ty Cổ phần Dịch vụ Cao ốc Masterise Lumiere Office,Quốc gia,,Phát triển Bất động sản,Công cụ nợ,Lần đầu,BB+,11.0,Ổn định,False,False,False,False,,MLOL12601,,,https://saigonratings.com/xhtp-mlol12601-2026/,,,,,,Công cụ nợ,Xếp hạng lần đầu,vnBB+,Ổn định,2026-09-20 08:47:49,saigonratings_xhtn_20260920.csv
Saigon Ratings,27/08/2026,2026-08-27,Công ty Cổ phần Phát triển Hạ tầng và Bất động sản Thái Bảo,Quốc gia,,Phát triển Bất động sản,Công cụ nợ,Lần đầu,BB+,11.0,Ổn định,False,False,False,False,,TBEL12601,,,https://saigonratings.com/xhtp-tbel12601-2026/,,,,,,Công cụ nợ,Xếp hạng lần đầu,vnBB+,Ổn định,2026-09-20 08:47:49,saigonratings_xhtn_20260920.csv
Saigon Ratings,27/08/2026,2026-08-27,Công ty Cổ phần Đầu tư Địa ốc Đại Quang Minh,Quốc gia,,Phát triển Bất động sản,Công cụ nợ,Lần đầu,A+,5.0,Ổn định,False,False,False,False,,DQML12601,,,https://saigonratings.com/xhtp-dqml12601-2026/,,,,,,Công cụ nợ,Xếp hạng lần đầu,vnA+,Ổn định,2026-09-20 08:47:49,saigonratings_xhtn_20260920.csv
Fitch Ratings,26/08/2026,2026-08-26,Vietnam Electricity,Quốc tế,,,Tổ chức phát hành,Giữ nguyên,BB+,11.0,Ổn định,False,False,False,False,,,Dài hạn,Long Term Issuer Default Rating,,,,https://www.fitchratings.com/entity/vietnam-electricity-96630179,96630179.0,,Tổ chức phát hành,Affirmed,BB+,Stable,2026-09-20 08:48:11,fitch_xhtn_20260920.csv
Saigon Ratings,26/08/2026,2026-08-26,Công ty Cổ phần Phát triển Bất động sản Hưng Long,Quốc gia,,Phát triển Bất động sản,Công cụ nợ,Lần đầu,BB,12.0,Ổn định,False,False,False,False,,HULL12602,,,https://saigonratings.com/xhtp-hull12602-2026/,,,,,,Công cụ nợ,Xếp hạng lần đầu,vnBB,Ổn định,2026-09-20 08:47:49,saigonratings_xhtn_20260920.csv
Saigon Ratings,26/08/2026,2026-08-26,Công ty Cổ phần Phát triển Hạ tầng và Bất động sản Thái Bảo,Quốc gia,,Phát triển Bất động sản,Tổ chức phát hành,Lần đầu,BB,12.0,Ổn định,False,False,False,False,,,,,https://saigonratings.com/xhtn-thai_bao-2026/,,,,,,Tổ chức phát hành,Xếp hạng lần đầu,vnBB,Ổn định,2026-09-20 08:47:49,saigonratings_xhtn_20260920.csv
VIS Rating,26/08/2026,2026-08-26,Công ty Cổ phần Tập đoàn Trường Hải,Quốc gia,Doanh nghiệp,,Công cụ nợ,Lần đầu,A+,5.0,Ổn định,False,False,False,False,,,Dài hạn,,https://visrating.com/ket-qua-xep-hang-tin-nhiem/bao-cao/bao-cao-ket-qua-xep-hang-tin-nhiem-26082026.172.html,https://visrating.com/rating-results/report/rating-announcement-26082026.172.html,,https://visrating.com/ket-qua-xep-hang-tin-nhiem/to-chuc/cong-ty-co-phan-tap-doan-truong-hai.41.html,41.0,Doanh nghiệp,Công cụ nợ,Xếp hạng lần đầu,A+,Ổn định,2026-09-20 08:47:45,visrating_xhtn_20260920.csv
Saigon Ratings,25/08/2026,2026-08-25,Công ty TNHH Đầu tư Kinh doanh và Phát triển Thành Quang,Quốc gia,,Phát triển Bất động sản,Công cụ nợ,Lần đầu,BBB-,10.0,Ổn định,False,False,False,False,,TQDL12601,,,https://saigonratings.com/xhtntp-tqdl12601-2026/,,,,,,Công cụ nợ,Xếp hạng lần đầu,vnBBB-,Ổn định,2026-09-20 08:47:49,saigonratings_xhtn_20260920.csv
FiinRatings,24/08/2026,2026-08-24,Công ty TNHH KN Cam Ranh,Quốc gia,,Bất động sản,Công cụ nợ,Lần đầu,AA+,2.0,Ổn định,False,False,False,False,,KNCL12601,,,https://cms.fiinratings.vn//UploadFile/24-08-2026/%5BVI%5D_FiinRatings_KNCL12601_Bond_Rating_082026.pdf,,,https://fiinratings.vn/vi/ratings-fr/cong-ty-tnhh-kn-caa-ranh-id10910.html,10910.0,,XHTN Công cụ nợ,XHTN Lần đầu,AA+,Ổn định,2026-09-20 08:47:39,fiinratings_xhtn_20260920.csv
Saigon Ratings,24/08/2026,2026-08-24,Công ty Cổ phần Vinhomes,Quốc gia,,Phát triển Bất động sản,Công cụ nợ,Lần đầu,AA+,2.0,Ổn định,False,False,False,False,,VHML12616,,,https://saigonratings.com/xhtp-vhml12616-2026/,,,,,,Công cụ nợ,Xếp hạng lần đầu,vnAA+,Ổn định,2026-09-20 08:47:49,saigonratings_xhtn_20260920.csv
Saigon Ratings,21/08/2026,2026-08-21,Công ty Cổ phần Thương mại Xuất nhập khẩu Tam Tài Lộc,Quốc gia,,Phát triển Bất động sản,Tổ chức phát hành,Giám sát,BB-,13.0,Ổn định,False,False,False,False,,,,,https://saigonratings.com/gsxh6t-ttl-2026/,,,,,,Tổ chức phát hành,Giám sát Xếp hạng,vnBB-,Ổn định,2026-09-20 08:47:49,saigonratings_xhtn_20260920.csv
Fitch Ratings,19/08/2026,2026-08-19,Petrovietnam Refining and Petrochemical Corporation,Quốc tế,,,Tổ chức phát hành,Giữ nguyên,BB+,11.0,Ổn định,False,False,False,False,,,Dài hạn,Long Term Issuer Default Rating,,,,https://www.fitchratings.com/entity/binh-son-refining-petrochemical-joint-stock-company-97506575,97506575.0,,Tổ chức phát hành,Affirmed,BB+,Stable,2026-09-20 08:48:11,fitch_xhtn_20260920.csv
Saigon Ratings,19/08/2026,2026-08-19,Công ty TNHH Đầu tư và Phát triển BĐS Trường Minh,Quốc gia,,Phát triển Bất động sản,Tổ chức phát hành,Giám sát,BB,12.0,Ổn định,False,False,False,False,,,,,https://saigonratings.com/gsxh-truong_minh-2026/,,,,,,Tổ chức phát hành,Giám sát Xếp hạng,vnBB,Ổn định,2026-09-20 08:47:49,saigonratings_xhtn_20260920.csv
Saigon Ratings,18/08/2026,2026-08-18,Công ty Cổ phần May - Diêm Sài Gòn,Quốc gia,,Phát triển Bất động sản,Tổ chức phát hành,Giám sát,BBB-,10.0,Ổn định,False,False,False,False,,,,,https://saigonratings.com/gsxh-may_diem-2026/,,,,,,Tổ chức phát hành,Giám sát Xếp hạng,vnBBB-,Ổn định,2026-09-20 08:47:49,saigonratings_xhtn_20260920.csv
FiinRatings,17/08/2026,2026-08-17,Tổng Công ty Phát triển Đô thị Kinh Bắc - CTCP,Quốc gia,,Bất động sản,Công cụ nợ,Lần đầu,A-,7.0,Ổn định,False,False,False,False,,KBCL12601,,,https://cms.fiinratings.vn//UploadFile/17-08-2026/VN_FR_KBC_Bond_Rating_Report_Aug2026_Scanned.pdf,https://cms.fiinratings.vn//UploadFile/17-08-2026/EN_FR_KBC_Bond_Rating_Report_Aug2026_Scanned.pdf,,https://fiinratings.vn/vi/ratings-fr/tong-cong-ty-phat-trien-do-thi-kinh-bac---ctcp-id3347.html,3347.0,,XHTN Công cụ nợ,XHTN Lần đầu,A-,Ổn định,2026-09-20 08:47:39,fiinratings_xhtn_20260920.csv
Saigon Ratings,15/08/2026,2026-08-15,Công ty Cổ phần Sản xuất và Kinh doanh VinFast,Quốc gia,,Sản xuất ôtô,Tổ chức phát hành,Giám sát,BBB,9.0,Ổn định,False,False,False,False,,,,,https://saigonratings.com/gsxh-vinfast-2026/,,,,,,Tổ chức phát hành,Giám sát Xếp hạng,vnBBB,Ổn định,2026-09-20 08:47:49,saigonratings_xhtn_20260920.csv
Saigon Ratings,13/08/2026,2026-08-13,Công ty Cổ phần Đầu Tư và Phát triển Bất động sản Minh An,Quốc gia,,Phát triển Bất động sản,Tổ chức phát hành,Giám sát,BB+,11.0,Ổn định,False,False,False,False,,,,,https://saigonratings.com/ket-qua-giam-sat-xep-hang-cong-ty-co-phan-dau-tu-va-phat-trien-bat-dong-san-minh-an-nam-2026/,,,,,,Tổ chức phát hành,Giám sát Xếp hạng,vnBB+,Ổn định,2026-09-20 08:47:49,saigonratings_xhtn_20260920.csv
Saigon Ratings,13/08/2026,2026-08-13,Công ty TNHH Đầu tư Marina Center,Quốc gia,,Cho thuê Bất động sản,Tổ chức phát hành,Giám sát,BBB+,8.0,Ổn định,False,False,False,False,,,,,https://saigonratings.com/en/ket-qua-giam-sat-xep-hang-cong-ty-tnhh-dau-tu-marina-center-nam-2026/,,,,,,Tổ chức phát hành,Giám sát Xếp hạng,vnBBB+,Ổn định,2026-09-20 08:47:49,saigonratings_xhtn_20260920.csv
Saigon Ratings,09/08/2026,2026-08-09,Công ty TNHH Allgreen-Vượng Thành-Trùng Dương,Quốc gia,,Phát triển Bất động sản,Tổ chức phát hành,Giám sát,,,,False,False,True,False,,,,,https://saigonratings.com/ket-qua-giam-sat-xep-hang-cong-ty-tnhh-allgreen-vuong-thanh-trung-duong-nam-2026/,,,,,,Tổ chức phát hành,Giám sát Xếp hạng,Bảo mật,Bảo mật,2026-09-20 08:47:49,saigonratings_xhtn_20260920.csv
Saigon Ratings,03/08/2026,2026-08-03,Công ty Cổ phần Đầu tư MST,Quốc gia,,Xây dựng - Phát triển Bất động sản,Tổ chức phát hành,Lần đầu,BB+,11.0,Ổn định,False,False,False,False,,,,,https://saigonratings.com/xhtn-mst-2026/,,,,,,Tổ chức phát hành,Xếp hạng lần đầu,vnBB+,Ổn định,2026-09-20 08:47:49,saigonratings_xhtn_20260920.csv
Saigon Ratings,28/07/2026,2026-07-28,Công ty Cổ phần Dịch vụ Cao ốc Masterise Lumiere Office,Quốc gia,,Phát triển Bất động sản,Tổ chức phát hành,Lần đầu,BB+,11.0,Ổn định,False,False,False,False,,,,,https://saigonratings.com/xhtn-mlo-2026/,,,,,,Tổ chức phát hành,Xếp hạng lần đầu,vnBB+,Ổn định,2026-09-20 08:47:49,saigonratings_xhtn_20260920.csv
Saigon Ratings,28/07/2026,2026-07-28,Công ty TNHH Đầu tư Kinh doanh và Phát triển Thành Quang,Quốc gia,,Phát triển Bất động sản,Tổ chức phát hành,Lần đầu,BBB-,10.0,Ổn định,False,False,False,False,,,,,https://saigonratings.com/ket-qua-xep-hang-cong-ty-tnhh-dau-tu-kinh-doanh-va-phat-trien-thanh-quang/,,,,,,Tổ chức phát hành,Xếp hạng lần đầu,vnBBB-,Ổn định,2026-09-20 08:47:49,saigonratings_xhtn_20260920.csv
VIS Rating,24/07/2026,2026-07-24,Tập đoàn Đầu tư và Phát triển Công nghiệp Becamex - CTCP,Quốc gia,Doanh nghiệp,,Công cụ nợ,Lần đầu,A,6.0,Ổn định,False,False,False,False,,BCML12601,Dài hạn,,https://visrating.com/ket-qua-xep-hang-tin-nhiem/bao-cao/bao-cao-ket-qua-xep-hang-tin-nhiem-bcm12601-24072026.171.html,https://visrating.com/rating-results/report/rating-announcement-bcm12601-24072026.171.html,,https://visrating.com/ket-qua-xep-hang-tin-nhiem/to-chuc/tap-doan-dau-tu-va-phat-trien-cong-nghiep-becamex-ctcp.19.html,19.0,Doanh nghiệp,Công cụ nợ,Xếp hạng lần đầu,A,Ổn định,2026-09-20 08:47:45,visrating_xhtn_20260920.csv
VIS Rating,24/07/2026,2026-07-24,Tập đoàn Đầu tư và Phát triển Công nghiệp Becamex - CTCP,Quốc gia,Doanh nghiệp,,Tổ chức phát hành,Cập nhật,A,6.0,Ổn định,False,False,False,False,,,Dài hạn,,https://visrating.com/ket-qua-xep-hang-tin-nhiem/bao-cao/bao-cao-ket-qua-xep-hang-tin-nhiem-becamex-24072026.170.html,https://visrating.com/rating-results/report/rating-announcement-becamex-24072026.170.html,,https://visrating.com/ket-qua-xep-hang-tin-nhiem/to-chuc/tap-doan-dau-tu-va-phat-trien-cong-nghiep-becamex-ctcp.19.html,19.0,Doanh nghiệp,Doanh nghiệp,Cập nhật,A,Ổn định,2026-09-20 08:47:45,visrating_xhtn_20260920.csv
VIS Rating,23/07/2026,2026-07-23,Công ty Cổ phần Container Việt Nam,Quốc gia,Doanh nghiệp,,Công cụ nợ,Lần đầu,A,6.0,Ổn định,False,False,False,False,,VSCL12601,Dài hạn,,https://visrating.com/ket-qua-xep-hang-tin-nhiem/bao-cao/bao-cao-ket-qua-xep-hang-tin-nhiem-23072026.169.html,https://visrating.com/rating-results/report/rating-announcement-23072026.169.html,,https://visrating.com/ket-qua-xep-hang-tin-nhiem/to-chuc/cong-ty-co-phan-container-viet-nam.50.html,50.0,Doanh nghiệp,Công cụ nợ,Xếp hạng lần đầu,A,Ổn định,2026-09-20 08:47:45,visrating_xhtn_20260920.csv
VIS Rating,23/07/2026,2026-07-23,Công ty Cổ phần Container Việt Nam,Quốc gia,Doanh nghiệp,,Tổ chức phát hành,Lần đầu,A,6.0,Ổn định,False,False,False,False,,,Dài hạn,,https://visrating.com/ket-qua-xep-hang-tin-nhiem/bao-cao/bao-cao-ket-qua-xep-hang-tin-nhiem-viconship-23072026.168.html,https://visrating.com/rating-results/report/rating-announcement-viconship-23072026.168.html,,https://visrating.com/ket-qua-xep-hang-tin-nhiem/to-chuc/cong-ty-co-phan-container-viet-nam.50.html,50.0,Doanh nghiệp,Doanh nghiệp,Xếp hạng lần đầu,A,Ổn định,2026-09-20 08:47:45,visrating_xhtn_20260920.csv
Saigon Ratings,22/07/2026,2026-07-22,Công ty TNHH Đầu tư & Phát triển Bất động sản Hải Đăng,Quốc gia,,Phát triển Bất động sản,Tổ chức phát hành,Giám sát,BB+,11.0,Ổn định,False,False,False,False,,,,,https://saigonratings.com/gsxh-haidang-2026/,,,,,,Tổ chức phát hành,Giám sát Xếp hạng,vnBB+,Ổn định,2026-09-20 08:47:49,saigonratings_xhtn_20260920.csv
FiinRatings,21/07/2026,2026-07-21,Công ty Cổ Phần Nhựa Hoa Sen,Quốc gia,,Nhựa,Tổ chức phát hành,Cập nhật,BBB+,8.0,Ổn định,False,False,False,False,,,,,,,,https://fiinratings.vn/vi/ratings-fr/cong-ty-co-phan-nhua-hoa-sen-id1057.html,1057.0,,XHTN Tổ chức phát hành,Cập nhật kết quả XHTN,BBB+,Ổn định,2026-09-20 08:47:39,fiinratings_xhtn_20260920.csv
FiinRatings,20/07/2026,2026-07-20,Công ty Cổ phần Xây dựng và Năng lượng VCP,Quốc gia,,Điện,Công cụ nợ,Cập nhật,A-,7.0,Ổn định,False,False,False,False,,VCP12501,,,,,,https://fiinratings.vn/vi/ratings-fr/cong-ty-co-phan-xay-dung-va-nang-luong-vcp-id3865.html,3865.0,,XHTN Công cụ nợ,Cập nhật kết quả XHTN,A-,Ổn định,2026-09-20 08:47:39,fiinratings_xhtn_20260920.csv
Saigon Ratings,16/07/2026,2026-07-16,Công ty Cổ phần Vinhomes,Quốc gia,,Phát triển Bất động sản,Công cụ nợ,Lần đầu,AA+,2.0,Ổn định,False,False,False,False,,VHM12615,,,https://saigonratings.com/xhtntp-vhm12615-2026/,,,,,,Công cụ nợ,Xếp hạng lần đầu,vnAA+,Ổn định,2026-09-20 08:47:49,saigonratings_xhtn_20260920.csv
FiinRatings,15/07/2026,2026-07-15,Ngân hàng Thương mại Cổ phần Quốc tế Việt Nam,Quốc gia,,Ngân hàng,Tổ chức phát hành,Cập nhật,A+,5.0,Ổn định,False,False,False,False,,,,,https://cms.fiinratings.vn//UploadFile/15-07-2026/VN_FiinRatings_VIB_Issuer_Surv04_2026_07_signed.pdf,,,https://fiinratings.vn/vi/ratings-fr/ngan-hang-thuong-aại-co-phan-qaoc-te-viet-naa-id4062.html,4062.0,,XHTN Tổ chức phát hành,Cập nhật kết quả XHTN,A+,Ổn định,2026-09-20 08:47:39,fiinratings_xhtn_20260920.csv
Saigon Ratings,15/07/2026,2026-07-15,Công ty Cổ phần Đầu tư Năm Bảy Bảy,Quốc gia,,Phát triển Bất động sản,Tổ chức phát hành,Lần đầu,,,,False,False,True,False,,,,,https://saigonratings.com/xhtn-577-2026/,,,,,,Tổ chức phát hành,Xếp hạng lần đầu,Bảo mật,Bảo mật,2026-09-20 08:47:49,saigonratings_xhtn_20260920.csv
Saigon Ratings,14/07/2026,2026-07-14,Công ty TNHH Xây dựng Hạ tầng Crystal,Quốc gia,,Phát triển Bất động sản,Công cụ nợ,Lần đầu,BB+,11.0,Ổn định,False,False,False,False,,CIC12601,,,https://saigonratings.com/xhtntp-cic12601-2026/,,,,,,Công cụ nợ,Xếp hạng lần đầu,vnBB+,Ổn định,2026-09-20 08:47:49,saigonratings_xhtn_20260920.csv
Fitch Ratings,13/07/2026,2026-07-13,Ho Chi Minh City Development Joint Stock Commercial Bank,Quốc tế,,,Tổ chức phát hành,Lần đầu,BB-,13.0,Ổn định,False,False,False,False,,,Dài hạn,Long Term Issuer Default Rating,,,,https://www.fitchratings.com/entity/ho-chi-minh-city-development-joint-stock-commercial-bank-97909597,97909597.0,,Tổ chức phát hành,New Rating,BB-,Stable,2026-09-20 08:48:11,fitch_xhtn_20260920.csv
Saigon Ratings,09/07/2026,2026-07-09,Công ty TNHH Xây dựng Hạ tầng Crystal,Quốc gia,,Phát triển Bất động sản,Tổ chức phát hành,Lần đầu,BB,12.0,Ổn định,False,False,False,False,,,,,https://saigonratings.com/xhtn-crystal-2026/,,,,,,Tổ chức phát hành,Xếp hạng lần đầu,vnBB,Ổn định,2026-09-20 08:47:49,saigonratings_xhtn_20260920.csv
Saigon Ratings,08/07/2026,2026-07-08,Công ty Cổ phần Vinhomes,Quốc gia,,Phát triển Bất động sản,Công cụ nợ,Lần đầu,AA+,2.0,Ổn định,False,False,False,False,,VHM12614,,,https://saigonratings.com/xhtntp-vhm12614-2026/,,,,,,Công cụ nợ,Xếp hạng lần đầu,vnAA+,Ổn định,2026-09-20 08:47:49,saigonratings_xhtn_20260920.csv
Saigon Ratings,08/07/2026,2026-07-08,Công ty Cổ phần Vinhomes,Quốc gia,,Phát triển Bất động sản,Công cụ nợ,Lần đầu,AA+,2.0,Ổn định,False,False,False,False,,VHM12613,,,https://saigonratings.com/xhtntp-vhm12613-2026/,,,,,,Công cụ nợ,Xếp hạng lần đầu,vnAA+,Ổn định,2026-09-20 08:47:49,saigonratings_xhtn_20260920.csv
VIS Rating,01/07/2026,2026-07-01,Công ty Cổ phần Chứng khoán AIS,Quốc gia,Định chế tài chính,,Tổ chức phát hành,Cập nhật,A-,7.0,Ổn định,False,False,False,False,,,Dài hạn,,https://visrating.com/ket-qua-xep-hang-tin-nhiem/bao-cao/bao-cao-ket-qua-xep-hang-tin-nhiem-chung-khoan-ais-01072026.167.html,https://visrating.com/rating-results/report/rating-announcement-ais-securities-01072026.167.html,,https://visrating.com/ket-qua-xep-hang-tin-nhiem/to-chuc/cong-ty-co-phan-chung-khoan-ais.18.html,18.0,Định chế tài chính,Doanh nghiệp,Cập nhật,A-,Ổn định,2026-09-20 08:47:45,visrating_xhtn_20260920.csv
FiinRatings,30/06/2026,2026-06-30,Tổng Công ty Cổ phần Đầu tư Phát triển Xây dựng,Quốc gia,,Bất động sản,Tổ chức phát hành,Cập nhật,BBB-,10.0,Ổn định,False,False,False,False,,,,,https://cms.fiinratings.vn//UploadFile/30-06-2026/%5BVN%5DFiinRatings_Bao_cao_cap_nhat_XHTN_DIC_30062026.pdf,,,https://fiinratings.vn/vi/ratings-fr/tong-cong-ty-co-phan-daa-tu-phat-trien-xay-dung-id2623.html,2623.0,,XHTN Tổ chức phát hành,Cập nhật kết quả XHTN,BBB-,Ổn định,2026-09-20 08:47:39,fiinratings_xhtn_20260920.csv
Saigon Ratings,30/06/2026,2026-06-30,Công Ty Cổ phần Địa Ốc Phú Long,Quốc gia,,Phát triển Bất động sản,Tổ chức phát hành,Giám sát,,,,False,False,True,False,,,,,,,,,,,Tổ chức phát hành,Giám sát Xếp hạng,Bảo mật,Bảo mật,2026-09-20 08:47:49,saigonratings_xhtn_20260920.csv
Saigon Ratings,30/06/2026,2026-06-30,Công ty Cổ phần Chứng khoán Rồng Việt (VDS),Quốc gia,,Chứng khoán,Tổ chức phát hành,Giám sát,BBB,9.0,Ổn định,False,False,False,False,,,,,https://saigonratings.com/ket-qua-giam-sat-xep-hang-cong-ty-co-phan-chung-khoan-rong-viet-vds/,,,,,,Tổ chức phát hành,Giám sát Xếp hạng,vnBBB,Ổn định,2026-09-20 08:47:49,saigonratings_xhtn_20260920.csv
Saigon Ratings,30/06/2026,2026-06-30,Công ty Cổ phần Đầu tư Hà Phú Riverland,Quốc gia,,Phát triển Bất động sản,Tổ chức phát hành,Giám sát,,,,False,False,True,False,,,,,https://saigonratings.com/gsxh6t-haphu-2026/,,,,,,Tổ chức phát hành,Giám sát Xếp hạng,Bảo mật,Bảo mật,2026-09-20 08:47:49,saigonratings_xhtn_20260920.csv
Saigon Ratings,30/06/2026,2026-06-30,Công ty Cổ phần Đầu tư Hạ tầng Kỹ thuật TPHCM (CII),Quốc gia,,Hạ tầng kỹ thuật,Công cụ nợ,Giám sát,AA-,4.0,Ổn định,False,False,False,False,,CII12504,,,https://saigonratings.com/gsxhtp6t-cii12504-2026/,,,,,,Công cụ nợ,Giám sát Xếp hạng,vnAA-,Ổn định,2026-09-20 08:47:49,saigonratings_xhtn_20260920.csv
Saigon Ratings,30/06/2026,2026-06-30,Công ty Cổ phần Đầu tư Hạ tầng Kỹ thuật TPHCM (CII),Quốc gia,,Hạ tầng kỹ thuật,Công cụ nợ,Giám sát,A+,5.0,Ổn định,False,False,False,False,,CII12503,,,https://saigonratings.com/gsxhtp6t-cii12503-2026/,,,,,,Công cụ nợ,Giám sát Xếp hạng,vnA+,Ổn định,2026-09-20 08:47:49,saigonratings_xhtn_20260920.csv
Saigon Ratings,30/06/2026,2026-06-30,Công ty Cổ phần Đầu tư Phong Phú,Quốc gia,,Phát triển Bất động sản,Tổ chức phát hành,Giám sát,,,,False,False,True,False,,,,,https://saigonratings.com/gsxh6t-phongphu-2026/,,,,,,Tổ chức phát hành,Giám sát Xếp hạng,Bảo mật,Bảo mật,2026-09-20 08:47:49,saigonratings_xhtn_20260920.csv
TMR,30/06/2026,2026-06-30,Công ty Cổ phần Thủy điện Hương Điền,Quốc gia,Doanh nghiệp,,Tổ chức phát hành,Lần đầu,A+,5.0,Ổn định,False,False,False,False,,,,,https://tmr.vn/wp-content/uploads/2026/07/Huong-Dien_XHTN-lan-dau_Tochucphathanh.pdf,,,,,Doanh nghiệp,Tổ chức phát hành,Xếp hạng lần đầu,A+,Ổn định,2026-09-20 08:47:54,tmr_xhtn_20260920.csv
Saigon Ratings,29/06/2026,2026-06-29,Công ty Cổ phần Dịch vụ Điện tử Việt,Quốc gia,,Dịch vụ cho thuê Bất động sản,Tổ chức phát hành,Lần đầu,BBB,9.0,Ổn định,False,False,False,False,,,,,https://saigonratings.com/xhtn-dientuviet-2026/,,,,,,Tổ chức phát hành,Xếp hạng lần đầu,vnBBB,Ổn định,2026-09-20 08:47:49,saigonratings_xhtn_20260920.csv
Saigon Ratings,29/06/2026,2026-06-29,Công ty Cổ phần Phát triển Bất động sản Hưng Long,Quốc gia,,Phát triển Bất động sản,Công cụ nợ,Lần đầu,BB,12.0,Ổn định,False,False,False,False,,HUL32601,,,https://saigonratings.com/xhtntp-hul32601-2026/,,,,,,Công cụ nợ,Xếp hạng lần đầu,vnBB,Ổn định,2026-09-20 08:47:49,saigonratings_xhtn_20260920.csv
Saigon Ratings,29/06/2026,2026-06-29,Công ty Cổ phần Phát triển Khu Công nghệ Thông tin Đà Nẵng,Quốc gia,,Cho thuê Bất động sản,Công cụ nợ,Lần đầu,B,15.0,Ổn định,False,False,False,False,,DIT32601,,,https://saigonratings.com/xhtn-dit32601-2026/,,,,,,Công cụ nợ,Xếp hạng lần đầu,vnB,Ổn định,2026-09-20 08:47:49,saigonratings_xhtn_20260920.csv
Saigon Ratings,29/06/2026,2026-06-29,Công ty Cổ phần Phát triển Khu Công nghệ Thông tin Đà Nẵng,Quốc gia,,Cho thuê Bất động sản,Tổ chức phát hành,Lần đầu,B,15.0,Ổn định,False,False,False,False,,,,,https://saigonratings.com/xhtn-ditp-2026/,,,,,,Tổ chức phát hành,Xếp hạng lần đầu,vnB,Ổn định,2026-09-20 08:47:49,saigonratings_xhtn_20260920.csv
Saigon Ratings,29/06/2026,2026-06-29,Công ty TNHH Parkland 53,Quốc gia,,Phát triển Bất động sản,Công cụ nợ,Lần đầu,BB-,13.0,Ổn định,False,False,False,False,,P5332601,,,https://saigonratings.com/xhtntp-p5332601-2026/,,,,,,Công cụ nợ,Xếp hạng lần đầu,vnBB-,Ổn định,2026-09-20 08:47:49,saigonratings_xhtn_20260920.csv
TMR,29/06/2026,2026-06-29,Công ty Cổ phần Phát triển điện Nậm Chiến,Quốc gia,Doanh nghiệp,,Tổ chức phát hành,Cập nhật,A,6.0,Ổn định,False,False,False,False,,,,,https://tmr.vn/wp-content/uploads/2026/06/Nam-Chien_Cap-nhat-XHTN_Tochucphathanh.pdf,,,,,Doanh nghiệp,Tổ chức phát hành,Cập nhật kết quả XHTN,A,Ổn định,2026-09-20 08:47:54,tmr_xhtn_20260920.csv
TMR,29/06/2026,2026-06-29,Công ty Cổ phần Thủy điện Sông Quang,Quốc gia,Doanh nghiệp,,Tổ chức phát hành,Cập nhật,A-,7.0,Ổn định,False,False,False,False,,,,,https://tmr.vn/wp-content/uploads/2026/06/Song-Quang_Cap-nhat-XHTN_Tochucphathanh.pdf,,,,,Doanh nghiệp,Tổ chức phát hành,Cập nhật kết quả XHTN,A-,Ổn định,2026-09-20 08:47:54,tmr_xhtn_20260920.csv
S&I Ratings,27/06/2026,2026-06-27,Công ty TNHH Mặt Trời Vũng Tàu,Quốc gia,Doanh nghiệp,Bất động sản,Công cụ nợ,Lần đầu,A-,7.0,Ổn định,False,False,False,False,,,,,https://sni-rating.s3.ap-southeast-1.amazonaws.com/wp-content/uploads/2026/06/29163503/SVT-Public-Scan-1.pdf,,,https://sniratings.com.vn/?rating=cong-ty-tnhh-mat-troi-vung-tau,5793.0,Doanh nghiệp,Công cụ nợ,Lần đầu,A-,Ổn định,2026-09-20 08:47:55,sniratings_xhtn_20260920.csv
Saigon Ratings,27/06/2026,2026-06-27,Công ty Cổ phần Tổng Công ty Đầu tư và Quản lý Tài sản HD,Quốc gia,,Dịch vụ mua bán nợ,Tổ chức phát hành,Giám sát,BBB,9.0,Ổn định,False,False,False,False,,,,,https://saigonratings.com/gsxh6t-hdamc-2026/,,,,,,Tổ chức phát hành,Giám sát Xếp hạng,vnBBB,Ổn định,2026-09-20 08:47:49,saigonratings_xhtn_20260920.csv
Saigon Ratings,26/06/2026,2026-06-26,Công ty Cổ phần Vinhomes,Quốc gia,,Phát triển Bất động sản,Công cụ nợ,Lần đầu,AA+,2.0,Ổn định,False,False,False,False,,VHM12612,,,https://saigonratings.com/xhtntp-vhm12612-2026/,,,,,,Công cụ nợ,Xếp hạng lần đầu,vnAA+,Ổn định,2026-09-20 08:47:49,saigonratings_xhtn_20260920.csv
Saigon Ratings,26/06/2026,2026-06-26,Công ty TNHH Hưng Phát Invest Hà Nội,Quốc gia,,Phát triển Bất động sản,Công cụ nợ,Lần đầu,BB+,11.0,Ổn định,False,False,False,False,,IHP32602,,,https://saigonratings.com/xhtntp-ihp32602-2026/,,,,,,Công cụ nợ,Xếp hạng lần đầu,vnBB+,Ổn định,2026-09-20 08:47:49,saigonratings_xhtn_20260920.csv
Saigon Ratings,26/06/2026,2026-06-26,Công ty TNHH Hưng Phát Invest Hà Nội,Quốc gia,,Phát triển Bất động sản,Công cụ nợ,Lần đầu,BB+,11.0,Ổn định,False,False,False,False,,IHP12601,,,https://saigonratings.com/xhtntp-ihp12601-2026/,,,,,,Công cụ nợ,Xếp hạng lần đầu,vnBB+,Ổn định,2026-09-20 08:47:49,saigonratings_xhtn_20260920.csv
FiinRatings,25/06/2026,2026-06-25,Công ty Cổ Phần Dược Aikya,Quốc gia,,Dược phẩm và Y tế,Tổ chức phát hành,Cập nhật,BBB,9.0,Ổn định,False,False,False,False,,,,,,,,https://fiinratings.vn/vi/ratings-fr/cong-ty-co-phan-duoc-aikya-id6760.html,6760.0,,XHTN Tổ chức phát hành,Cập nhật kết quả XHTN,BBB,Ổn định,2026-09-20 08:47:39,fiinratings_xhtn_20260920.csv
Fitch Ratings,25/06/2026,2026-06-25,Viet Capital Commercial Joint Stock Bank,Quốc tế,,,Tổ chức phát hành,Lần đầu,B+,14.0,Ổn định,False,False,False,False,,,Dài hạn,Long Term Issuer Default Rating,,,,https://www.fitchratings.com/entity/viet-capital-commercial-joint-stock-bank-97890589,97890589.0,,Tổ chức phát hành,New Rating,B+,Stable,2026-09-20 08:48:11,fitch_xhtn_20260920.csv
Saigon Ratings,25/06/2026,2026-06-25,Công ty Cổ phần Phát triển Bất động sản Hưng Long,Quốc gia,,Phát triển Bất động sản,Tổ chức phát hành,Lần đầu,BB,12.0,Ổn định,False,False,False,False,,,,,https://saigonratings.com/xhtn-hunglong-2026/,,,,,,Tổ chức phát hành,Xếp hạng lần đầu,vnBB,Ổn định,2026-09-20 08:47:49,saigonratings_xhtn_20260920.csv
Saigon Ratings,25/06/2026,2026-06-25,Công ty TNHH Parkland 53,Quốc gia,,Phát triển Bất động sản,Tổ chức phát hành,Lần đầu,BB-,13.0,Ổn định,False,False,False,False,,,,,https://saigonratings.com/xhtn-parkland53-2026/,,,,,,Tổ chức phát hành,Xếp hạng lần đầu,vnBB-,Ổn định,2026-09-20 08:47:49,saigonratings_xhtn_20260920.csv
TMR,25/06/2026,2026-06-25,Công ty Cổ phần Bất động sản Bcons PS,Quốc gia,Doanh nghiệp,,Công cụ nợ,Lần đầu,BBB-,10.0,Ổn định,False,False,False,False,,BPS12602,,,https://tmr.vn/wp-content/uploads/2026/06/Bcons-PS_XHTN-lan-dau_Congcuno.pdf,,,,,Doanh nghiệp,Công cụ nợ,Xếp hạng lần đầu,BBB-,Ổn định,2026-09-20 08:47:54,tmr_xhtn_20260920.csv
VIS Rating,24/06/2026,2026-06-24,Công ty Cổ phần Nước Aqua One,Quốc gia,Doanh nghiệp,,Công cụ nợ,Giám sát,BBB+,8.0,Ổn định,False,False,False,False,,AQ112501,Dài hạn,,,,,https://visrating.com/ket-qua-xep-hang-tin-nhiem/to-chuc/cong-ty-co-phan-nuoc-aqua-one.33.html,33.0,Doanh nghiệp,Công cụ nợ,Giám sát theo dõi,BBB+,Ổn định,2026-09-20 08:47:45,visrating_xhtn_20260920.csv
VIS Rating,24/06/2026,2026-06-24,Công ty Cổ phần Nước Aqua One,Quốc gia,Doanh nghiệp,,Tổ chức phát hành,Giám sát,BBB+,8.0,Ổn định,False,False,False,False,,,Dài hạn,,,,,https://visrating.com/ket-qua-xep-hang-tin-nhiem/to-chuc/cong-ty-co-phan-nuoc-aqua-one.33.html,33.0,Doanh nghiệp,Doanh nghiệp,Giám sát theo dõi,BBB+,Ổn định,2026-09-20 08:47:45,visrating_xhtn_20260920.csv
VIS Rating,24/06/2026,2026-06-24,Công ty Cổ phần Tập đoàn Trường Hải,Quốc gia,Doanh nghiệp,,Tổ chức phát hành,Giám sát,A-,7.0,Ổn định,False,False,False,False,,,Dài hạn,,,,,https://visrating.com/ket-qua-xep-hang-tin-nhiem/to-chuc/cong-ty-co-phan-tap-doan-truong-hai.41.html,41.0,Doanh nghiệp,Doanh nghiệp,Giám sát theo dõi,A-,Ổn định,2026-09-20 08:47:45,visrating_xhtn_20260920.csv
VIS Rating,24/06/2026,2026-06-24,Công ty TNHH Đầu tư StarBay Hà Nội,Quốc gia,Doanh nghiệp,,Công cụ nợ,Lần đầu,BB-,13.0,Ổn định,False,False,False,False,,STA12601,Dài hạn,,https://visrating.com/ket-qua-xep-hang-tin-nhiem/bao-cao/bao-cao-ket-qua-xep-hang-tin-nhiem-24062026.165.html,https://visrating.com/rating-results/report/rating-announcement-24062026.165.html,,https://visrating.com/ket-qua-xep-hang-tin-nhiem/to-chuc/cong-ty-tnhh-dau-tu-starbay-ha-noi.49.html,49.0,Doanh nghiệp,Công cụ nợ,Xếp hạng lần đầu,BB-,Ổn định,2026-09-20 08:47:45,visrating_xhtn_20260920.csv
FiinRatings,23/06/2026,2026-06-23,Công ty TNHH Verdant Vietnam Bravo,Quốc gia,,Điện,Công cụ nợ,Lần đầu,AAA,1.0,Ổn định,False,False,False,False,,VEB12601,,,https://cms.fiinratings.vn//UploadFile/23-06-2026/VI_VerdantBravo_Bond_Rating_Jun2026_signed.pdf,https://cms.fiinratings.vn//UploadFile/23-06-2026/EN_VerdantBravo_Bond_Rating_Jun2026_signed.pdf,,https://fiinratings.vn/vi/ratings-fr/cong-ty-tnhh-verdant-vietnaa-bravo-id2347099.html,2347099.0,,XHTN Công cụ nợ,XHTN Lần đầu,AAA,Ổn định,2026-09-20 08:47:39,fiinratings_xhtn_20260920.csv
FiinRatings,23/06/2026,2026-06-23,Công ty TNHH Verdant Vietnam Crystal,Quốc gia,,Điện,Công cụ nợ,Lần đầu,AAA,1.0,Ổn định,False,False,False,False,,VEV12601,,,https://cms.fiinratings.vn//UploadFile/23-06-2026/VI_VerdantCrystal_Bond_Rating_Jun2026_signed.pdf,https://cms.fiinratings.vn//UploadFile/23-06-2026/EN_VerdantCrystal_Bond_Rating_Jun2026_signed.pdf,,https://fiinratings.vn/vi/ratings-fr/cong-ty-tnhh-verdant-vietnaa-crystal-id2625381.html,2625381.0,,XHTN Công cụ nợ,XHTN Lần đầu,AAA,Ổn định,2026-09-20 08:47:39,fiinratings_xhtn_20260920.csv
Saigon Ratings,23/06/2026,2026-06-23,Công ty Cổ Phần Bảo Hiểm nhân thọ Phú Hưng (PHU HUNG LIFE - PHL),Quốc gia,,Bảo hiểm nhân thọ,Tổ chức phát hành,Giám sát,,,,True,False,True,False,,,,,https://saigonratings.com/gsxh-phl-2026/,,,,,,Tổ chức phát hành,Giám sát Xếp hạng (hết hạn),Bảo mật,Bảo mật,2026-09-20 08:47:49,saigonratings_xhtn_20260920.csv
VIS Rating,23/06/2026,2026-06-23,Công ty Cổ phần VinaLiving Holdings,Quốc gia,Doanh nghiệp,,Tổ chức phát hành,Giám sát,BBB+,8.0,Ổn định,False,False,False,False,,,Dài hạn,,,,,https://visrating.com/ket-qua-xep-hang-tin-nhiem/to-chuc/cong-ty-co-phan-vinaliving-holdings.40.html,40.0,Doanh nghiệp,Doanh nghiệp,Giám sát theo dõi,BBB+,Ổn định,2026-09-20 08:47:45,visrating_xhtn_20260920.csv
VIS Rating,23/06/2026,2026-06-23,Công ty TNHH Đầu tư StarBay Hà Nội,Quốc gia,Doanh nghiệp,,Tổ chức phát hành,Lần đầu,BB-,13.0,Ổn định,False,False,False,False,,,Dài hạn,,https://visrating.com/ket-qua-xep-hang-tin-nhiem/bao-cao/bao-cao-ket-qua-xep-hang-tin-nhiem-starbay-23062026.159.html,https://visrating.com/rating-results/report/rating-announcement-starbay-23062026.159.html,,https://visrating.com/ket-qua-xep-hang-tin-nhiem/to-chuc/cong-ty-tnhh-dau-tu-starbay-ha-noi.49.html,49.0,Doanh nghiệp,Doanh nghiệp,Xếp hạng lần đầu,BB-,Ổn định,2026-09-20 08:47:45,visrating_xhtn_20260920.csv
Saigon Ratings,22/06/2026,2026-06-22,Công ty Cổ phần Vinhomes,Quốc gia,,Phát triển Bất động sản,Công cụ nợ,Lần đầu,AA+,2.0,Ổn định,False,False,False,False,,VHM12611,,,https://saigonratings.com/xhtntp-vhm12611-2026/,,,,,,Công cụ nợ,Xếp hạng lần đầu,vnAA+,Ổn định,2026-09-20 08:47:49,saigonratings_xhtn_20260920.csv
Saigon Ratings,19/06/2026,2026-06-19,Công ty Cổ phần Phát triển Thành phố Xanh,Quốc gia,,Phát triển Bất động sản,Công cụ nợ,Lần đầu,A+,5.0,Ổn định,False,False,False,False,,TPX12601,,,https://saigonratings.com/xhtntp-tpx12601-2026/,,,,,,Công cụ nợ,Xếp hạng lần đầu,vnA+,Ổn định,2026-09-20 08:47:49,saigonratings_xhtn_20260920.csv
Saigon Ratings,19/06/2026,2026-06-19,Công ty Cổ phần Đô thị Du lịch Cần Giờ,Quốc gia,,Phát triển Bất động sản,Công cụ nợ,Lần đầu,AA-,4.0,Ổn định,False,False,False,False,,CGT12601,,,https://saigonratings.com/xhtntp-cgt12601-2026/,,,,,,Công cụ nợ,Xếp hạng lần đầu,vnAA-,Ổn định,2026-09-20 08:47:49,saigonratings_xhtn_20260920.csv
Saigon Ratings,18/06/2026,2026-06-18,Công ty TNHH Đầu tư và Phát triển Bất động sản Phát Đạt,Quốc gia,,Phát triển Bất động sản,Tổ chức phát hành,Giám sát,BB+,11.0,Ổn định,False,False,False,False,,,,,https://saigonratings.com/gsxh6t-phatdat-2026/,,,,,,Tổ chức phát hành,Giám sát Xếp hạng,vnBB+,Ổn định,2026-09-20 08:47:49,saigonratings_xhtn_20260920.csv
Saigon Ratings,17/06/2026,2026-06-17,Công ty Cổ phần Vinhomes,Quốc gia,,Phát triển Bất động sản,Công cụ nợ,Lần đầu,AA+,2.0,Ổn định,False,False,False,False,,VHM12610,,,https://saigonratings.com/xhtntp-vhm12610-2026/,,,,,,Công cụ nợ,Xếp hạng lần đầu,vnAA+,Ổn định,2026-09-20 08:47:49,saigonratings_xhtn_20260920.csv
Saigon Ratings,17/06/2026,2026-06-17,Công ty Cổ phần Vinhomes,Quốc gia,,Phát triển Bất động sản,Công cụ nợ,Lần đầu,AA+,2.0,Ổn định,False,False,False,False,,VHM12609,,,https://saigonratings.com/xhtntp-vhm12609-2026/,,,,,,Công cụ nợ,Xếp hạng lần đầu,vnAA+,Ổn định,2026-09-20 08:47:49,saigonratings_xhtn_20260920.csv
Saigon Ratings,17/06/2026,2026-06-17,Công ty Cổ phần Vinhomes,Quốc gia,,Phát triển Bất động sản,Công cụ nợ,Lần đầu,AA+,2.0,Ổn định,False,False,False,False,,VHM12608,,,https://saigonratings.com/xhtntp-vhm12608-2026/,,,,,,Công cụ nợ,Xếp hạng lần đầu,vnAA+,Ổn định,2026-09-20 08:47:49,saigonratings_xhtn_20260920.csv
Saigon Ratings,17/06/2026,2026-06-17,Công ty Cổ phần Vinhomes,Quốc gia,,Phát triển Bất động sản,Công cụ nợ,Lần đầu,AA+,2.0,Ổn định,False,False,False,False,,VHM12607,,,https://saigonratings.com/xhtntp-vhm12607-2026/,,,,,,Công cụ nợ,Xếp hạng lần đầu,vnAA+,Ổn định,2026-09-20 08:47:49,saigonratings_xhtn_20260920.csv
VIS Rating,17/06/2026,2026-06-17,Công ty Cổ phần Chứng khoán BIDV,Quốc gia,Định chế tài chính,,Tổ chức phát hành,Giám sát,A+,5.0,Ổn định,False,False,False,False,,,Dài hạn,,,,,https://visrating.com/ket-qua-xep-hang-tin-nhiem/to-chuc/cong-ty-co-phan-chung-khoan-bidv.39.html,39.0,Định chế tài chính,Doanh nghiệp,Giám sát theo dõi,A+,Ổn định,2026-09-20 08:47:45,visrating_xhtn_20260920.csv
Fitch Ratings,16/06/2026,2026-06-16,Vietnam,Quốc tế,,,Tổ chức phát hành,Giữ nguyên,BB+,11.0,Ổn định,False,False,False,False,,,Dài hạn,Long Term Issuer Default Rating,,,,https://www.fitchratings.com/entity/vietnam-80442269,80442269.0,,Tổ chức phát hành,Affirmed,BB+,Stable,2026-09-20 08:48:11,fitch_xhtn_20260920.csv
Saigon Ratings,16/06/2026,2026-06-16,Công ty Cổ phần Tập đoàn Khải Hoàn Land,Quốc gia,,Dịch vụ - Phát triển Bất động sản,Tổ chức phát hành,Giám sát,BBB-,10.0,Ổn định,False,False,False,False,,,,,https://saigonratings.com/gsxh6t-khg-2026/,,,,,,Tổ chức phát hành,Giám sát Xếp hạng,vnBBB-,Ổn định,2026-09-20 08:47:49,saigonratings_xhtn_20260920.csv
VIS Rating,16/06/2026,2026-06-16,Công ty Cổ phần Chứng khoán Thiên Việt,Quốc gia,Định chế tài chính,,Tổ chức phát hành,Giám sát,A-,7.0,Ổn định,False,False,False,False,,,Dài hạn,,,,,https://visrating.com/ket-qua-xep-hang-tin-nhiem/to-chuc/cong-ty-cp-phan-chung-khoan-thien-viet.36.html,36.0,Định chế tài chính,Doanh nghiệp,Giám sát theo dõi,A-,Ổn định,2026-09-20 08:47:45,visrating_xhtn_20260920.csv
VIS Rating,16/06/2026,2026-06-16,Công ty TNHH Greenland Phố Hoa,Quốc gia,Doanh nghiệp,,Công cụ nợ,Lần đầu,A,6.0,Ổn định,False,False,False,False,,GPH12601,Dài hạn,,https://visrating.com/ket-qua-xep-hang-tin-nhiem/bao-cao/bao-cao-ket-qua-xep-hang-tin-nhiem-16062026.156.html,https://visrating.com/rating-results/report/rating-announcement-16062026.156.html,,https://visrating.com/ket-qua-xep-hang-tin-nhiem/to-chuc/cong-ty-tnhh-greenland-pho-hoa.48.html,48.0,Doanh nghiệp,Công cụ nợ,Xếp hạng lần đầu,A,Ổn định,2026-09-20 08:47:45,visrating_xhtn_20260920.csv
VIS Rating,16/06/2026,2026-06-16,Công ty TNHH Greenland Phố Hoa,Quốc gia,Doanh nghiệp,,Tổ chức phát hành,Lần đầu,BB-,13.0,Ổn định,False,False,False,False,,,Dài hạn,,https://visrating.com/ket-qua-xep-hang-tin-nhiem/bao-cao/bao-cao-ket-qua-xep-hang-tin-nhiem-greenland-pho-hoa-16062026.155.html,https://visrating.com/rating-results/report/rating-announcement-greenland-pho-hoa-16062026.155.html,,https://visrating.com/ket-qua-xep-hang-tin-nhiem/to-chuc/cong-ty-tnhh-greenland-pho-hoa.48.html,48.0,Doanh nghiệp,Doanh nghiệp,Xếp hạng lần đầu,BB-,Ổn định,2026-09-20 08:47:45,visrating_xhtn_20260920.csv
FiinRatings,15/06/2026,2026-06-15,Công ty Cổ phần Xây dựng và Năng lượng VCP,Quốc gia,,Điện,Tổ chức phát hành,Cập nhật,A-,7.0,Ổn định,False,False,False,False,,,,,,,,https://fiinratings.vn/vi/ratings-fr/cong-ty-co-phan-xay-dung-va-nang-luong-vcp-id3865.html,3865.0,,XHTN Tổ chức phát hành,Cập nhật kết quả XHTN,A-,Ổn định,2026-09-20 08:47:39,fiinratings_xhtn_20260920.csv
Saigon Ratings,12/06/2026,2026-06-12,Công ty Cổ phần Crystal Bay Việt Nam,Quốc gia,,Dịch vụ du lịch lữ hành,Tổ chức phát hành,Giám sát,BB,12.0,Ổn định,False,False,False,False,,,,,https://saigonratings.com/gsxh-crystalbay-2026/,,,,,,Tổ chức phát hành,Giám sát Xếp hạng,vnBB,Ổn định,2026-09-20 08:47:49,saigonratings_xhtn_20260920.csv
Saigon Ratings,12/06/2026,2026-06-12,Công ty Cổ phần Ea Súp 1,Quốc gia,,Sản xuất điện,Tổ chức phát hành,Lần đầu,BBB,9.0,Ổn định,False,False,False,False,,,,,https://saigonratings.com/xhtn-easup1-2026/,,,,,,Tổ chức phát hành,Xếp hạng lần đầu,vnBBB,Ổn định,2026-09-20 08:47:49,saigonratings_xhtn_20260920.csv
Saigon Ratings,12/06/2026,2026-06-12,Công ty Cổ phần Đầu tư Thành Thành Công (TTCI),Quốc gia,,Tổng công ty đầu tư,Tổ chức phát hành,Giám sát,A+,5.0,Ổn định,False,False,False,False,,,,,https://saigonratings.com/gsxh-ttci-2026/,,,,,,Tổ chức phát hành,Giám sát Xếp hạng,vnA+,Ổn định,2026-09-20 08:47:49,saigonratings_xhtn_20260920.csv
TMR,12/06/2026,2026-06-12,Công ty Tài chính Tín dụng Tiêu dùng TNHH MB Shinsei,Quốc gia,Định chế tài chính,,Tổ chức phát hành,Lần đầu,A-,7.0,Ổn định,False,False,False,False,,,,,https://tmr.vn/wp-content/uploads/2026/06/MCredit_Cap-nhat-XHTN_Tochucphathanh.pdf,,,,,Định chế Tài chính,Tổ chức phát hành,Xếp hạng lần đầu,A-,Ổn định,2026-09-20 08:47:54,tmr_xhtn_20260920.csv
FiinRatings,11/06/2026,2026-06-11,Ngân hàng Thương mại Cổ phần Ngoại thương Việt Nam,Quốc gia,,Ngân hàng,Tổ chức phát hành,Cập nhật,AAA,1.0,Ổn định,False,False,False,False,,,,,,,,https://fiinratings.vn/vi/ratings-fr/ngan-hang-thuong-aại-co-phan-ngoại-thuong-viet-naa-id4143.html,4143.0,,XHTN Tổ chức phát hành,Cập nhật kết quả XHTN,AAA,Ổn định,2026-09-20 08:47:39,fiinratings_xhtn_20260920.csv
FiinRatings,11/06/2026,2026-06-11,Ngân hàng Thương mại Cổ phần Ngoại thương Việt Nam,Quốc gia,,Ngân hàng,Công cụ nợ,Cập nhật,AAA,1.0,Ổn định,False,False,False,False,,VCB12501,,,,,,https://fiinratings.vn/vi/ratings-fr/ngan-hang-thuong-aại-co-phan-ngoại-thuong-viet-naa-id4143.html,4143.0,,XHTN Công cụ nợ,Cập nhật kết quả XHTN,AAA,Ổn định,2026-09-20 08:47:39,fiinratings_xhtn_20260920.csv
VIS Rating,11/06/2026,2026-06-11,Công ty Tài chính tín dụng tiêu dùng TNHH MB Shinsei,Quốc gia,Định chế tài chính,,Tổ chức phát hành,Kết thúc,WR,,,True,False,False,False,Đã rút xếp hạng,,Dài hạn,,https://visrating.com/ket-qua-xep-hang-tin-nhiem/bao-cao/bao-cao-ket-qua-xep-hang-tin-nhiem-mcredit-11062026.153.html,https://visrating.com/rating-results/report/rating-announcement-mcredit-11062026.153.html,,https://visrating.com/ket-qua-xep-hang-tin-nhiem/to-chuc/cong-ty-tai-chinh-tin-dung-tieu-dung-tnhh-mb-shinsei.17.html,17.0,Định chế tài chính,Doanh nghiệp,Kết thúc,WR,,2026-09-20 08:47:45,visrating_xhtn_20260920.csv
S&I Ratings,10/06/2026,2026-06-10,Công ty Cổ phần Bluemarq Group,Quốc gia,Doanh nghiệp,Bất động sản,,Giám sát,BBB+,8.0,Tích cực,False,False,False,False,,,,,,,,https://sniratings.com.vn/?rating=cong-ty-co-phan-bluemarq-group,5800.0,Doanh nghiệp,,Giám sát Xếp hạng,BBB+,Tích cực,2026-09-20 08:47:55,sniratings_xhtn_20260920.csv
VIS Rating,10/06/2026,2026-06-10,Công ty Cổ phần TNG Land,Quốc gia,Doanh nghiệp,,Tổ chức phát hành,Lần đầu,BBB,9.0,Ổn định,False,False,False,False,,,Dài hạn,,https://visrating.com/ket-qua-xep-hang-tin-nhiem/bao-cao/bao-cao-ket-qua-xep-hang-tin-nhiem-tng-land-10062026.152.html,https://visrating.com/rating-results/report/rating-announcement-tng-land-10062026.152.html,,https://visrating.com/ket-qua-xep-hang-tin-nhiem/to-chuc/cong-ty-co-phan-tng-land.47.html,47.0,Doanh nghiệp,Doanh nghiệp,Xếp hạng lần đầu,BBB,Ổn định,2026-09-20 08:47:45,visrating_xhtn_20260920.csv
FiinRatings,09/06/2026,2026-06-09,Công ty TNHH Verdant Vietnam Bravo,Quốc gia,,Điện,Tổ chức phát hành,Lần đầu,BB+,11.0,Ổn định,False,False,False,False,,,,,https://cms.fiinratings.vn//UploadFile/09-06-2026/VI_VerdantBravo_Issuer_Rating_Release_June2026_signed.pdf,https://cms.fiinratings.vn//UploadFile/09-06-2026/EN_VerdantBravo_Issuer_Rating_Release_June2026_signed.pdf,,https://fiinratings.vn/vi/ratings-fr/cong-ty-tnhh-verdant-vietnaa-bravo-id2347099.html,2347099.0,,XHTN Tổ chức phát hành,XHTN Lần đầu,BB+,Ổn định,2026-09-20 08:47:39,fiinratings_xhtn_20260920.csv
FiinRatings,09/06/2026,2026-06-09,Công ty TNHH Verdant Vietnam Crystal,Quốc gia,,Điện,Tổ chức phát hành,Lần đầu,BB+,11.0,Ổn định,False,False,False,False,,,,,https://cms.fiinratings.vn//UploadFile/09-06-2026/VI_VerdantCrystal_Issuer_Rating_Release_June2026_signed.pdf,https://cms.fiinratings.vn//UploadFile/09-06-2026/EN_VerdantCrystal_Issuer_Rating_Release_Jun2026_signed.pdf,,https://fiinratings.vn/vi/ratings-fr/cong-ty-tnhh-verdant-vietnaa-crystal-id2625381.html,2625381.0,,XHTN Tổ chức phát hành,XHTN Lần đầu,BB+,Ổn định,2026-09-20 08:47:39,fiinratings_xhtn_20260920.csv
Saigon Ratings,09/06/2026,2026-06-09,Công ty Cổ phần Đầu tư Địa ốc Đại Quang Minh,Quốc gia,,Phát triển Bất động sản,Tổ chức phát hành,Giám sát,A,6.0,Ổn định,False,False,False,False,,,,,https://saigonratings.com/gsxh6t-dai_quang_minh-2026/,,,,,,Tổ chức phát hành,Giám sát Xếp hạng,vnA,Ổn định,2026-09-20 08:47:49,saigonratings_xhtn_20260920.csv
FiinRatings,08/06/2026,2026-06-08,Công ty Cổ phần Chứng khoán Quốc Gia,Quốc gia,,Dịch vụ tài chính,Tổ chức phát hành,Cập nhật,BB+,11.0,Ổn định,False,False,False,False,,,,,https://cms.fiinratings.vn//UploadFile/08-06-2026/%5BVN%5D_FiinRatings_NSI_Surveillance_Rating_Report_June2026.pdf,,,https://fiinratings.vn/vi/ratings-fr/cong-ty-co-phan-chung-khoan-qaoc-gia-id3518.html,3518.0,,XHTN Tổ chức phát hành,Cập nhật kết quả XHTN,BB+,Ổn định,2026-09-20 08:47:39,fiinratings_xhtn_20260920.csv
FiinRatings,08/06/2026,2026-06-08,Công ty Cổ phần Năng lượng Tái tạo Trung Nam,Quốc gia,,Điện,Tổ chức phát hành,Cập nhật,CCC,18.0,Tiêu cực,False,False,False,False,,,,,,,,https://fiinratings.vn/vi/ratings-fr/cong-ty-co-phan-nang-luong-tai-tạo-trang-naa-id12684.html,12684.0,,XHTN Tổ chức phát hành,Cập nhật kết quả XHTN,CCC,Không thuận lợi,2026-09-20 08:47:39,fiinratings_xhtn_20260920.csv
Saigon Ratings,08/06/2026,2026-06-08,Công ty Cổ phần Thuận Đức,Quốc gia,,Bao bì,Tổ chức phát hành,Giám sát,BBB,9.0,Tích cực,False,False,False,False,,,,,https://saigonratings.com/gsxh6t-thuan_duc-2026/,,,,,,Tổ chức phát hành,Giám sát Xếp hạng,vnBBB,Tích cực,2026-09-20 08:47:49,saigonratings_xhtn_20260920.csv
Saigon Ratings,08/06/2026,2026-06-08,Công ty TNHH Mặt trời Hòa Bình,Quốc gia,,Phát triển Bất động sản,Tổ chức phát hành,Giám sát,BBB,9.0,Ổn định,False,False,False,False,,,,,https://saigonratings.com/gsxh6t-mat_troi_hoa_binh-2026/,,,,,,Tổ chức phát hành,Giám sát Xếp hạng,vnBBB,Ổn định,2026-09-20 08:47:49,saigonratings_xhtn_20260920.csv
FiinRatings,05/06/2026,2026-06-05,Công Ty Cổ Phần Tập Đoàn Nhựa Bình Thuận,Quốc gia,,Nhựa,Công cụ nợ,Cập nhật,AAA,1.0,Ổn định,False,False,False,False,,BP112501,,,https://cms.fiinratings.vn//UploadFile/05-06-2026/VN_BPG_Bond_Rating_Surveillance_Jun2026_Signed.pdf,https://cms.fiinratings.vn//UploadFile/05-06-2026/EN_BPG_Bond_Rating_Surveillance_Jun2026_Signed.pdf,,https://fiinratings.vn/vi/ratings-fr/cong-ty-co-phan-tap-doan-nhua-binh-thaan-id556880.html,556880.0,,XHTN Công cụ nợ,Cập nhật kết quả XHTN,AAA,Ổn định,2026-09-20 08:47:39,fiinratings_xhtn_20260920.csv
FiinRatings,05/06/2026,2026-06-05,Công ty Cổ phần Vinhomes,Quốc gia,,Bất động sản,Tổ chức phát hành,Cập nhật,A,6.0,Ổn định,False,False,False,False,,,,,https://cms.fiinratings.vn//UploadFile/05-06-2026/VI_VHM_Surveillance_Jun2026_signed.pdf,,,https://fiinratings.vn/vi/ratings-fr/cong-ty-co-phan-vinhoaes-id3439.html,3439.0,,XHTN Tổ chức phát hành,Cập nhật kết quả XHTN,A,Ổn định,2026-09-20 08:47:39,fiinratings_xhtn_20260920.csv
VIS Rating,05/06/2026,2026-06-05,Công ty Cổ phần Tổng Công ty Cổ phần Địa ốc Sài Gòn,Quốc gia,Doanh nghiệp,,Tổ chức phát hành,Giám sát,BBB+,8.0,Ổn định,False,False,False,False,,,Dài hạn,,,,,https://visrating.com/ket-qua-xep-hang-tin-nhiem/to-chuc/cong-ty-co-phan-tong-cong-ty-co-phan-dia-oc-sai-gon.35.html,35.0,Doanh nghiệp,Doanh nghiệp,Giám sát theo dõi,BBB+,Ổn định,2026-09-20 08:47:45,visrating_xhtn_20260920.csv
FiinRatings,04/06/2026,2026-06-04,Công ty Cổ phần Chứng khoán Kỹ Thương,Quốc gia,,Dịch vụ tài chính,Tổ chức phát hành,Cập nhật,AA-,4.0,Ổn định,False,False,False,False,,,,,,,,https://fiinratings.vn/vi/ratings-fr/cong-ty-co-phan-chung-khoan-ky-thuong-id3843.html,3843.0,,XHTN Tổ chức phát hành,Cập nhật kết quả XHTN,AA-,Ổn định,2026-09-20 08:47:39,fiinratings_xhtn_20260920.csv
FiinRatings,04/06/2026,2026-06-04,Công ty TNHH Nước sạch Hòa Bình - Xuân Mai,Quốc gia,,Nước và tiện ích,Công cụ nợ,Cập nhật,AAA,1.0,Ổn định,False,False,False,False,,HBXCH2444001,,,https://cms.fiinratings.vn//UploadFile/04-06-2026/VI_HBXM_Bond_Rating_Surveillance_Jun2026_signed.pdf,,,https://fiinratings.vn/vi/ratings-fr/cong-ty-tnhh-nuoc-sạch-hoa-binh---xaan-mai-id1881003.html,1881003.0,,XHTN Công cụ nợ,Cập nhật kết quả XHTN,AAA,Ổn định,2026-09-20 08:47:39,fiinratings_xhtn_20260920.csv
Saigon Ratings,04/06/2026,2026-06-04,Công ty Cổ phần Phát triển Thành phố Xanh,Quốc gia,,Phát triển Bất động sản,Tổ chức phát hành,Lần đầu,A,6.0,Ổn định,False,False,False,False,,,,,https://saigonratings.com/xhtn-thanhphoxanh-2026/,,,,,,Tổ chức phát hành,Xếp hạng lần đầu,vnA,Ổn định,2026-09-20 08:47:49,saigonratings_xhtn_20260920.csv
Saigon Ratings,04/06/2026,2026-06-04,Công ty Cổ phần Đô thị Du lịch Cần Giờ,Quốc gia,,Phát triển Bất động sản,Tổ chức phát hành,Lần đầu,A+,5.0,Ổn định,False,False,False,False,,,,,https://saigonratings.com/xhtn-cangio-2026/,,,,,,Tổ chức phát hành,Xếp hạng lần đầu,vnA+,Ổn định,2026-09-20 08:47:49,saigonratings_xhtn_20260920.csv
VIS Rating,04/06/2026,2026-06-04,Công ty Cổ phần Tasco,Quốc gia,Doanh nghiệp,,Tổ chức phát hành,Giám sát,BBB+,8.0,Ổn định,False,False,False,False,,,Dài hạn,,,,,https://visrating.com/ket-qua-xep-hang-tin-nhiem/to-chuc/cong-ty-co-phan-tasco.8.html,8.0,Doanh nghiệp,Doanh nghiệp,Giám sát theo dõi,BBB+,Ổn định,2026-09-20 08:47:45,visrating_xhtn_20260920.csv
Saigon Ratings,02/06/2026,2026-06-02,Công ty Cổ phần Tandoland,Quốc gia,,Phát triển Bất động sản,Công cụ nợ,Lần đầu,A+,5.0,Ổn định,False,False,False,False,,TDR12601,,,https://saigonratings.com/xhtntp-tdr12601-2026/,,,,,,Công cụ nợ,Xếp hạng lần đầu,vnA+,Ổn định,2026-09-20 08:47:49,saigonratings_xhtn_20260920.csv
Saigon Ratings,01/06/2026,2026-06-01,Công ty Cổ phần Đầu tư Xây dựng Thái Sơn,Quốc gia,,Phát triển Bất động sản,Công cụ nợ,Lần đầu,A,6.0,Ổn định,False,False,False,False,,TSO12604,,,https://saigonratings.com/xhtntp-tso12604-2026/,,,,,,Công cụ nợ,Xếp hạng lần đầu,vnA,Ổn định,2026-09-20 08:47:49,saigonratings_xhtn_20260920.csv
VIS Rating,01/06/2026,2026-06-01,Công ty Cổ phần Chứng khoán VPBank,Quốc gia,Định chế tài chính,,Tổ chức phát hành,Giám sát,A,6.0,Ổn định,False,False,False,False,,,Dài hạn,,,,,https://visrating.com/ket-qua-xep-hang-tin-nhiem/to-chuc/cong-ty-co-phan-chung-khoan-vpbank.23.html,23.0,Định chế tài chính,Doanh nghiệp,Giám sát theo dõi,A,Ổn định,2026-09-20 08:47:45,visrating_xhtn_20260920.csv
Saigon Ratings,30/05/2026,2026-05-30,Công ty Cổ phần Tập đoàn Đầu tư I.P.A,Quốc gia,,Tổng Công ty Đầu tư,Tổ chức phát hành,Giám sát,A-,7.0,Ổn định,False,False,False,False,,,,,https://saigonratings.com/ket-qua-giam-sat-xep-hang-cong-ty-co-phan-tap-doan-dau-tu-i-p-a-nam-2026-2/,,,,,,Tổ chức phát hành,Giám sát Xếp hạng,vnA-,Ổn định,2026-09-20 08:47:49,saigonratings_xhtn_20260920.csv
FiinRatings,28/05/2026,2026-05-28,Công ty Cổ phần Phát triển Bất động sản Văn Phú,Quốc gia,,Bất động sản,Công cụ nợ,Lần đầu,BB+,11.0,Ổn định,False,False,False,False,,VPI12603,,,,,,https://fiinratings.vn/vi/ratings-fr/cong-ty-co-phan-phat-trien-bat-dong-san-van-phu-id6328.html,6328.0,,XHTN Công cụ nợ,XHTN Lần đầu,BB+,Ổn định,2026-09-20 08:47:39,fiinratings_xhtn_20260920.csv
S&I Ratings,28/05/2026,2026-05-28,Công ty Cổ phần Công nghệ Tài chính Encapital,Quốc gia,Doanh nghiệp,Công nghệ thông tin,,Giám sát,BBB,9.0,Ổn định,False,False,False,False,,,,,,,,https://sniratings.com.vn/?rating=cong-ty-co-phan-cong-nghe-tai-chinh-encapital-2,5798.0,Doanh nghiệp,,Giám sát Xếp hạng,BBB,Ổn định,2026-09-20 08:47:55,sniratings_xhtn_20260920.csv
FiinRatings,27/05/2026,2026-05-27,Công ty Cổ phần Chứng khoán Dầu khí,Quốc gia,,Dịch vụ tài chính,Tổ chức phát hành,Cập nhật,BB+,11.0,Ổn định,False,False,False,False,,,,,,,,https://fiinratings.vn/vi/ratings-fr/cong-ty-co-phan-chung-khoan-daa-khi-id3658.html,3658.0,,XHTN Tổ chức phát hành,Cập nhật kết quả XHTN,BB+,Ổn định,2026-09-20 08:47:39,fiinratings_xhtn_20260920.csv
Saigon Ratings,27/05/2026,2026-05-27,Công ty Cổ phần Vinpearl,Quốc gia,,Du lịch,Công cụ nợ,Lần đầu,AA-,4.0,Ổn định,False,False,False,False,,VPL12601,,,https://saigonratings.com/xhtntp-vpl12601-2026/,,,,,,Công cụ nợ,Xếp hạng lần đầu,vnAA-,Ổn định,2026-09-20 08:47:49,saigonratings_xhtn_20260920.csv
Saigon Ratings,27/05/2026,2026-05-27,Công ty Cổ phần Đầu tư Xây dựng Thái Sơn,Quốc gia,,Phát triển Bất động sản,Công cụ nợ,Lần đầu,A,6.0,Ổn định,False,False,False,False,,TSO12603,,,https://saigonratings.com/xhtntp-tso12603-2026/,,,,,,Công cụ nợ,Xếp hạng lần đầu,vnA,Ổn định,2026-09-20 08:47:49,saigonratings_xhtn_20260920.csv
TMR,27/05/2026,2026-05-27,Công ty TNHH Miza Nghi Sơn,Quốc gia,Doanh nghiệp,,Tổ chức phát hành,Cập nhật,BBB-,10.0,Ổn định,False,False,False,False,,,,,https://tmr.vn/wp-content/uploads/2026/05/MZN_Cap-nhat-XHTN_Tochucphathanh.pdf,,,,,Doanh nghiệp,Tổ chức phát hành,Cập nhật kết quả XHTN,BBB-,Ổn định,2026-09-20 08:47:54,tmr_xhtn_20260920.csv
Saigon Ratings,26/05/2026,2026-05-26,Công ty Cổ phần Khu công nghiệp Thành Thành Công (TTC IZ),Quốc gia,,Cho thuê Bất động sản,Tổ chức phát hành,Giám sát,A,6.0,Ổn định,False,False,False,False,,,,,https://saigonratings.com/gsxh-ttciz-2026/,,,,,,Tổ chức phát hành,Giám sát Xếp hạng,vnA,Ổn định,2026-09-20 08:47:49,saigonratings_xhtn_20260920.csv
Saigon Ratings,25/05/2026,2026-05-25,Công Ty Cổ Phần Đầu Tư Và Phát Triển Newco,Quốc gia,,Phát triển Bất động sản,Tổ chức phát hành,Giám sát,BB-,13.0,Ổn định,False,False,False,False,,,,,https://saigonratings.com/gsxh6t-newco-2026/,,,,,,Tổ chức phát hành,Giám sát Xếp hạng,vnBB-,Ổn định,2026-09-20 08:47:49,saigonratings_xhtn_20260920.csv
Saigon Ratings,25/05/2026,2026-05-25,Công Ty TNHH Dịch Vụ Thương Mại Tổng Hợp An Thịnh,Quốc gia,,Phát triển Bất động sản,Tổ chức phát hành,Giám sát,BB,12.0,Ổn định,False,False,False,False,,,,,https://saigonratings.com/gsxh6t-an_thinh-2026/,,,,,,Tổ chức phát hành,Giám sát Xếp hạng,vnBB,Ổn định,2026-09-20 08:47:49,saigonratings_xhtn_20260920.csv
Saigon Ratings,25/05/2026,2026-05-25,Công ty Cổ phần Vinhomes,Quốc gia,,Phát triển Bất động sản,Công cụ nợ,Lần đầu,AA+,2.0,Ổn định,False,False,False,False,,VHM12606,,,https://saigonratings.com/xhtntp-vhm12606-2026/,,,,,,Công cụ nợ,Xếp hạng lần đầu,vnAA+,Ổn định,2026-09-20 08:47:49,saigonratings_xhtn_20260920.csv
Saigon Ratings,25/05/2026,2026-05-25,Công ty Cổ phần Vinhomes,Quốc gia,,Phát triển Bất động sản,Công cụ nợ,Lần đầu,AA+,2.0,Ổn định,False,False,False,False,,VHM12605,,,https://saigonratings.com/xhtntp-vhm12605-2026/,,,,,,Công cụ nợ,Xếp hạng lần đầu,vnAA+,Ổn định,2026-09-20 08:47:49,saigonratings_xhtn_20260920.csv
VIS Rating,25/05/2026,2026-05-25,Công ty Cổ phần Vận tải Dầu khí Thái Bình Dương,Quốc gia,Doanh nghiệp,,Tổ chức phát hành,Lần đầu,A,6.0,Ổn định,False,False,False,False,,,Dài hạn,,https://visrating.com/ket-qua-xep-hang-tin-nhiem/bao-cao/bao-cao-ket-qua-xep-hang-tin-nhiem-pvtrans-pacific-25052026.146.html,https://visrating.com/rating-results/report/rating-announcement-pvtrans-pacific-25052026.146.html,,https://visrating.com/ket-qua-xep-hang-tin-nhiem/to-chuc/cong-ty-co-phan-van-tai-dau-khi-thai-binh-duong.43.html,43.0,Doanh nghiệp,Doanh nghiệp,Xếp hạng lần đầu,A,Ổn định,2026-09-20 08:47:45,visrating_xhtn_20260920.csv
VIS Rating,22/05/2026,2026-05-22,Ngân hàng TMCP Tiên Phong,Quốc gia,Định chế tài chính,,Tổ chức phát hành,Cập nhật,AA-,4.0,Ổn định,False,False,False,False,,,Dài hạn,,https://visrating.com/ket-qua-xep-hang-tin-nhiem/bao-cao/202605_tpb_rating_announcement_vn.137.html,https://visrating.com/rating-results/report/202605_tpb_rating_announcement_en.137.html,,https://visrating.com/ket-qua-xep-hang-tin-nhiem/to-chuc/ngan-hang-tmcp-tien-phong.4.html,4.0,Định chế tài chính,Doanh nghiệp,Cập nhật,AA-,Ổn định,2026-09-20 08:47:45,visrating_xhtn_20260920.csv
Saigon Ratings,21/05/2026,2026-05-21,Công ty Cổ phần Đầu tư Hạ tầng Kỹ thuật TPHCM (CII),Quốc gia,,Hạ tầng kỹ thuật,Tổ chức phát hành,Giám sát,AA-,4.0,Ổn định,False,False,False,False,,,,,https://saigonratings.com/gsxh-cii-2026/,,,,,,Tổ chức phát hành,Giám sát Xếp hạng,vnAA-,Ổn định,2026-09-20 08:47:49,saigonratings_xhtn_20260920.csv
Saigon Ratings,21/05/2026,2026-05-21,Công ty TNHH Liên doanh Đầu tư Xây dựng Tam Trinh,Quốc gia,,Phát triển Bất động sản,Tổ chức phát hành,Giám sát,BB-,13.0,Ổn định,False,False,False,False,,,,,https://saigonratings.com/gsxh6t-tam_trinh-2026/,,,,,,Tổ chức phát hành,Giám sát Xếp hạng,vnBB-,Ổn định,2026-09-20 08:47:49,saigonratings_xhtn_20260920.csv
VIS Rating,21/05/2026,2026-05-21,Ngân hàng TMCP Tiên Phong,Quốc gia,Định chế tài chính,,Tổ chức phát hành,Giám sát,AA-,4.0,Ổn định,False,False,False,False,,,Dài hạn,,,,,https://visrating.com/ket-qua-xep-hang-tin-nhiem/to-chuc/ngan-hang-tmcp-tien-phong.4.html,4.0,Định chế tài chính,Doanh nghiệp,Giám sát theo dõi,AA-,Ổn định,2026-09-20 08:47:45,visrating_xhtn_20260920.csv
Saigon Ratings,19/05/2026,2026-05-19,Công ty TNHH Lạc Việt Quy Nhơn,Quốc gia,,Phát triển Bất động sản,Công cụ nợ,Lần đầu,BBB+,8.0,Ổn định,False,False,False,False,,LVC12601,,,https://saigonratings.com/xhtntp-lvc12601-2026/,,,,,,Công cụ nợ,Xếp hạng lần đầu,vnBBB+,Ổn định,2026-09-20 08:47:49,saigonratings_xhtn_20260920.csv
Saigon Ratings,18/05/2026,2026-05-18,Công ty Cổ phần Thương mại và Dịch vụ Quốc tế Thiso,Quốc gia,,Bán lẻ,Tổ chức phát hành,Giám sát,A-,7.0,Ổn định,False,False,False,False,,,,,https://saigonratings.com/gsxh6t-thiso-2026/,,,,,,Tổ chức phát hành,Giám sát Xếp hạng,vnA-,Ổn định,2026-09-20 08:47:49,saigonratings_xhtn_20260920.csv
VIS Rating,15/05/2026,2026-05-15,Công ty Cổ phần FECON,Quốc gia,Doanh nghiệp,,Tổ chức phát hành,Lần đầu,BBB-,10.0,Ổn định,False,False,False,False,,,Dài hạn,,https://visrating.com/ket-qua-xep-hang-tin-nhiem/bao-cao/202605_FECON_rating_annoucement_vn.118.html,https://visrating.com/rating-results/report/202605_FECON_rating_annoucement_en.118.html,,https://visrating.com/ket-qua-xep-hang-tin-nhiem/to-chuc/cong-ty-co-phan-fecon.45.html,45.0,Doanh nghiệp,Doanh nghiệp,Xếp hạng lần đầu,BBB-,Ổn định,2026-09-20 08:47:45,visrating_xhtn_20260920.csv
VIS Rating,15/05/2026,2026-05-15,Ngân hàng TMCP Phương Đông,Quốc gia,Định chế tài chính,,Tổ chức phát hành,Kết thúc,WR,,,True,False,False,False,Đã rút xếp hạng,,Dài hạn,,https://visrating.com/ket-qua-xep-hang-tin-nhiem/bao-cao/bao-cao-ket-qua-xep-hang-tin-nhiem-ocb-15052026.138.html,https://visrating.com/rating-results/report/rating-announcement-ocb-15052026.138.html,,https://visrating.com/ket-qua-xep-hang-tin-nhiem/to-chuc/ngan-hang-tmcp-phuong-dong.3.html,3.0,Định chế tài chính,Doanh nghiệp,Kết thúc,WR,,2026-09-20 08:47:45,visrating_xhtn_20260920.csv
VIS Rating,14/05/2026,2026-05-14,Công ty Cổ phần Chứng khoán VNDIRECT,Quốc gia,Định chế tài chính,,Tổ chức phát hành,Cập nhật,A-,7.0,Ổn định,False,False,False,False,,,Dài hạn,,https://visrating.com/ket-qua-xep-hang-tin-nhiem/bao-cao/202605_VND_rating_announcement_vn.80.html,https://visrating.com/rating-results/report/202605_VND_rating_announcement_en.80.html,,https://visrating.com/ket-qua-xep-hang-tin-nhiem/to-chuc/cong-ty-co-phan-chung-khoan-vndirect.13.html,13.0,Định chế tài chính,Doanh nghiệp,Cập nhật,A-,Ổn định,2026-09-20 08:47:45,visrating_xhtn_20260920.csv
Fitch Ratings,13/05/2026,2026-05-13,PetroVietnam Power Corporation,Quốc tế,,,Tổ chức phát hành,Giữ nguyên,BB+,11.0,Ổn định,False,False,False,False,,,Dài hạn,Long Term Issuer Default Rating,,,,https://www.fitchratings.com/entity/petrovietnam-power-corporation-joint-stock-company-97128194,97128194.0,,Tổ chức phát hành,Affirmed,BB+,Stable,2026-09-20 08:48:11,fitch_xhtn_20260920.csv
VIS Rating,13/05/2026,2026-05-13,Công ty Cổ phần Chứng khoán MB,Quốc gia,Định chế tài chính,,Tổ chức phát hành,Cập nhật,A+,5.0,Ổn định,False,False,False,False,,,Dài hạn,,https://visrating.com/ket-qua-xep-hang-tin-nhiem/bao-cao/20260513_mbs_rating_announcement_vn-pdf.82.html,https://visrating.com/rating-results/report/20260513_mbs_rating_announcement_vn-pdf.82.html,,https://visrating.com/ket-qua-xep-hang-tin-nhiem/to-chuc/cong-ty-co-phan-chung-khoan-mb.15.html,15.0,Định chế tài chính,Doanh nghiệp,Cập nhật,A+,Ổn định,2026-09-20 08:47:45,visrating_xhtn_20260920.csv
VIS Rating,13/05/2026,2026-05-13,Công ty Cổ phần FECON,Quốc gia,Doanh nghiệp,,Công cụ nợ,Lần đầu,BBB-,10.0,Ổn định,False,False,False,False,,FCN12601,Dài hạn,,https://visrating.com/ket-qua-xep-hang-tin-nhiem/bao-cao/202605_FECON_bond_rating_announcement_vn.135.html,https://visrating.com/rating-results/report/202605_FECON_bond_rating_announcement_en.135.html,,https://visrating.com/ket-qua-xep-hang-tin-nhiem/to-chuc/cong-ty-co-phan-fecon.45.html,45.0,Doanh nghiệp,Công cụ nợ,Xếp hạng lần đầu,BBB-,Ổn định,2026-09-20 08:47:45,visrating_xhtn_20260920.csv
Saigon Ratings,12/05/2026,2026-05-12,Công ty Cổ phần Đầu tư Xây dựng Thái Sơn,Quốc gia,,Phát triển Bất động sản,Công cụ nợ,Lần đầu,A,6.0,Ổn định,False,False,False,False,,TSO12602,,,https://saigonratings.com/xhtntp-tso12602-2026/,,,,,,Công cụ nợ,Xếp hạng lần đầu,vnA,Ổn định,2026-09-20 08:47:49,saigonratings_xhtn_20260920.csv
VIS Rating,12/05/2026,2026-05-12,Công ty Cổ phần Chứng khoán UP,Quốc gia,Định chế tài chính,,Tổ chức phát hành,Kết thúc,WR,,,True,False,False,False,Đã rút xếp hạng,,Dài hạn,,https://visrating.com/ket-qua-xep-hang-tin-nhiem/bao-cao/202605_ups_rating_announcement_vn.84.html,https://visrating.com/rating-results/report/202605_ups_rating_announcement_en.84.html,,https://visrating.com/ket-qua-xep-hang-tin-nhiem/to-chuc/cong-ty-co-phan-chung-khoan-up.14.html,14.0,Định chế tài chính,Doanh nghiệp,Kết thúc,WR,,2026-09-20 08:47:45,visrating_xhtn_20260920.csv
FiinRatings,11/05/2026,2026-05-11,Công ty TNHH Chứng khoán ACB,Quốc gia,,Dịch vụ tài chính,Tổ chức phát hành,Cập nhật,A,6.0,Ổn định,False,False,False,False,,,,,,,,https://fiinratings.vn/vi/ratings-fr/cong-ty-tnhh-chung-khoan-acb-id2738.html,2738.0,,XHTN Tổ chức phát hành,Cập nhật kết quả XHTN,A,Ổn định,2026-09-20 08:47:39,fiinratings_xhtn_20260920.csv
Saigon Ratings,11/05/2026,2026-05-11,Công ty Cổ phần Tập đoàn Đầu tư Tây Bắc,Quốc gia,,Phát triển Bất động sản,Tổ chức phát hành,Lần đầu,,,,False,False,True,False,,,,,https://saigonratings.com/xhtn-tay_bac-2026/,,,,,,Tổ chức phát hành,Xếp hạng lần đầu,Bảo mật,Bảo mật,2026-09-20 08:47:49,saigonratings_xhtn_20260920.csv
Saigon Ratings,11/05/2026,2026-05-11,Công ty TNHH Lạc Việt Quy Nhơn,Quốc gia,,Phát triển Bất động sản,Tổ chức phát hành,Lần đầu,BBB-,10.0,Ổn định,False,False,False,False,,,,,https://saigonratings.com/xhtn-lac_viet_quy_nhon-2026/,,,,,,Tổ chức phát hành,Xếp hạng lần đầu,vnBBB-,Ổn định,2026-09-20 08:47:49,saigonratings_xhtn_20260920.csv
FiinRatings,08/05/2026,2026-05-08,Công ty Cổ phần Năng lượng Tái tạo Trung Nam,Quốc gia,,Điện,Công cụ nợ,Lần đầu,CCC,18.0,Tiêu cực,False,False,False,False,,TRE32602,,,,,,https://fiinratings.vn/vi/ratings-fr/cong-ty-co-phan-nang-luong-tai-tạo-trang-naa-id12684.html,12684.0,,XHTN Công cụ nợ,XHTN Lần đầu,CCC,Không thuận lợi,2026-09-20 08:47:39,fiinratings_xhtn_20260920.csv
FiinRatings,08/05/2026,2026-05-08,Công ty Cổ phần Năng lượng Tái tạo Trung Nam,Quốc gia,,Điện,Công cụ nợ,Lần đầu,CCC,18.0,Tiêu cực,False,False,False,False,,TRE32601,,,,,,https://fiinratings.vn/vi/ratings-fr/cong-ty-co-phan-nang-luong-tai-tạo-trang-naa-id12684.html,12684.0,,XHTN Công cụ nợ,XHTN Lần đầu,CCC,Không thuận lợi,2026-09-20 08:47:39,fiinratings_xhtn_20260920.csv
VIS Rating,08/05/2026,2026-05-08,Ngân hàng TMCP Lộc Phát Việt Nam,Quốc gia,Định chế tài chính,,Tổ chức phát hành,Cập nhật,A+,5.0,Ổn định,False,False,False,False,,,Dài hạn,,https://visrating.com/ket-qua-xep-hang-tin-nhiem/bao-cao/202605_lpb_rating_announcement_vn-pdf.48.html,https://visrating.com/rating-results/report/202605_lpb_rating_announcement_en-pdf.48.html,,https://visrating.com/ket-qua-xep-hang-tin-nhiem/to-chuc/ngan-hang-tmcp-loc-phat-viet-nam.2.html,2.0,Định chế tài chính,Doanh nghiệp,Cập nhật,A+,Ổn định,2026-09-20 08:47:45,visrating_xhtn_20260920.csv
Saigon Ratings,07/05/2026,2026-05-07,Công ty Cổ phần Đầu tư và Công nghệ TokenBay,Quốc gia,,Công nghệ thông tin và Tài sản số,Tổ chức phát hành,Lần đầu,BBB-,10.0,Ổn định,False,False,False,False,,,,,https://saigonratings.com/xhtn-tokenbay-2026/,,,,,,Tổ chức phát hành,Xếp hạng lần đầu,vnBBB-,Ổn định,2026-09-20 08:47:49,saigonratings_xhtn_20260920.csv
Saigon Ratings,06/05/2026,2026-05-06,Công ty Cổ phần Vinhomes,Quốc gia,,Phát triển Bất động sản,Công cụ nợ,Lần đầu,AA+,2.0,Ổn định,False,False,False,False,,VHM12604,,,https://saigonratings.com/xhtntp-vhm12604-2026/,,,,,,Công cụ nợ,Xếp hạng lần đầu,vnAA+,Ổn định,2026-09-20 08:47:49,saigonratings_xhtn_20260920.csv
Saigon Ratings,06/05/2026,2026-05-06,Công ty Cổ phần Vinhomes,Quốc gia,,Phát triển Bất động sản,Công cụ nợ,Lần đầu,AA+,2.0,Ổn định,False,False,False,False,,VHM12603,,,https://saigonratings.com/xhtntp-vhm12603-2026/,,,,,,Công cụ nợ,Xếp hạng lần đầu,vnAA+,Ổn định,2026-09-20 08:47:49,saigonratings_xhtn_20260920.csv
Saigon Ratings,06/05/2026,2026-05-06,Công ty Cổ phần Vinhomes,Quốc gia,,Phát triển Bất động sản,Công cụ nợ,Lần đầu,AA+,2.0,Ổn định,False,False,False,False,,VHM12602,,,https://saigonratings.com/xhtntp-vhm12602-2026/,,,,,,Công cụ nợ,Xếp hạng lần đầu,vnAA+,Ổn định,2026-09-20 08:47:49,saigonratings_xhtn_20260920.csv
Saigon Ratings,06/05/2026,2026-05-06,Công ty Cổ phần Vinhomes,Quốc gia,,Phát triển Bất động sản,Tổ chức phát hành,Lần đầu,AA,3.0,Ổn định,False,False,False,False,,,,,https://saigonratings.com/xhtn-vinhomes-2026/,,,,,,Tổ chức phát hành,Xếp hạng lần đầu,vnAA,Ổn định,2026-09-20 08:47:49,saigonratings_xhtn_20260920.csv
Saigon Ratings,04/05/2026,2026-05-04,Công ty Cổ phần Đầu tư Xây dựng Thái Sơn,Quốc gia,,Phát triển Bất động sản,Công cụ nợ,Lần đầu,A,6.0,Ổn định,False,False,False,False,,TSO12601,,,https://saigonratings.com/xhtntp-tso12601-2026/,,,,,,Công cụ nợ,Xếp hạng lần đầu,vnA,Ổn định,2026-09-20 08:47:49,saigonratings_xhtn_20260920.csv
Saigon Ratings,04/05/2026,2026-05-04,Công ty TNHH Thăng Long,Quốc gia,,Phát triển Bất động sản,Tổ chức phát hành,Lần đầu,BB,12.0,Ổn định,False,False,False,False,,,,,https://saigonratings.com/xhtn-thang_long_cap_nhat-2026/,,,,,,Tổ chức phát hành,Xếp hạng lần đầu (Cập nhật thông tin),vnBB,Ổn định,2026-09-20 08:47:49,saigonratings_xhtn_20260920.csv
FiinRatings,29/04/2026,2026-04-29,Công ty Cổ phần Chứng khoán Vietcap,Quốc gia,,Dịch vụ tài chính,Tổ chức phát hành,Cập nhật,A,6.0,Ổn định,False,False,False,False,,,,,,,,https://fiinratings.vn/vi/ratings-fr/cong-ty-co-phan-chung-khoan-vietcap-id4089.html,4089.0,,XHTN Tổ chức phát hành,Cập nhật kết quả XHTN,A,Ổn định,2026-09-20 08:47:39,fiinratings_xhtn_20260920.csv
Fitch Ratings,28/04/2026,2026-04-28,Saigon Treasure Commercial Joint Stock Bank,Quốc tế,,,Tổ chức phát hành,Giữ nguyên,BB-,13.0,Ổn định,False,False,False,False,,,Dài hạn,Long Term Issuer Default Rating,,,,https://www.fitchratings.com/entity/saigon-thuong-tin-commercial-joint-stock-bank-80361310,80361310.0,,Tổ chức phát hành,Affirmed,BB-,Stable,2026-09-20 08:48:11,fitch_xhtn_20260920.csv
FiinRatings,25/04/2026,2026-04-25,Công ty Cổ phần Hoàng Anh Gia Lai,Quốc gia,,Nông nghiệp,Công cụ nợ,Lần đầu,A,6.0,Ổn định,False,False,False,False,,HAG12601,,,,,,https://fiinratings.vn/vi/ratings-fr/cong-ty-co-phan-hoang-anh-gia-lai-id3060.html,3060.0,,XHTN Công cụ nợ,XHTN Lần đầu,A,Ổn định,2026-09-20 08:47:39,fiinratings_xhtn_20260920.csv
FiinRatings,25/04/2026,2026-04-25,Công ty Cổ phần Đầu tư Nam Long,Quốc gia,,Bất động sản,Tổ chức phát hành,Cập nhật,A-,7.0,Ổn định,False,False,False,False,,,,,,,,https://fiinratings.vn/vi/ratings-fr/cong-ty-co-phan-daa-tu-naa-long-id3448.html,3448.0,,XHTN Tổ chức phát hành,Cập nhật kết quả XHTN,A-,Ổn định,2026-09-20 08:47:39,fiinratings_xhtn_20260920.csv
FiinRatings,25/04/2026,2026-04-25,Công ty Tài Chính Trách Nhiệm Hữu Hạn Một Thành Viên Home Credit Việt Nam,Quốc gia,,Dịch vụ tài chính,Tổ chức phát hành,Cập nhật,A,6.0,Ổn định,False,False,False,False,,,,,,,,https://fiinratings.vn/vi/ratings-fr/cong-ty-tai-chinh-trach-nhiea-hữa-hạn-mot-thanh-vien-hoae-credit-viet-naa-id593806.html,593806.0,,XHTN Tổ chức phát hành,Cập nhật kết quả XHTN,A,Ổn định,2026-09-20 08:47:39,fiinratings_xhtn_20260920.csv
S&I Ratings,24/04/2026,2026-04-24,Công ty Cổ phần Chứng khoán KAFI,Quốc gia,Định chế tài chính,Chứng khoán,Tổ chức phát hành,Lần đầu,A,6.0,Ổn định,False,False,False,False,,,,,https://sni-rating.s3.ap-southeast-1.amazonaws.com/wp-content/uploads/2026/04/28163747/KAFI-Public.pdf,,https://sni-rating.s3.ap-southeast-1.amazonaws.com/wp-content/uploads/2026/04/28163739/KAFI-Rating-Report.pdf,https://sniratings.com.vn/?rating=cong-ty-co-phan-chung-khoan-kafi,5575.0,Tổ chức tài chính,Tổ chức phát hành,Lần đầu,A,Ổn định,2026-09-20 08:47:55,sniratings_xhtn_20260920.csv
Saigon Ratings,24/04/2026,2026-04-24,Công ty Cổ phần In và Bao bì Goldsun,Quốc gia,,Bao bì,Tổ chức phát hành,Giám sát,BBB-,10.0,Ổn định,False,False,False,False,,,,,https://saigonratings.com/ket-qua-giam-sat-xep-hang-cong-ty-co-phan-in-va-bao-bi-goldsun-nam-2026/,,,,,,Tổ chức phát hành,Giám sát Xếp hạng,vnBBB-,Ổn định,2026-09-20 08:47:49,saigonratings_xhtn_20260920.csv
VIS Rating,24/04/2026,2026-04-24,Công ty Cổ phần Tập đoàn Gelex,Quốc gia,Doanh nghiệp,,Tổ chức phát hành,Giám sát,A,6.0,Tích cực,False,False,False,False,,,Dài hạn,,,,,https://visrating.com/ket-qua-xep-hang-tin-nhiem/to-chuc/cong-ty-co-phan-tap-doan-gelex.7.html,7.0,Doanh nghiệp,Doanh nghiệp,Giám sát theo dõi,A,Tích cực,2026-09-20 08:47:45,visrating_xhtn_20260920.csv
VIS Rating,22/04/2026,2026-04-22,Ngân hàng TMCP Việt Á,Quốc gia,Định chế tài chính,,Tổ chức phát hành,Kết thúc,WR,,,True,False,False,False,Đã rút xếp hạng,,Dài hạn,,https://visrating.com/ket-qua-xep-hang-tin-nhiem/bao-cao/202604_vab_withdrawal_rating_announcement_vn.113.html,https://visrating.com/rating-results/report/202604_vab_withdrawal_rating_announcement_vn.113.html,,https://visrating.com/ket-qua-xep-hang-tin-nhiem/to-chuc/ngan-hang-tmcp-viet-a.12.html,12.0,Định chế tài chính,Doanh nghiệp,Kết thúc,WR,,2026-09-20 08:47:45,visrating_xhtn_20260920.csv
VIS Rating,22/04/2026,2026-04-22,Ngân hàng TMCP Việt Á,Quốc gia,Định chế tài chính,,Công cụ nợ,Kết thúc,WR,,,True,False,False,False,Đã rút xếp hạng,VABCLH2330001,Dài hạn,,https://visrating.com/ket-qua-xep-hang-tin-nhiem/bao-cao/202604_vab_withdrawal_rating_announcement_vn.112.html,https://visrating.com/rating-results/report/202604_vab_withdrawal_rating_announcement_en.112.html,,https://visrating.com/ket-qua-xep-hang-tin-nhiem/to-chuc/ngan-hang-tmcp-viet-a.12.html,12.0,Định chế tài chính,Công cụ nợ,Kết thúc,WR,,2026-09-20 08:47:45,visrating_xhtn_20260920.csv
VIS Rating,22/04/2026,2026-04-22,Ngân hàng TMCP Việt Á,Quốc gia,Định chế tài chính,,Công cụ nợ,Kết thúc,WR,,,True,False,False,False,Đã rút xếp hạng,VABCLH2431001,Dài hạn,,https://visrating.com/ket-qua-xep-hang-tin-nhiem/bao-cao/202604_vab_withdrawal_rating_announcement_vn.111.html,https://visrating.com/rating-results/report/202604_vab_withdrawal_rating_announcement_en.111.html,,https://visrating.com/ket-qua-xep-hang-tin-nhiem/to-chuc/ngan-hang-tmcp-viet-a.12.html,12.0,Định chế tài chính,Công cụ nợ,Kết thúc,WR,,2026-09-20 08:47:45,visrating_xhtn_20260920.csv
Fitch Ratings,21/04/2026,2026-04-21,VietCredit General Finance Joint Stock Company,Quốc tế,,,Tổ chức phát hành,Lần đầu,B-,16.0,Ổn định,False,False,False,False,,,Dài hạn,Long Term Issuer Default Rating,,,,https://www.fitchratings.com/entity/vietcredit-general-finance-joint-stock-company-97848393,97848393.0,,Tổ chức phát hành,New Rating,B-,Stable,2026-09-20 08:48:11,fitch_xhtn_20260920.csv
Saigon Ratings,21/04/2026,2026-04-21,Công ty Cổ phần Thương mại Xuất nhập khẩu Tam Tài Lộc,Quốc gia,,Phát triển Bất động sản,Công cụ nợ,Lần đầu,BB-,13.0,Ổn định,False,False,False,False,,LOC32601,,,https://saigonratings.com/xhtntp-loc32601-2026/,,,,,,Công cụ nợ,Xếp hạng lần đầu,vnBB-,Ổn định,2026-09-20 08:47:49,saigonratings_xhtn_20260920.csv
Saigon Ratings,21/04/2026,2026-04-21,Công ty Cổ phần Đầu Tư và Phát triển Bất động sản Minh An,Quốc gia,,Phát triển Bất động sản,Công cụ nợ,Lần đầu,BB+,11.0,Ổn định,False,False,False,False,,MAD32601,,,https://saigonratings.com/xhtntp-mad32601-2026/,,,,,,Công cụ nợ,Xếp hạng lần đầu,vnBB+,Ổn định,2026-09-20 08:47:49,saigonratings_xhtn_20260920.csv
Saigon Ratings,21/04/2026,2026-04-21,Công ty Cổ phần Đầu Tư và Phát triển Bất động sản Minh An,Quốc gia,,Phát triển Bất động sản,Công cụ nợ,Lần đầu,BB+,11.0,Ổn định,False,False,False,False,,MAD12602,,,https://saigonratings.com/xhtntp-mad12602-2026/,,,,,,Công cụ nợ,Xếp hạng lần đầu,vnBB+,Ổn định,2026-09-20 08:47:49,saigonratings_xhtn_20260920.csv
VIS Rating,21/04/2026,2026-04-21,Công ty Cổ phần Tasco Auto,Quốc gia,Doanh nghiệp,,Tổ chức phát hành,Giám sát,BBB+,8.0,Ổn định,False,False,False,False,,,Dài hạn,,,,,https://visrating.com/ket-qua-xep-hang-tin-nhiem/to-chuc/cong-ty-co-phan-tasco-auto.28.html,28.0,Doanh nghiệp,Doanh nghiệp,Giám sát theo dõi,BBB+,Ổn định,2026-09-20 08:47:45,visrating_xhtn_20260920.csv
VIS Rating,21/04/2026,2026-04-21,Ngân hàng TMCP An Bình,Quốc gia,Định chế tài chính,,Tổ chức phát hành,Giám sát,A-,7.0,Ổn định,False,False,False,False,,,Dài hạn,,,,,https://visrating.com/ket-qua-xep-hang-tin-nhiem/to-chuc/ngan-hang-tmcp-an-binh.6.html,6.0,Định chế tài chính,Doanh nghiệp,Giám sát theo dõi,A-,Ổn định,2026-09-20 08:47:45,visrating_xhtn_20260920.csv
Saigon Ratings,20/04/2026,2026-04-20,Công ty Cổ phần Vinpearl,Quốc gia,,Du lịch,Tổ chức phát hành,Lần đầu,A+,5.0,Ổn định,False,False,False,False,,,,,https://saigonratings.com/xhtn-vinpearl-2026/,,,,,,Tổ chức phát hành,Xếp hạng lần đầu,vnA+,Ổn định,2026-09-20 08:47:49,saigonratings_xhtn_20260920.csv
Saigon Ratings,20/04/2026,2026-04-20,Công ty TNHH Hóa chất Hyosung Vina,Quốc gia,,Công nghiệp hóa chất,Tổ chức phát hành,Lần đầu,B,15.0,Ổn định,False,False,False,False,,,,,https://saigonratings.com/xhtn-hyosungvina-2026/,,,,,,Tổ chức phát hành,Xếp hạng lần đầu,vnB,Ổn định,2026-09-20 08:47:49,saigonratings_xhtn_20260920.csv
Saigon Ratings,20/04/2026,2026-04-20,Công ty TNHH Phát triển Bất động sản An Gia Hưng,Quốc gia,,Phát triển Bất động sản,Tổ chức phát hành,Lần đầu,B-,16.0,Ổn định,False,False,False,False,,,,,https://saigonratings.com/xhtn-an_gia_hung-2026/,,,,,,Tổ chức phát hành,Xếp hạng lần đầu,vnB-,Ổn định,2026-09-20 08:47:49,saigonratings_xhtn_20260920.csv
FiinRatings,17/04/2026,2026-04-17,Công ty Cổ phần Phát triển Bất động sản Văn Phú,Quốc gia,,Bất động sản,Công cụ nợ,Lần đầu,BB+,11.0,Ổn định,False,False,False,False,,VPI12601,,,,,,https://fiinratings.vn/vi/ratings-fr/cong-ty-co-phan-phat-trien-bat-dong-san-van-phu-id6328.html,6328.0,,XHTN Công cụ nợ,XHTN Lần đầu,BB+,Ổn định,2026-09-20 08:47:39,fiinratings_xhtn_20260920.csv
VIS Rating,16/04/2026,2026-04-16,Tổng Công ty Dầu Việt Nam - Công ty Cổ phần,Quốc gia,Doanh nghiệp,,Tổ chức phát hành,Lần đầu,AA+,2.0,Ổn định,False,False,False,False,,,Dài hạn,,https://visrating.com/ket-qua-xep-hang-tin-nhiem/bao-cao/bao-cao-ket-qua-xep-hang-tin-nhiem-pvoil-16042026-SDq.119.html,https://visrating.com/rating-results/report/rating-announcement-pvoil-16042026-yDJ.119.html,,https://visrating.com/ket-qua-xep-hang-tin-nhiem/to-chuc/tong-cong-ty-dau-viet-nam-cong-ty-co-phan.38.html,38.0,Doanh nghiệp,Doanh nghiệp,Xếp hạng lần đầu,AA+,Ổn định,2026-09-20 08:47:45,visrating_xhtn_20260920.csv
FiinRatings,15/04/2026,2026-04-15,Công ty Cổ phần Phát triển Bất động sản Văn Phú,Quốc gia,,Bất động sản,Tổ chức phát hành,Cập nhật,BB+,11.0,Ổn định,False,False,False,False,,,,,,,,https://fiinratings.vn/vi/ratings-fr/cong-ty-co-phan-phat-trien-bat-dong-san-van-phu-id6328.html,6328.0,,XHTN Tổ chức phát hành,Cập nhật kết quả XHTN,BB+,Ổn định,2026-09-20 08:47:39,fiinratings_xhtn_20260920.csv
FiinRatings,15/04/2026,2026-04-15,Công ty TNHH Mml Farm Nghệ An,Quốc gia,,Chăn nuôi,Tổ chức phát hành,Lần đầu,A-,7.0,Ổn định,False,False,False,False,,,,,,,,https://fiinratings.vn/vi/ratings-fr/cong-ty-tnhh-mal-fara-nghe-an-id7225.html,7225.0,,XHTN Tổ chức phát hành,XHTN Lần đầu,A-,Ổn định,2026-09-20 08:47:39,fiinratings_xhtn_20260920.csv
TMR,15/04/2026,2026-04-15,Công ty Cổ phần Bất động sản Bcons PS,Quốc gia,Doanh nghiệp,,Công cụ nợ,Lần đầu,BBB-,10.0,Ổn định,False,False,False,False,,BPS12601,,,https://tmr.vn/wp-content/uploads/2026/04/BconsPS_XHTN-PH-trai-phieu_da-ky.pdf,,,,,Doanh nghiệp,Công cụ nợ,Xếp hạng lần đầu,BBB-,Ổn định,2026-09-20 08:47:54,tmr_xhtn_20260920.csv
Saigon Ratings,14/04/2026,2026-04-14,Công ty Cổ phần Tandoland,Quốc gia,,Phát triển Bất động sản,Tổ chức phát hành,Lần đầu,B+,14.0,Ổn định,False,False,False,False,,,,,https://saigonratings.com/xhtn-tandoland-2026/,,,,,,Tổ chức phát hành,Xếp hạng lần đầu,vnB+,Ổn định,2026-09-20 08:47:49,saigonratings_xhtn_20260920.csv
Saigon Ratings,14/04/2026,2026-04-14,Công ty TNHH MTV VIPICO,Quốc gia,,Phát triển Bất động sản,Tổ chức phát hành,Giám sát,BBB-,10.0,Ổn định,False,False,False,False,,,,,https://saigonratings.com/gsxh6t-vipico-2026/,,,,,,Tổ chức phát hành,Giám sát Xếp hạng,vnBBB-,Ổn định,2026-09-20 08:47:49,saigonratings_xhtn_20260920.csv
FiinRatings,10/04/2026,2026-04-10,Công ty Cổ phần Kinh doanh F88,Quốc gia,,Dịch vụ tài chính,Tổ chức phát hành,Cập nhật,BBB,9.0,Ổn định,False,False,False,False,,,,,,,,https://fiinratings.vn/vi/ratings-fr/cong-ty-co-phan-kinh-doanh-f88-id7766.html,7766.0,,XHTN Tổ chức phát hành,Cập nhật kết quả XHTN,BBB,Ổn định,2026-09-20 08:47:39,fiinratings_xhtn_20260920.csv
Saigon Ratings,10/04/2026,2026-04-10,Công ty Cổ phần Đầu tư và Phát triển Hạ tầng Nam Quang,Quốc gia,,Phát triển Bất động sản,Tổ chức phát hành,Giám sát,BBB-,10.0,Ổn định,False,False,False,False,,,,,https://saigonratings.com/gsxh6t-nam_quang-2026/,,,,,,Tổ chức phát hành,Giám sát Xếp hạng,vnBBB-,Ổn định,2026-09-20 08:47:49,saigonratings_xhtn_20260920.csv
VIS Rating,10/04/2026,2026-04-10,Công ty Cổ phần Dịch vụ Cáp treo Bà Nà,Quốc gia,Doanh nghiệp,,Tổ chức phát hành,Giám sát,BBB+,8.0,Ổn định,False,False,False,False,,,Dài hạn,,,,,https://visrating.com/ket-qua-xep-hang-tin-nhiem/to-chuc/cong-ty-co-phan-cap-treo-ba-na.24.html,24.0,Doanh nghiệp,Doanh nghiệp,Giám sát theo dõi,BBB+,Ổn định,2026-09-20 08:47:45,visrating_xhtn_20260920.csv
FiinRatings,08/04/2026,2026-04-08,Công Ty TNHH Truyền Dẫn Nước Sạch Xuân Mai - Hà Nội,Quốc gia,,Nước và tiện ích,Công cụ nợ,Cập nhật,AAA,1.0,Ổn định,False,False,False,False,,XMH12501,,,,,,https://fiinratings.vn/vi/ratings-fr/cong-ty-tnhh-trayen-dan-nuoc-sạch-xaan-mai---ha-noi-id2176657.html,2176657.0,,XHTN Công cụ nợ,Cập nhật kết quả XHTN,AAA,Ổn định,2026-09-20 08:47:39,fiinratings_xhtn_20260920.csv
FiinRatings,08/04/2026,2026-04-08,Công ty Cổ phần Vinhomes,Quốc gia,,Bất động sản,Công cụ nợ,Lần đầu,A,6.0,Ổn định,False,False,False,False,,VHM12601,,,,,,https://fiinratings.vn/vi/ratings-fr/cong-ty-co-phan-vinhoaes-id3439.html,3439.0,,XHTN Công cụ nợ,XHTN Lần đầu,A,Ổn định,2026-09-20 08:47:39,fiinratings_xhtn_20260920.csv
VIS Rating,08/04/2026,2026-04-08,Công ty Cổ phần Chứng khoán Tiên Phong,Quốc gia,Định chế tài chính,,Tổ chức phát hành,Nâng bậc,BBB+,8.0,Ổn định,False,False,False,False,,,Dài hạn,,https://visrating.com/ket-qua-xep-hang-tin-nhiem/bao-cao/tps-bao-cao-ket-qua-xep-hang-tin-nhiem-20260408.114.html,https://visrating.com/rating-results/report/tps-rating-announcement-20260408.114.html,,https://visrating.com/ket-qua-xep-hang-tin-nhiem/to-chuc/tien-phong-securities-corporation.21.html,21.0,Định chế tài chính,Doanh nghiệp,Nâng bậc,BBB+,Ổn định,2026-09-20 08:47:45,visrating_xhtn_20260920.csv
FiinRatings,07/04/2026,2026-04-07,Công ty Cổ phần Chứng khoán APG,Quốc gia,,Dịch vụ tài chính,Tổ chức phát hành,Cập nhật,BB-,13.0,Tiêu cực,False,False,False,False,,,,,,,,https://fiinratings.vn/vi/ratings-fr/cong-ty-co-phan-chung-khoan-apg-id2770.html,2770.0,,XHTN Tổ chức phát hành,Cập nhật kết quả XHTN,BB-,Không thuận lợi,2026-09-20 08:47:39,fiinratings_xhtn_20260920.csv
FiinRatings,06/04/2026,2026-04-06,Ngân hàng Thương mại Cổ phần Kỹ thương Việt Nam,Quốc gia,,Ngân hàng,Tổ chức phát hành,Cập nhật,AA-,4.0,Tích cực,False,False,False,False,,,,,,,,https://fiinratings.vn/vi/ratings-fr/ngan-hang-thuong-aại-co-phan-ky-thuong-viet-naa-id3842.html,3842.0,,XHTN Tổ chức phát hành,Cập nhật kết quả XHTN,AA-,Thuận lợi,2026-09-20 08:47:39,fiinratings_xhtn_20260920.csv
FiinRatings,03/04/2026,2026-04-03,Công ty Cổ Phần Phát Triển Tn,Quốc gia,,Bất động sản,Tổ chức phát hành,Cập nhật,B,15.0,Ổn định,False,False,False,False,,,,,,,,https://fiinratings.vn/vi/ratings-fr/cong-ty-co-phan-phat-trien-tn-id6147.html,6147.0,,XHTN Tổ chức phát hành,Cập nhật kết quả XHTN,B,Ổn định,2026-09-20 08:47:39,fiinratings_xhtn_20260920.csv
FiinRatings,03/04/2026,2026-04-03,Công ty Cổ Phần Phát Triển Tn,Quốc gia,,Bất động sản,Công cụ nợ,Cập nhật,BB-,13.0,Ổn định,False,False,False,False,,TND12501,,,,,,https://fiinratings.vn/vi/ratings-fr/cong-ty-co-phan-phat-trien-tn-id6147.html,6147.0,,XHTN Công cụ nợ,Cập nhật kết quả XHTN,BB-,Ổn định,2026-09-20 08:47:39,fiinratings_xhtn_20260920.csv
Saigon Ratings,03/04/2026,2026-04-03,Công ty TNHH Thăng Long,Quốc gia,,Phát triển Bất động sản,Tổ chức phát hành,Lần đầu,BB,12.0,Ổn định,False,False,False,False,,,,,https://saigonratings.com/xhtn-thang_long_2026/,,,,,,Tổ chức phát hành,Xếp hạng lần đầu,vnBB,Ổn định,2026-09-20 08:47:49,saigonratings_xhtn_20260920.csv
VIS Rating,03/04/2026,2026-04-03,Tổng công ty cổ phần Bảo hiểm Ngân hàng TMCP Công Thương Việt Nam,Quốc gia,Định chế tài chính,,Tổ chức phát hành,Giám sát,A+,5.0,Ổn định,False,False,False,False,,,Dài hạn,,,,,https://visrating.com/ket-qua-xep-hang-tin-nhiem/to-chuc/tong-cong-ty-co-phan-bao-hiem-ngan-hang-tmcp-cong-thuong-viet-nam.22.html,22.0,Định chế tài chính,Doanh nghiệp,Giám sát theo dõi,A+,Ổn định,2026-09-20 08:47:45,visrating_xhtn_20260920.csv
Saigon Ratings,02/04/2026,2026-04-02,Công ty Cổ phần Nông nghiệp BAF Việt Nam,Quốc gia,,Chăn nuôi,Tổ chức phát hành,Giám sát,A,6.0,Ổn định,False,False,False,False,,,,,https://saigonratings.com/gsxh6t-baf-2026/,,,,,,Tổ chức phát hành,Giám sát Xếp hạng,vnA,Ổn định,2026-09-20 08:47:49,saigonratings_xhtn_20260920.csv
VIS Rating,02/04/2026,2026-04-02,Công ty Cổ phần Chứng khoán Sài Gòn - Hà Nội,Quốc gia,Định chế tài chính,,Tổ chức phát hành,Giám sát,A,6.0,Ổn định,False,False,False,False,,,Dài hạn,,,,,https://visrating.com/ket-qua-xep-hang-tin-nhiem/to-chuc/cong-ty-co-phan-chung-khoan-sai-gon-ha-noi.25.html,25.0,Định chế tài chính,Doanh nghiệp,Giám sát theo dõi,A,Ổn định,2026-09-20 08:47:45,visrating_xhtn_20260920.csv
Saigon Ratings,01/04/2026,2026-04-01,Công ty Cổ phần Di chuyển Xanh và Thông minh GSM,Quốc gia,,Vận tải,Tổ chức phát hành,Giám sát,BBB+,8.0,Ổn định,False,False,False,False,,,,,https://saigonratings.com/gsxh-gsm-2026/,,,,,,Tổ chức phát hành,Giám sát Xếp hạng,vnBBB+,Ổn định,2026-09-20 08:47:49,saigonratings_xhtn_20260920.csv
TMR,01/04/2026,2026-04-01,Công ty Cổ phần Bất động sản Bcons PS,Quốc gia,Doanh nghiệp,,Tổ chức phát hành,Lần đầu,BB+,11.0,Ổn định,False,False,False,False,,,,,https://tmr.vn/wp-content/uploads/2026/04/RN0004-01-202604-BconsPS-da-ky.pdf,,,,,Doanh nghiệp,Tổ chức phát hành,Xếp hạng lần đầu,BB+,Ổn định,2026-09-20 08:47:54,tmr_xhtn_20260920.csv
Saigon Ratings,31/03/2026,2026-03-31,Công ty Cổ Phần Đầu Tư Xây Dựng NEW TECH,Quốc gia,,Phát triển Bất động sản,Tổ chức phát hành,Giám sát,BB,12.0,Ổn định,False,False,False,False,,,,,https://saigonratings.com/gsxh-new_tech-2026/,,,,,,Tổ chức phát hành,Giám sát Xếp hạng,vnBB,Ổn định,2026-09-20 08:47:49,saigonratings_xhtn_20260920.csv
Saigon Ratings,31/03/2026,2026-03-31,Công ty Cổ phần Năng lượng Bắc Hà,Quốc gia,,Sản xuất điện,Tổ chức phát hành,Giám sát,A-,7.0,Ổn định,False,False,False,False,,,,,https://saigonratings.com/gsxhtn-bac_ha-2026/,,,,,,Tổ chức phát hành,Giám sát Xếp hạng,vnA-,Ổn định,2026-09-20 08:47:49,saigonratings_xhtn_20260920.csv
Saigon Ratings,30/03/2026,2026-03-30,Công ty Cổ phần Thời đại mới T&T,Quốc gia,,Phát triển Bất động sản,Công cụ nợ,Lần đầu,BB+,11.0,Ổn định,False,False,False,False,,NTJ12601,,,https://saigonratings.com/xhtn-tp-ntj12601-2026/,,,,,,Công cụ nợ,Xếp hạng lần đầu,vnBB+,Ổn định,2026-09-20 08:47:49,saigonratings_xhtn_20260920.csv
Saigon Ratings,30/03/2026,2026-03-30,Công ty Cổ phần Đầu tư Xây dựng Thái Sơn,Quốc gia,,Phát triển Bất động sản,Tổ chức phát hành,Giám sát,A-,7.0,Ổn định,False,False,False,False,,,,,https://saigonratings.com/gsxh6t-thai_son-2026/,,,,,,Tổ chức phát hành,Giám sát Xếp hạng,vnA-,Ổn định,2026-09-20 08:47:49,saigonratings_xhtn_20260920.csv
FiinRatings,29/03/2026,2026-03-29,Ngân hàng Thương mại Cổ phần Phát Triển Thành phố Hồ Chí Minh,Quốc gia,,Ngân hàng,Tổ chức phát hành,Cập nhật,A,6.0,Tích cực,False,False,False,False,,,,,,,,https://fiinratings.vn/vi/ratings-fr/ngan-hang-thuong-aại-co-phan-phat-trien-thanh-pho-hồ-chi-minh-id3101.html,3101.0,,XHTN Tổ chức phát hành,Cập nhật kết quả XHTN,A,Thuận lợi,2026-09-20 08:47:39,fiinratings_xhtn_20260920.csv
Saigon Ratings,26/03/2026,2026-03-26,Công ty Cổ phần Phát triển Khu Công nghiệp và Đô thị Thủ Thừa,Quốc gia,,Cho thuê Bất động sản,Tổ chức phát hành,Giám sát,BBB,9.0,Ổn định,False,False,False,False,,,,,https://saigonratings.com/gsxh6t-thu_thua-2026/,,,,,,Tổ chức phát hành,Giám sát Xếp hạng,vnBBB,Ổn định,2026-09-20 08:47:49,saigonratings_xhtn_20260920.csv
VIS Rating,26/03/2026,2026-03-26,Công ty Cổ phần Tập đoàn Phượng Hoàng Xanh A&A,Quốc gia,Doanh nghiệp,,Tổ chức phát hành,Giám sát,A,6.0,Ổn định,False,False,False,False,,,Dài hạn,,,,,https://visrating.com/ket-qua-xep-hang-tin-nhiem/to-chuc/cong-ty-co-phan-tap-doan-phuong-hoang-xanh-aanda.5.html,5.0,Doanh nghiệp,Doanh nghiệp,Giám sát theo dõi,A,Ổn định,2026-09-20 08:47:45,visrating_xhtn_20260920.csv
FiinRatings,25/03/2026,2026-03-25,Tập đoàn Vingroup - Công ty CP,Quốc gia,,Đa ngành,Tổ chức phát hành,Cập nhật,A-,7.0,Ổn định,False,False,False,False,,,,,,,,https://fiinratings.vn/vi/ratings-fr/tap-doan-vingroap---cong-ty-cp-id4400.html,4400.0,,XHTN Tổ chức phát hành,Cập nhật kết quả XHTN,A-,Ổn định,2026-09-20 08:47:39,fiinratings_xhtn_20260920.csv
Saigon Ratings,25/03/2026,2026-03-25,Công ty Cổ phần Thành Thành Công - Biên Hòa (SBT),Quốc gia,,Sản xuất đường,Tổ chức phát hành,Giám sát,A+,5.0,Ổn định,False,False,False,False,,,,,https://saigonratings.com/gsxhtn-sbt-2026/,,,,,,Tổ chức phát hành,Giám sát Xếp hạng,vnA+,Ổn định,2026-09-20 08:47:49,saigonratings_xhtn_20260920.csv
S&I Ratings,24/03/2026,2026-03-24,Công ty TNHH Xây dựng Dân dụng Phú Quốc,Quốc gia,Doanh nghiệp,Bất động sản,Công cụ nợ,Lần đầu,A,6.0,Ổn định,False,False,False,False,,,,,https://sni-rating.s3.ap-southeast-1.amazonaws.com/wp-content/uploads/2026/03/26162151/PCC-Bond-Public.pdf,,,https://sniratings.com.vn/?rating=cong-ty-tnhh-xay-dung-dan-dung-phu-quoc-2,5456.0,Doanh nghiệp,Công cụ nợ,Lần đầu,A,Ổn định,2026-09-20 08:47:55,sniratings_xhtn_20260920.csv
S&I Ratings,24/03/2026,2026-03-24,Công ty TNHH Xây dựng Dân dụng Phú Quốc,Quốc gia,Doanh nghiệp,Bất động sản,Tổ chức phát hành,Lần đầu,BB+,11.0,Ổn định,False,False,False,False,,,,,https://sni-rating.s3.ap-southeast-1.amazonaws.com/wp-content/uploads/2026/03/26161837/PCC-Corporate-Public.pdf,,,https://sniratings.com.vn/?rating=cong-ty-tnhh-xay-dung-dan-dung-phu-quoc,5454.0,Doanh nghiệp,Tổ chức phát hành,Lần đầu,BB+,Ổn định,2026-09-20 08:47:55,sniratings_xhtn_20260920.csv
Saigon Ratings,18/03/2026,2026-03-18,Công ty Cổ phần Thời đại mới T&T,Quốc gia,,Phát triển Bất động sản,Tổ chức phát hành,Giám sát,BB+,11.0,Ổn định,False,False,False,False,,,,,https://saigonratings.com/gsxh6t-tnt-2026/,,,,,,Tổ chức phát hành,Giám sát Xếp hạng,vnBB+,Ổn định,2026-09-20 08:47:49,saigonratings_xhtn_20260920.csv
Saigon Ratings,18/03/2026,2026-03-18,Công ty Cổ phần Tư Vấn và Kinh Doanh Bất động sản TCO,Quốc gia,,Phát triển Bất động sản,Tổ chức phát hành,Giám sát,BB-,13.0,Ổn định,False,False,False,False,,,,,https://saigonratings.com/gsxh6t-tco-2026/,,,,,,Tổ chức phát hành,Giám sát Xếp hạng,vnBB-,Ổn định,2026-09-20 08:47:49,saigonratings_xhtn_20260920.csv
Saigon Ratings,17/03/2026,2026-03-17,Công ty TNHH Hưng Phát Invest Hà Nội,Quốc gia,,Phát triển Bất động sản,Tổ chức phát hành,Giám sát,BB+,11.0,Ổn định,False,False,False,False,,,,,https://saigonratings.com/gsxh6t-hung-phat-invest-2026/,,,,,,Tổ chức phát hành,Giám sát Xếp hạng,vnBB+,Ổn định,2026-09-20 08:47:49,saigonratings_xhtn_20260920.csv
FiinRatings,16/03/2026,2026-03-16,Ngân hàng Thương mại Cổ phần Nam Á,Quốc gia,,Ngân hàng,Tổ chức phát hành,Cập nhật,A-,7.0,Ổn định,False,False,False,False,,,,,,,,https://fiinratings.vn/vi/ratings-fr/ngan-hang-thuong-aại-co-phan-naa-a-id3362.html,3362.0,,XHTN Tổ chức phát hành,Cập nhật kết quả XHTN,A-,Ổn định,2026-09-20 08:47:39,fiinratings_xhtn_20260920.csv
Saigon Ratings,16/03/2026,2026-03-16,Công ty TNHH Đầu tư và Phát triển Đô thị Tiên Du,Quốc gia,,Phát triển Bất động sản,Tổ chức phát hành,Lần đầu,BBB-,10.0,Ổn định,False,False,False,False,,,,,https://saigonratings.com/xhtn-tien_du-2026/,,,,,,Tổ chức phát hành,Xếp hạng lần đầu,vnBBB-,Ổn định,2026-09-20 08:47:49,saigonratings_xhtn_20260920.csv
Saigon Ratings,13/03/2026,2026-03-13,Công ty TNHH Đầu tư Marina Center,Quốc gia,,Cho thuê Bất động sản,Tổ chức phát hành,Giám sát,BBB+,8.0,Ổn định,False,False,False,False,,,,,https://saigonratings.com/gsxh6t-marina_center_2026/,,,,,,Tổ chức phát hành,Giám sát Xếp hạng,vnBBB+,Ổn định,2026-09-20 08:47:49,saigonratings_xhtn_20260920.csv
VIS Rating,13/03/2026,2026-03-13,Công ty Cổ phần Chứng khoán LPS,Quốc gia,Định chế tài chính,,Tổ chức phát hành,Lần đầu,A-,7.0,Ổn định,False,False,False,False,,,Dài hạn,,https://visrating.com/ket-qua-xep-hang-tin-nhiem/bao-cao/202603-lpbs-bao-cao-xhtn-pdf.109.html,https://visrating.com/rating-results/report/202603-lpbs-rating-announcement-pdf.109.html,,https://visrating.com/ket-qua-xep-hang-tin-nhiem/to-chuc/cong-ty-co-phan-chung-khoan-lps.42.html,42.0,Định chế tài chính,Doanh nghiệp,Xếp hạng lần đầu,A-,Ổn định,2026-09-20 08:47:45,visrating_xhtn_20260920.csv
Saigon Ratings,10/03/2026,2026-03-10,Công Ty Cổ phần Hàng Không VIETJET (VIETJET AIR),Quốc gia,,Hàng không,Tổ chức phát hành,Giám sát,BBB,9.0,Ổn định,False,False,False,False,,,,,,,,,,,Tổ chức phát hành,Giám sát Xếp hạng,vnBBB,Ổn định,2026-09-20 08:47:49,saigonratings_xhtn_20260920.csv
FiinRatings,09/03/2026,2026-03-09,Ngân hàng Thương mại Cổ phần Á Châu,Quốc gia,,Ngân hàng,Tổ chức phát hành,Cập nhật,AA+,2.0,Ổn định,False,False,False,False,,,,,,,,https://fiinratings.vn/vi/ratings-fr/ngan-hang-thuong-aại-co-phan-a-chaa-id2739.html,2739.0,,XHTN Tổ chức phát hành,Cập nhật kết quả XHTN,AA+,Ổn định,2026-09-20 08:47:39,fiinratings_xhtn_20260920.csv
Fitch Ratings,25/02/2026,2026-02-25,Nam A Commercial Joint Stock Bank,Quốc tế,,,Tổ chức phát hành,Giữ nguyên,B+,14.0,Ổn định,False,False,False,False,,,Dài hạn,Long Term Issuer Default Rating,,,,https://www.fitchratings.com/entity/nam-a-commercial-joint-stock-bank-97709010,97709010.0,,Tổ chức phát hành,Affirmed,B+,Stable,2026-09-20 08:48:11,fitch_xhtn_20260920.csv
Fitch Ratings,25/02/2026,2026-02-25,Vietnam Asia Commercial Joint Stock Bank,Quốc tế,,,Tổ chức phát hành,Giữ nguyên,B+,14.0,Ổn định,False,False,False,False,,,Dài hạn,Long Term Issuer Default Rating,,,,https://www.fitchratings.com/entity/vietnam-asia-commercial-joint-stock-bank-97756842,97756842.0,,Tổ chức phát hành,Affirmed,B+,Stable,2026-09-20 08:48:11,fitch_xhtn_20260920.csv
Saigon Ratings,25/02/2026,2026-02-25,Công ty Cổ phần Thương mại Xuất nhập khẩu Tam Tài Lộc,Quốc gia,,Phát triển Bất động sản,Tổ chức phát hành,Lần đầu,BB-,13.0,Ổn định,False,False,False,False,,,,,https://saigonratings.com/xhtn-tam_tam_loc-2026/,,,,,,Tổ chức phát hành,Xếp hạng lần đầu,vnBB-,Ổn định,2026-09-20 08:47:49,saigonratings_xhtn_20260920.csv
Saigon Ratings,25/02/2026,2026-02-25,Công ty Cổ phần Đầu Tư và Phát triển Bất động sản Minh An,Quốc gia,,Phát triển Bất động sản,Tổ chức phát hành,Lần đầu,BB+,11.0,Ổn định,False,False,False,False,,,,,https://saigonratings.com/xhtn-minh_an-2026/,,,,,,Tổ chức phát hành,Xếp hạng lần đầu,vnBB+,Ổn định,2026-09-20 08:47:49,saigonratings_xhtn_20260920.csv
Fitch Ratings,24/02/2026,2026-02-24,Bac A Commercial Joint Stock Bank,Quốc tế,,,Tổ chức phát hành,Giám sát,B+,14.0,Ổn định,False,False,False,False,,,Dài hạn,Long Term Issuer Default Rating,,,,https://www.fitchratings.com/entity/bac-a-commercial-joint-stock-bank-97790123,97790123.0,,Tổ chức phát hành,Review - No Action,B+,Stable,2026-09-20 08:48:11,fitch_xhtn_20260920.csv
Fitch Ratings,24/02/2026,2026-02-24,Vietnam Thuong Tin Commercial Joint Stock Bank,Quốc tế,,,Tổ chức phát hành,Giám sát,B+,14.0,Ổn định,False,False,False,False,,,Dài hạn,Long Term Issuer Default Rating,,,,https://www.fitchratings.com/entity/vietnam-thuong-tin-commercial-joint-stock-bank-97781512,97781512.0,,Tổ chức phát hành,Review - No Action,B+,Stable,2026-09-20 08:48:11,fitch_xhtn_20260920.csv
Saigon Ratings,15/02/2026,2026-02-15,Công ty Cổ phần Sản xuất và Kinh doanh VinFast,Quốc gia,,Sản xuất ôtô,Tổ chức phát hành,Giám sát,BB+,11.0,Ổn định,False,False,False,False,,,,,https://saigonratings.com/gsxh6t-vinfast-2026/,,,,,,Tổ chức phát hành,Giám sát Xếp hạng,vnBB+,Ổn định,2026-09-20 08:47:49,saigonratings_xhtn_20260920.csv
Fitch Ratings,13/02/2026,2026-02-13,National Power Transmission Corporation,Quốc tế,,,Tổ chức phát hành,Giữ nguyên,BB+,11.0,Ổn định,False,False,False,False,,,Dài hạn,Long Term Issuer Default Rating,,,,https://www.fitchratings.com/entity/national-power-transmission-corporation-96745181,96745181.0,,Tổ chức phát hành,Affirmed,BB+,Stable,2026-09-20 08:48:11,fitch_xhtn_20260920.csv
Fitch Ratings,13/02/2026,2026-02-13,PetroVietnam Gas Joint Stock Corporation,Quốc tế,,,Tổ chức phát hành,Giữ nguyên,BB+,11.0,Ổn định,False,False,False,False,,,Dài hạn,Long Term Issuer Default Rating,,,,https://www.fitchratings.com/entity/petrovietnam-gas-joint-stock-corporation-97455191,97455191.0,,Tổ chức phát hành,Affirmed,BB+,Stable,2026-09-20 08:48:11,fitch_xhtn_20260920.csv
Saigon Ratings,12/02/2026,2026-02-12,Công ty Cổ phần Đầu tư Thành Thành Công (TTCI),Quốc gia,,Tổng công ty đầu tư,Tổ chức phát hành,Giám sát,A+,5.0,Ổn định,False,False,False,False,,,,,https://saigonratings.com/gsxh6t-ttci-2026/,,,,,,Tổ chức phát hành,Giám sát Xếp hạng,vnA+,Ổn định,2026-09-20 08:47:49,saigonratings_xhtn_20260920.csv
Saigon Ratings,11/02/2026,2026-02-11,Công ty TNHH Đầu tư và Phát triển BĐS Trường Minh,Quốc gia,,Phát triển Bất động sản,Tổ chức phát hành,Giám sát,BB,12.0,Ổn định,False,False,False,False,,,,,https://saigonratings.com/kqgsxh6t-truong_minh-2026/,,,,,,Tổ chức phát hành,Giám sát Xếp hạng,vnBB,Ổn định,2026-09-20 08:47:49,saigonratings_xhtn_20260920.csv
Saigon Ratings,10/02/2026,2026-02-10,Công ty Cổ phần May - Diêm Sài Gòn,Quốc gia,,Phát triển Bất động sản,Tổ chức phát hành,Giám sát,BBB-,10.0,Ổn định,False,False,False,False,,,,,https://saigonratings.com/kqgsxh6t-may_diem-2026/,,,,,,Tổ chức phát hành,Giám sát Xếp hạng,vnBBB-,Ổn định,2026-09-20 08:47:49,saigonratings_xhtn_20260920.csv
Saigon Ratings,09/02/2026,2026-02-09,Công ty TNHH Allgreen-Vượng Thành-Trùng Dương,Quốc gia,,Phát triển Bất động sản,Tổ chức phát hành,Giám sát,,,,False,False,True,False,,,,,https://saigonratings.com/gsxh6t-avt-2026/,,,,,,Tổ chức phát hành,Giám sát Xếp hạng,Bảo mật,Bảo mật,2026-09-20 08:47:49,saigonratings_xhtn_20260920.csv
Fitch Ratings,06/02/2026,2026-02-06,Vietnam National Industry - Energy Group,Quốc tế,,,Tổ chức phát hành,Giữ nguyên,BB+,11.0,Ổn định,False,False,False,False,,,Dài hạn,Long Term Issuer Default Rating,,,,https://www.fitchratings.com/entity/vietnam-oil-gas-group-96764711,96764711.0,,Tổ chức phát hành,Affirmed,BB+,Stable,2026-09-20 08:48:11,fitch_xhtn_20260920.csv
Saigon Ratings,04/02/2026,2026-02-04,Công Ty Xây Dựng Và Kinh Doanh Cơ Sở Hạ Tầng Khu Công Nghiệp Hà Nội - Đài Tư,Quốc gia,,Cho thuê Bất động sản,Tổ chức phát hành,Giám sát,BBB-,10.0,Ổn định,True,False,False,False,,,,,https://saigonratings.com/gsxh6t-dai-tu-2026/,,,,,,Tổ chức phát hành,Giám sát Xếp hạng (hết hạn),vnBBB-,Ổn định,2026-09-20 08:47:49,saigonratings_xhtn_20260920.csv
FiinRatings,02/02/2026,2026-02-02,Công ty Cổ phần Điện Gia Lai,Quốc gia,,Điện,Tổ chức phát hành,Lần đầu,A-,7.0,Ổn định,False,False,False,False,,,,,,,,https://fiinratings.vn/vi/ratings-fr/cong-ty-co-phan-dien-gia-lai-id2964.html,2964.0,,XHTN Tổ chức phát hành,XHTN Lần đầu,A-,Ổn định,2026-09-20 08:47:39,fiinratings_xhtn_20260920.csv
Saigon Ratings,31/01/2026,2026-01-31,Công ty Cổ phần Chứng khoán Rồng Việt (VDS),Quốc gia,,Chứng khoán,Tổ chức phát hành,Giám sát,BBB,9.0,Ổn định,False,False,False,False,,,,,https://saigonratings.com/gsxhtn-vds-2026/,,,,,,Tổ chức phát hành,Giám sát Xếp hạng,vnBBB,Ổn định,2026-09-20 08:47:49,saigonratings_xhtn_20260920.csv
VIS Rating,30/01/2026,2026-01-30,Tập đoàn Đầu tư và Phát triển Công nghiệp Becamex - CTCP,Quốc gia,Doanh nghiệp,,Tổ chức phát hành,Giám sát,A,6.0,Ổn định,False,False,False,False,,,Dài hạn,,,,,https://visrating.com/ket-qua-xep-hang-tin-nhiem/to-chuc/tap-doan-dau-tu-va-phat-trien-cong-nghiep-becamex-ctcp.19.html,19.0,Doanh nghiệp,Doanh nghiệp,Giám sát theo dõi,A,Ổn định,2026-09-20 08:47:45,visrating_xhtn_20260920.csv
FiinRatings,26/01/2026,2026-01-26,Công ty Cổ phần Chứng khoán DSC,Quốc gia,,Dịch vụ tài chính,Tổ chức phát hành,Lần đầu,BBB,9.0,Ổn định,False,False,False,False,,,,,,,,https://fiinratings.vn/vi/ratings-fr/cong-ty-co-phan-chung-khoan-dsc-id2648.html,2648.0,,XHTN Tổ chức phát hành,XHTN Lần đầu,BBB,Ổn định,2026-09-20 08:47:39,fiinratings_xhtn_20260920.csv
Saigon Ratings,22/01/2026,2026-01-22,Công ty TNHH Đầu tư & Phát triển Bất động sản Hải Đăng,Quốc gia,,Phát triển Bất động sản,Tổ chức phát hành,Giám sát,BB+,11.0,Ổn định,False,False,False,False,,,,,https://saigonratings.com/gsxh6t-hai-dang-2026/,,,,,,Tổ chức phát hành,Giám sát Xếp hạng,vnBB+,Ổn định,2026-09-20 08:47:49,saigonratings_xhtn_20260920.csv
FiinRatings,21/01/2026,2026-01-21,Công ty Cổ Phần Nhựa Hoa Sen,Quốc gia,,Nhựa,Tổ chức phát hành,Lần đầu,BBB+,8.0,Ổn định,False,False,False,False,,,,,,,,https://fiinratings.vn/vi/ratings-fr/cong-ty-co-phan-nhua-hoa-sen-id1057.html,1057.0,,XHTN Tổ chức phát hành,XHTN Lần đầu,BBB+,Ổn định,2026-09-20 08:47:39,fiinratings_xhtn_20260920.csv
FiinRatings,20/01/2026,2026-01-20,Công ty Cổ phần Xây dựng và Năng lượng VCP,Quốc gia,,Điện,Công cụ nợ,Lần đầu,A-,7.0,Ổn định,False,False,False,False,,VCP12501,,,,,,https://fiinratings.vn/vi/ratings-fr/cong-ty-co-phan-xay-dung-va-nang-luong-vcp-id3865.html,3865.0,,XHTN Công cụ nợ,XHTN Lần đầu,A-,Ổn định,2026-09-20 08:47:39,fiinratings_xhtn_20260920.csv
FiinRatings,15/01/2026,2026-01-15,Ngân hàng Thương mại Cổ phần Quốc tế Việt Nam,Quốc gia,,Ngân hàng,Tổ chức phát hành,Cập nhật,A+,5.0,Ổn định,False,False,False,False,,,,,,,,https://fiinratings.vn/vi/ratings-fr/ngan-hang-thuong-aại-co-phan-qaoc-te-viet-naa-id4062.html,4062.0,,XHTN Tổ chức phát hành,Cập nhật kết quả XHTN,A+,Ổn định,2026-09-20 08:47:39,fiinratings_xhtn_20260920.csv
Saigon Ratings,14/01/2026,2026-01-14,Công ty Cổ phần Mua bán nợ và Quản lý tài sản HDBank,Quốc gia,,Dịch vụ mua bán nợ,Tổ chức phát hành,Giám sát,BBB,9.0,Ổn định,False,False,False,False,,,,,https://saigonratings.com/giam-sat-xep-hang-ctcp-mua-ban-no-va-quan-ly-tai-san-hdbank-nam-2026/,,,,,,Tổ chức phát hành,Giám sát Xếp hạng,vnBBB,Ổn định,2026-09-20 08:47:49,saigonratings_xhtn_20260920.csv
FiinRatings,10/01/2026,2026-01-10,Công ty Cổ phần Vinhomes,Quốc gia,,Bất động sản,Công cụ nợ,Lần đầu,A,6.0,Ổn định,False,False,False,False,,VHM12503,,,,,,https://fiinratings.vn/vi/ratings-fr/cong-ty-co-phan-vinhoaes-id3439.html,3439.0,,XHTN Công cụ nợ,XHTN Lần đầu,A,Ổn định,2026-09-20 08:47:39,fiinratings_xhtn_20260920.csv
Saigon Ratings,10/01/2026,2026-01-10,Công ty Cổ phần Đầu tư Tiền Phong Thái Bình,Quốc gia,,Phát triển Bất động sản,Tổ chức phát hành,Giám sát,BB,12.0,Ổn định,True,False,False,False,,,,,https://saigonratings.com/gsxh6t-tien-phong-thai-binh-2026/,,,,,,Tổ chức phát hành,Giám sát Xếp hạng (hết hạn),vnBB,Ổn định,2026-09-20 08:47:49,saigonratings_xhtn_20260920.csv
VIS Rating,07/01/2026,2026-01-07,Ngân hàng TMCP Việt Á,Quốc gia,Định chế tài chính,,Công cụ nợ,Kết thúc,WR,,,True,False,False,False,Đã rút xếp hạng,VABLH2431002,Dài hạn,,https://visrating.com/ket-qua-xep-hang-tin-nhiem/bao-cao/visrating-vab-tp-ket-thuc-xh-07012026-pdf.107.html,https://visrating.com/rating-results/report/visrating-vab-bond-withdrawal-07012026-pdf.107.html,,https://visrating.com/ket-qua-xep-hang-tin-nhiem/to-chuc/ngan-hang-tmcp-viet-a.12.html,12.0,Định chế tài chính,Công cụ nợ,Kết thúc,WR,,2026-09-20 08:47:45,visrating_xhtn_20260920.csv
VIS Rating,06/01/2026,2026-01-06,Công ty Cổ phần Tập đoàn Gelex,Quốc gia,Doanh nghiệp,,Tổ chức phát hành,Thay đổi triển vọng,A,6.0,Tích cực,False,False,False,False,,,Dài hạn,,https://visrating.com/ket-qua-xep-hang-tin-nhiem/bao-cao/20260106_gex_rating-announcement_vn-pdf.131.html,https://visrating.com/rating-results/report/20260106_gex_rating-announcement_en-pdf.131.html,,https://visrating.com/ket-qua-xep-hang-tin-nhiem/to-chuc/cong-ty-co-phan-tap-doan-gelex.7.html,7.0,Doanh nghiệp,Doanh nghiệp,Thay đổi triển vọng,A,Tích cực,2026-09-20 08:47:45,visrating_xhtn_20260920.csv
FiinRatings,31/12/2025,2025-12-31,Công ty Cổ phần Chứng khoán Kỹ Thương,Quốc gia,,Dịch vụ tài chính,Tổ chức phát hành,Cập nhật,AA-,4.0,Ổn định,False,False,False,False,,,,,,,,https://fiinratings.vn/vi/ratings-fr/cong-ty-co-phan-chung-khoan-ky-thuong-id3843.html,3843.0,,XHTN Tổ chức phát hành,Cập nhật kết quả XHTN,AA-,Ổn định,2026-09-20 08:47:39,fiinratings_xhtn_20260920.csv
Saigon Ratings,31/12/2025,2025-12-31,Công Ty Cổ phần Địa Ốc Phú Long,Quốc gia,,Phát triển Bất động sản,Tổ chức phát hành,Giám sát,,,,False,False,True,False,,,,,https://saigonratings.com/gsxhtn-phu_long-2026/,,,,,,Tổ chức phát hành,Giám sát Xếp hạng,Bảo mật,Bảo mật,2026-09-20 08:47:49,saigonratings_xhtn_20260920.csv
Saigon Ratings,31/12/2025,2025-12-31,Công ty Cổ phần Đầu tư Hà Phú Riverland,Quốc gia,,Phát triển Bất động sản,Tổ chức phát hành,Lần đầu,,,,False,False,True,False,,,,,https://saigonratings.com/xhtn-ha-phu-2025/,,,,,,Tổ chức phát hành,Xếp hạng lần đầu,Bảo mật,Bảo mật,2026-09-20 08:47:49,saigonratings_xhtn_20260920.csv
Saigon Ratings,31/12/2025,2025-12-31,Công ty Cổ phần Đầu tư Hạ tầng Kỹ thuật TPHCM (CII),Quốc gia,,Hạ tầng kỹ thuật,Công cụ nợ,Lần đầu,AA-,4.0,Ổn định,False,False,False,False,,CII12504,,,https://saigonratings.com/xhtn-tp-cii12504-2025/,,,,,,Công cụ nợ,Xếp hạng lần đầu,vnAA-,Ổn định,2026-09-20 08:47:49,saigonratings_xhtn_20260920.csv
Saigon Ratings,31/12/2025,2025-12-31,Công ty Cổ phần Đầu tư Hạ tầng Kỹ thuật TPHCM (CII),Quốc gia,,Hạ tầng kỹ thuật,Công cụ nợ,Lần đầu,A+,5.0,Ổn định,False,False,False,False,,CII12503,,,https://saigonratings.com/ket-qua-xep-hang-tin-nhiem-lan-dau-trai-phieu-cii12503/,,,,,,Công cụ nợ,Xếp hạng lần đầu,vnA+,Ổn định,2026-09-20 08:47:49,saigonratings_xhtn_20260920.csv
Saigon Ratings,31/12/2025,2025-12-31,Công ty Cổ phần Đầu tư Phong Phú,Quốc gia,,Phát triển Bất động sản,Tổ chức phát hành,Lần đầu,,,,False,False,True,False,,,,,https://saigonratings.com/xhtn-phong-phu-2025/,,,,,,Tổ chức phát hành,Xếp hạng lần đầu,Bảo mật,Bảo mật,2026-09-20 08:47:49,saigonratings_xhtn_20260920.csv
VIS Rating,31/12/2025,2025-12-31,Công ty Cổ phần Chứng khoán AIS,Quốc gia,Định chế tài chính,,Tổ chức phát hành,Giám sát,A-,7.0,Ổn định,False,False,False,False,,,Dài hạn,,,,,https://visrating.com/ket-qua-xep-hang-tin-nhiem/to-chuc/cong-ty-co-phan-chung-khoan-ais.18.html,18.0,Định chế tài chính,Doanh nghiệp,Giám sát theo dõi,A-,Ổn định,2026-09-20 08:47:45,visrating_xhtn_20260920.csv
FiinRatings,30/12/2025,2025-12-30,Tổng Công ty Cổ phần Đầu tư Phát triển Xây dựng,Quốc gia,,Bất động sản,Tổ chức phát hành,Cập nhật,BBB-,10.0,Ổn định,False,False,False,False,,,,,,,,https://fiinratings.vn/vi/ratings-fr/tong-cong-ty-co-phan-daa-tu-phat-trien-xay-dung-id2623.html,2623.0,,XHTN Tổ chức phát hành,Cập nhật kết quả XHTN,BBB-,Ổn định,2026-09-20 08:47:39,fiinratings_xhtn_20260920.csv
FiinRatings,25/12/2025,2025-12-25,Công ty Cổ Phần Dược Aikya,Quốc gia,,Dược phẩm và Y tế,Tổ chức phát hành,Lần đầu,BBB,9.0,Ổn định,False,False,False,False,,,,,,,,https://fiinratings.vn/vi/ratings-fr/cong-ty-co-phan-duoc-aikya-id6760.html,6760.0,,XHTN Tổ chức phát hành,XHTN Lần đầu,BBB,Ổn định,2026-09-20 08:47:39,fiinratings_xhtn_20260920.csv
Saigon Ratings,25/12/2025,2025-12-25,Công ty Cổ phần Đầu tư Hạ tầng Kỹ thuật TPHCM (CII),Quốc gia,,Hạ tầng kỹ thuật,Công cụ nợ,Giám sát,A+,5.0,Ổn định,True,False,False,False,,CII425001,,,https://saigonratings.com/gsxh6t-tp-cii-2025/,,,,,,Công cụ nợ,Giám sát Xếp hạng (hết hạn),vnA+,Ổn định,2026-09-20 08:47:49,saigonratings_xhtn_20260920.csv
TMR,25/12/2025,2025-12-25,Công ty Cổ phần Phát triển điện Nậm Chiến,Quốc gia,Doanh nghiệp,,Tổ chức phát hành,Lần đầu,A,6.0,Ổn định,False,False,False,False,,,,,https://tmr.vn/wp-content/uploads/2025/12/RN0002-01-202512-Nam-Chien-da-ky.pdf,,,,,Doanh nghiệp,Tổ chức phát hành,Xếp hạng lần đầu,A,Ổn định,2026-09-20 08:47:54,tmr_xhtn_20260920.csv
TMR,25/12/2025,2025-12-25,Công ty Cổ phần Thủy điện Sông Quang,Quốc gia,Doanh nghiệp,,Tổ chức phát hành,Lần đầu,A-,7.0,Ổn định,False,False,False,False,,,,,https://tmr.vn/wp-content/uploads/2025/12/RN0003-01-202512-Song-Quang-Da-ky.pdf,,,,,Doanh nghiệp,Tổ chức phát hành,Xếp hạng lần đầu,A-,Ổn định,2026-09-20 08:47:54,tmr_xhtn_20260920.csv
VIS Rating,24/12/2025,2025-12-24,Công ty Cổ phần Nước Aqua One,Quốc gia,Doanh nghiệp,,Công cụ nợ,Lần đầu,BBB+,8.0,Ổn định,False,False,False,False,,AQ112501,Dài hạn,,https://visrating.com/ket-qua-xep-hang-tin-nhiem/bao-cao/20251224_aquaone_bond_rating_announcement_vn.143.html,https://visrating.com/rating-results/report/20251224_aquaone_bond_rating_announcement_en.143.html,,https://visrating.com/ket-qua-xep-hang-tin-nhiem/to-chuc/cong-ty-co-phan-nuoc-aqua-one.33.html,33.0,Doanh nghiệp,Công cụ nợ,Xếp hạng lần đầu,BBB+,Ổn định,2026-09-20 08:47:45,visrating_xhtn_20260920.csv
VIS Rating,24/12/2025,2025-12-24,Công ty Cổ phần Nước Aqua One,Quốc gia,Doanh nghiệp,,Tổ chức phát hành,Lần đầu,BBB+,8.0,Ổn định,False,False,False,False,,,Dài hạn,,https://visrating.com/ket-qua-xep-hang-tin-nhiem/bao-cao/20251224_aquaone_rating_announcement_vn-pdf.98.html,https://visrating.com/rating-results/report/20251224_aquaone_rating_announcement_en-pdf.98.html,,https://visrating.com/ket-qua-xep-hang-tin-nhiem/to-chuc/cong-ty-co-phan-nuoc-aqua-one.33.html,33.0,Doanh nghiệp,Doanh nghiệp,Xếp hạng lần đầu,BBB+,Ổn định,2026-09-20 08:47:45,visrating_xhtn_20260920.csv
VIS Rating,24/12/2025,2025-12-24,Công ty Cổ phần Tập đoàn Trường Hải,Quốc gia,Doanh nghiệp,,Tổ chức phát hành,Lần đầu,A-,7.0,Ổn định,False,False,False,False,,,Dài hạn,,https://visrating.com/ket-qua-xep-hang-tin-nhiem/bao-cao/20251224_thaco_rating_announcement_vn-pdf.100.html,https://visrating.com/rating-results/report/20251224_thaco_rating_announcement_en-pdf.100.html,,https://visrating.com/ket-qua-xep-hang-tin-nhiem/to-chuc/cong-ty-co-phan-tap-doan-truong-hai.41.html,41.0,Doanh nghiệp,Doanh nghiệp,Xếp hạng lần đầu,A-,Ổn định,2026-09-20 08:47:45,visrating_xhtn_20260920.csv
VIS Rating,23/12/2025,2025-12-23,Công ty Cổ phần VinaLiving Holdings,Quốc gia,Doanh nghiệp,,Tổ chức phát hành,Lần đầu,BBB+,8.0,Ổn định,False,False,False,False,,,Dài hạn,,https://visrating.com/ket-qua-xep-hang-tin-nhiem/bao-cao/2025_vinaliving_rating_announcement_vn-pdf.97.html,https://visrating.com/rating-results/report/2025_vinaliving_rating_announcement_en-pdf.97.html,,https://visrating.com/ket-qua-xep-hang-tin-nhiem/to-chuc/cong-ty-co-phan-vinaliving-holdings.40.html,40.0,Doanh nghiệp,Doanh nghiệp,Xếp hạng lần đầu,BBB+,Ổn định,2026-09-20 08:47:45,visrating_xhtn_20260920.csv
FiinRatings,20/12/2025,2025-12-20,Công ty Cổ phần Đầu tư và Phát triển Du lịch Phú Quốc,Quốc gia,,Bất động sản,Tổ chức phát hành,Cập nhật,BB-,13.0,Ổn định,False,False,False,False,,,,,,,,https://fiinratings.vn/vi/ratings-fr/cong-ty-co-phan-daa-tu-va-phat-trien-da-lich-phu-qaoc-id5232.html,5232.0,,XHTN Tổ chức phát hành,Cập nhật kết quả XHTN,BB-,Ổn định,2026-09-20 08:47:39,fiinratings_xhtn_20260920.csv
FiinRatings,18/12/2025,2025-12-18,Ngân hàng Thương mại Cổ phần Hàng Hải Việt Nam,Quốc gia,,Ngân hàng,Tổ chức phát hành,Cập nhật,A,6.0,Ổn định,False,False,False,False,,,,,,,,https://fiinratings.vn/vi/ratings-fr/ngan-hang-thuong-aại-co-phan-hang-hai-viet-naa-id3375.html,3375.0,,XHTN Tổ chức phát hành,Cập nhật kết quả XHTN,A,Ổn định,2026-09-20 08:47:39,fiinratings_xhtn_20260920.csv
Saigon Ratings,18/12/2025,2025-12-18,Công ty TNHH Đầu tư và Phát triển Bất động sản Phát Đạt,Quốc gia,,Phát triển Bất động sản,Tổ chức phát hành,Lần đầu,BB+,11.0,Ổn định,False,False,False,False,,,,,https://saigonratings.com/xhtn-phat_dat-2025/,,,,,,Tổ chức phát hành,Xếp hạng lần đầu,vnBB+,Ổn định,2026-09-20 08:47:49,saigonratings_xhtn_20260920.csv
Saigon Ratings,17/12/2025,2025-12-17,Công ty Cổ phần Đầu tư Địa ốc Đại Quang Minh,Quốc gia,,Phát triển Bất động sản,Tổ chức phát hành,Lần đầu,A,6.0,Ổn định,False,False,False,False,,,,,https://saigonratings.com/xhtn-dai_quang_minh-2025/,,,,,,Tổ chức phát hành,Xếp hạng lần đầu,vnA,Ổn định,2026-09-20 08:47:49,saigonratings_xhtn_20260920.csv
VIS Rating,17/12/2025,2025-12-17,Công ty Cổ phần Chứng khoán BIDV,Quốc gia,Định chế tài chính,,Tổ chức phát hành,Lần đầu,A+,5.0,Ổn định,False,False,False,False,,,Dài hạn,,https://visrating.com/ket-qua-xep-hang-tin-nhiem/bao-cao/202512-bsi-bao-cao-xhtn-pdf.93.html,https://visrating.com/rating-results/report/202512-bsi-rating-announcement-pdf.93.html,,https://visrating.com/ket-qua-xep-hang-tin-nhiem/to-chuc/cong-ty-co-phan-chung-khoan-bidv.39.html,39.0,Định chế tài chính,Doanh nghiệp,Xếp hạng lần đầu,A+,Ổn định,2026-09-20 08:47:45,visrating_xhtn_20260920.csv
Saigon Ratings,16/12/2025,2025-12-16,Công ty Cổ phần Tập đoàn Khải Hoàn Land,Quốc gia,,Dịch vụ - Phát triển Bất động sản,Tổ chức phát hành,Giám sát,BBB-,10.0,Ổn định,False,False,False,False,,,,,https://saigonratings.com/gsxh6t-khai_hoan_land-2025/,,,,,,Tổ chức phát hành,Giám sát Xếp hạng,vnBBB-,Ổn định,2026-09-20 08:47:49,saigonratings_xhtn_20260920.csv
VIS Rating,16/12/2025,2025-12-16,Công ty Cổ phần Chứng khoán Thiên Việt,Quốc gia,Định chế tài chính,,Tổ chức phát hành,Lần đầu,A-,7.0,Ổn định,False,False,False,False,,,Dài hạn,,https://visrating.com/ket-qua-xep-hang-tin-nhiem/bao-cao/visrating-tvs-bao-cao-kqxhtn-16122025vn-pdf.92.html,https://visrating.com/rating-results/report/visrating-tvs-rating-announcement-16122025en-pdf.92.html,,https://visrating.com/ket-qua-xep-hang-tin-nhiem/to-chuc/cong-ty-cp-phan-chung-khoan-thien-viet.36.html,36.0,Định chế tài chính,Doanh nghiệp,Xếp hạng lần đầu,A-,Ổn định,2026-09-20 08:47:45,visrating_xhtn_20260920.csv
FiinRatings,15/12/2025,2025-12-15,Công ty Cổ phần Xây dựng và Năng lượng VCP,Quốc gia,,Điện,Tổ chức phát hành,Lần đầu,A-,7.0,Ổn định,False,False,False,False,,,,,,,,https://fiinratings.vn/vi/ratings-fr/cong-ty-co-phan-xay-dung-va-nang-luong-vcp-id3865.html,3865.0,,XHTN Tổ chức phát hành,XHTN Lần đầu,A-,Ổn định,2026-09-20 08:47:39,fiinratings_xhtn_20260920.csv
FiinRatings,14/12/2025,2025-12-14,Công ty Cổ phần Xây dựng Coteccons,Quốc gia,,Xây dựng,Tổ chức phát hành,Cập nhật,BBB+,8.0,Ổn định,False,False,False,False,,,,,,,,https://fiinratings.vn/vi/ratings-fr/cong-ty-co-phan-xay-dung-coteccons-id2564.html,2564.0,,XHTN Tổ chức phát hành,Cập nhật kết quả XHTN,BBB+,Ổn định,2026-09-20 08:47:39,fiinratings_xhtn_20260920.csv
Saigon Ratings,12/12/2025,2025-12-12,Công ty Cổ phần Crystal Bay Việt Nam,Quốc gia,,Dịch vụ du lịch lữ hành,Tổ chức phát hành,Giám sát,BB,12.0,Tiêu cực,False,False,False,False,,,,,https://saigonratings.com/gsxh6t-crystalbay-2025/,,,,,,Tổ chức phát hành,Giám sát Xếp hạng,vnBB,Không thuận lợi,2026-09-20 08:47:49,saigonratings_xhtn_20260920.csv
VIS Rating,12/12/2025,2025-12-12,Công ty Tài chính tín dụng tiêu dùng TNHH MB Shinsei,Quốc gia,Định chế tài chính,,Tổ chức phát hành,Giám sát,A-,7.0,Ổn định,False,False,False,False,,,Dài hạn,,,,,https://visrating.com/ket-qua-xep-hang-tin-nhiem/to-chuc/cong-ty-tai-chinh-tin-dung-tieu-dung-tnhh-mb-shinsei.17.html,17.0,Định chế tài chính,Doanh nghiệp,Giám sát theo dõi,A-,Ổn định,2026-09-20 08:47:45,visrating_xhtn_20260920.csv
VIS Rating,12/12/2025,2025-12-12,Ngân hàng TMCP Việt Á,Quốc gia,Định chế tài chính,,Công cụ nợ,Giám sát,BBB+,8.0,Ổn định,False,False,False,False,,VABLH2431002,Dài hạn,,,,,https://visrating.com/ket-qua-xep-hang-tin-nhiem/to-chuc/ngan-hang-tmcp-viet-a.12.html,12.0,Định chế tài chính,Công cụ nợ,Giám sát theo dõi,BBB+,Ổn định,2026-09-20 08:47:45,visrating_xhtn_20260920.csv
VIS Rating,12/12/2025,2025-12-12,Ngân hàng TMCP Việt Á,Quốc gia,Định chế tài chính,,Công cụ nợ,Giám sát,BBB+,8.0,Ổn định,False,False,False,False,,VABCLH2330001,Dài hạn,,,,,https://visrating.com/ket-qua-xep-hang-tin-nhiem/to-chuc/ngan-hang-tmcp-viet-a.12.html,12.0,Định chế tài chính,Công cụ nợ,Giám sát theo dõi,BBB+,Ổn định,2026-09-20 08:47:45,visrating_xhtn_20260920.csv
VIS Rating,12/12/2025,2025-12-12,Ngân hàng TMCP Việt Á,Quốc gia,Định chế tài chính,,Công cụ nợ,Giám sát,BBB+,8.0,Ổn định,False,False,False,False,,VABCLH2431001,Dài hạn,,,,,https://visrating.com/ket-qua-xep-hang-tin-nhiem/to-chuc/ngan-hang-tmcp-viet-a.12.html,12.0,Định chế tài chính,Công cụ nợ,Giám sát theo dõi,BBB+,Ổn định,2026-09-20 08:47:45,visrating_xhtn_20260920.csv
FiinRatings,11/12/2025,2025-12-11,Ngân hàng Thương mại Cổ phần Ngoại thương Việt Nam,Quốc gia,,Ngân hàng,Tổ chức phát hành,Lần đầu,AAA,1.0,Ổn định,False,False,False,False,,,,,,,,https://fiinratings.vn/vi/ratings-fr/ngan-hang-thuong-aại-co-phan-ngoại-thuong-viet-naa-id4143.html,4143.0,,XHTN Tổ chức phát hành,XHTN Lần đầu,AAA,Ổn định,2026-09-20 08:47:39,fiinratings_xhtn_20260920.csv
FiinRatings,11/12/2025,2025-12-11,Ngân hàng Thương mại Cổ phần Ngoại thương Việt Nam,Quốc gia,,Ngân hàng,Công cụ nợ,Lần đầu,AAA,1.0,Ổn định,False,False,False,False,,VCB12501,,,,,,https://fiinratings.vn/vi/ratings-fr/ngan-hang-thuong-aại-co-phan-ngoại-thuong-viet-naa-id4143.html,4143.0,,XHTN Công cụ nợ,XHTN Lần đầu,AAA,Ổn định,2026-09-20 08:47:39,fiinratings_xhtn_20260920.csv
S&I Ratings,10/12/2025,2025-12-10,Công ty Cổ phần Chứng khoán DNSE,Quốc gia,Định chế tài chính,Chứng khoán,,Giám sát,BBB,9.0,Ổn định,False,False,False,False,,,,,,,,https://sniratings.com.vn/?rating=cong-ty-co-phan-chung-khoan-dnse-2,5258.0,Tổ chức tài chính,,Giám sát Xếp hạng,BBB,Ổn định,2026-09-20 08:47:55,sniratings_xhtn_20260920.csv
S&I Ratings,10/12/2025,2025-12-10,Công ty Cổ phần Tập đoàn Đất Xanh,Quốc gia,Doanh nghiệp,Bất động sản,Tổ chức phát hành,Lần đầu,BBB+,8.0,Tích cực,False,False,False,False,,,,,https://sni-rating.s3.ap-southeast-1.amazonaws.com/wp-content/uploads/2025/12/11142639/DXG-Public.pdf,,https://sni-rating.s3.ap-southeast-1.amazonaws.com/wp-content/uploads/2025/12/11091425/DXG-Rating-Report.pdf,https://sniratings.com.vn/?rating=cong-ty-co-phan-tap-doan-dat-xanh,5262.0,Doanh nghiệp,Tổ chức phát hành,Lần đầu,BBB+,Tích cực,2026-09-20 08:47:55,sniratings_xhtn_20260920.csv
VIS Rating,09/12/2025,2025-12-09,Công ty Cổ phần Tasco,Quốc gia,Doanh nghiệp,,Tổ chức phát hành,Cập nhật,BBB+,8.0,Ổn định,False,False,False,False,,,Dài hạn,,https://visrating.com/ket-qua-xep-hang-tin-nhiem/bao-cao/202512_hut_rating_announcement_vn-pdf.91.html,https://visrating.com/rating-results/report/202512_hut_rating_announcement_en-pdf.91.html,,https://visrating.com/ket-qua-xep-hang-tin-nhiem/to-chuc/cong-ty-co-phan-tasco.8.html,8.0,Doanh nghiệp,Doanh nghiệp,Cập nhật,BBB+,Ổn định,2026-09-20 08:47:45,visrating_xhtn_20260920.csv
FiinRatings,08/12/2025,2025-12-08,Công ty Cổ phần Chứng khoán Quốc Gia,Quốc gia,,Dịch vụ tài chính,Tổ chức phát hành,Lần đầu,BB+,11.0,Ổn định,False,False,False,False,,,,,,,,https://fiinratings.vn/vi/ratings-fr/cong-ty-co-phan-chung-khoan-qaoc-gia-id3518.html,3518.0,,XHTN Tổ chức phát hành,XHTN Lần đầu,BB+,Ổn định,2026-09-20 08:47:39,fiinratings_xhtn_20260920.csv
FiinRatings,08/12/2025,2025-12-08,Công ty Cổ phần Năng lượng Tái tạo Trung Nam,Quốc gia,,Điện,Tổ chức phát hành,Lần đầu,CCC,18.0,Tiêu cực,False,False,False,False,,,,,,,,https://fiinratings.vn/vi/ratings-fr/cong-ty-co-phan-nang-luong-tai-tạo-trang-naa-id12684.html,12684.0,,XHTN Tổ chức phát hành,XHTN Lần đầu,CCC,Không thuận lợi,2026-09-20 08:47:39,fiinratings_xhtn_20260920.csv
Saigon Ratings,08/12/2025,2025-12-08,Công ty Cổ phần Thuận Đức,Quốc gia,,Bao bì,Tổ chức phát hành,Giám sát,BBB,9.0,Ổn định,False,False,False,False,,,,,https://saigonratings.com/gsxh-thuan-duc-2025/,,,,,,Tổ chức phát hành,Giám sát Xếp hạng,vnBBB,Ổn định,2026-09-20 08:47:49,saigonratings_xhtn_20260920.csv
Saigon Ratings,08/12/2025,2025-12-08,Công ty TNHH Mặt trời Hòa Bình,Quốc gia,,Phát triển Bất động sản,Tổ chức phát hành,Lần đầu,BBB,9.0,Ổn định,False,False,False,False,,,,,https://saigonratings.com/xhtn-mt_hoa_binh_2025/,,,,,,Tổ chức phát hành,Xếp hạng lần đầu,vnBBB,Ổn định,2026-09-20 08:47:49,saigonratings_xhtn_20260920.csv
FiinRatings,05/12/2025,2025-12-05,Công Ty Cổ Phần Tập Đoàn Nhựa Bình Thuận,Quốc gia,,Nhựa,Công cụ nợ,Lần đầu,AAA,1.0,Ổn định,False,False,False,False,,BP112501,,,,,,https://fiinratings.vn/vi/ratings-fr/cong-ty-co-phan-tap-doan-nhua-binh-thaan-id556880.html,556880.0,,XHTN Công cụ nợ,XHTN Lần đầu,AAA,Ổn định,2026-09-20 08:47:39,fiinratings_xhtn_20260920.csv
FiinRatings,05/12/2025,2025-12-05,Công ty Cổ phần Vinhomes,Quốc gia,,Bất động sản,Tổ chức phát hành,Lần đầu,A,6.0,Ổn định,False,False,False,False,,,,,,,,https://fiinratings.vn/vi/ratings-fr/cong-ty-co-phan-vinhoaes-id3439.html,3439.0,,XHTN Tổ chức phát hành,XHTN Lần đầu,A,Ổn định,2026-09-20 08:47:39,fiinratings_xhtn_20260920.csv
VIS Rating,05/12/2025,2025-12-05,Công ty Cổ phần Tasco,Quốc gia,Doanh nghiệp,,Tổ chức phát hành,Giám sát,BBB+,8.0,Ổn định,False,False,False,False,,,Dài hạn,,,,,https://visrating.com/ket-qua-xep-hang-tin-nhiem/to-chuc/cong-ty-co-phan-tasco.8.html,8.0,Doanh nghiệp,Doanh nghiệp,Giám sát theo dõi,BBB+,Ổn định,2026-09-20 08:47:45,visrating_xhtn_20260920.csv
VIS Rating,05/12/2025,2025-12-05,Công ty Cổ phần Tổng Công ty Cổ phần Địa ốc Sài Gòn,Quốc gia,Doanh nghiệp,,Tổ chức phát hành,Lần đầu,BBB+,8.0,Ổn định,False,False,False,False,,,Dài hạn,,https://visrating.com/ket-qua-xep-hang-tin-nhiem/bao-cao/2025_sgr_rating_announcement_vn-pdf.89.html,https://visrating.com/rating-results/report/2025_sgr_rating_announcement_en-pdf.89.html,,https://visrating.com/ket-qua-xep-hang-tin-nhiem/to-chuc/cong-ty-co-phan-tong-cong-ty-co-phan-dia-oc-sai-gon.35.html,35.0,Doanh nghiệp,Doanh nghiệp,Xếp hạng lần đầu,BBB+,Ổn định,2026-09-20 08:47:45,visrating_xhtn_20260920.csv
FiinRatings,04/12/2025,2025-12-04,Công ty TNHH Nước sạch Hòa Bình - Xuân Mai,Quốc gia,,Nước và tiện ích,Công cụ nợ,Cập nhật,AAA,1.0,Ổn định,False,False,False,False,,HBXCH2444001,,,,,,https://fiinratings.vn/vi/ratings-fr/cong-ty-tnhh-nuoc-sạch-hoa-binh---xaan-mai-id1881003.html,1881003.0,,XHTN Công cụ nợ,Cập nhật kết quả XHTN,AAA,Ổn định,2026-09-20 08:47:39,fiinratings_xhtn_20260920.csv
Saigon Ratings,04/12/2025,2025-12-04,Công ty Cổ phần Dịch vụ Cao ốc Masterise Lumiere Office,Quốc gia,,Phát triển Bất động sản,Tổ chức phát hành,Giám sát,,,,False,False,True,False,,,,,https://saigonratings.com/gsxh6m-mlo-2025/,,,,,,Tổ chức phát hành,Giám sát Xếp hạng,Bảo mật,Bảo mật,2026-09-20 08:47:49,saigonratings_xhtn_20260920.csv
FiinRatings,01/12/2025,2025-12-01,Công Ty Cổ Phần Tập Đoàn Nhựa Bình Thuận,Quốc gia,,Nhựa,Tổ chức phát hành,Lần đầu,BBB-,10.0,Ổn định,False,False,False,False,,,,,,,,https://fiinratings.vn/vi/ratings-fr/cong-ty-co-phan-tap-doan-nhua-binh-thaan-id556880.html,556880.0,,XHTN Tổ chức phát hành,XHTN Lần đầu,BBB-,Ổn định,2026-09-20 08:47:39,fiinratings_xhtn_20260920.csv
VIS Rating,01/12/2025,2025-12-01,Công ty Cổ phần Chứng khoán VPBank,Quốc gia,Định chế tài chính,,Tổ chức phát hành,Lần đầu,A,6.0,Ổn định,False,False,False,False,,,Dài hạn,,https://visrating.com/ket-qua-xep-hang-tin-nhiem/bao-cao/202511-rating-announcement-vpbanks-vn-pdf.88.html,https://visrating.com/rating-results/report/202511-rating-announcement-vpbanks-en-pdf.88.html,,https://visrating.com/ket-qua-xep-hang-tin-nhiem/to-chuc/cong-ty-co-phan-chung-khoan-vpbank.23.html,23.0,Định chế tài chính,Doanh nghiệp,Xếp hạng lần đầu,A,Ổn định,2026-09-20 08:47:45,visrating_xhtn_20260920.csv
S&I Ratings,28/11/2025,2025-11-28,Công ty Cổ phần Công nghệ Tài chính Encapital,Quốc gia,Doanh nghiệp,Công nghệ thông tin,Tổ chức phát hành,Lần đầu,BBB,9.0,Ổn định,False,False,False,False,,,,,https://sni-rating.s3.ap-southeast-1.amazonaws.com/wp-content/uploads/2025/12/01133207/CBTT_XHTN_SI-ENCAP.pdf,,,https://sniratings.com.vn/?rating=cong-ty-co-phan-cong-nghe-tai-chinh-encapital,5239.0,Doanh nghiệp,Tổ chức phát hành,Lần đầu,BBB,Ổn định,2026-09-20 08:47:55,sniratings_xhtn_20260920.csv
FiinRatings,27/11/2025,2025-11-27,Công ty Cổ phần Chứng khoán Dầu khí,Quốc gia,,Dịch vụ tài chính,Tổ chức phát hành,Cập nhật,BB+,11.0,Ổn định,False,False,False,False,,,,,,,,https://fiinratings.vn/vi/ratings-fr/cong-ty-co-phan-chung-khoan-daa-khi-id3658.html,3658.0,,XHTN Tổ chức phát hành,Cập nhật kết quả XHTN,BB+,Ổn định,2026-09-20 08:47:39,fiinratings_xhtn_20260920.csv
Saigon Ratings,26/11/2025,2025-11-26,Công ty Cổ phần Khu công nghiệp Thành Thành Công (TTC IZ),Quốc gia,,Cho thuê Bất động sản,Tổ chức phát hành,Giám sát,A,6.0,Ổn định,False,False,False,False,,,,,https://saigonratings.com/gsxh6t-ttciz-2025/,,,,,,Tổ chức phát hành,Giám sát Xếp hạng,vnA,Ổn định,2026-09-20 08:47:49,saigonratings_xhtn_20260920.csv
Saigon Ratings,25/11/2025,2025-11-25,Công Ty Cổ Phần Đầu Tư Và Phát Triển Newco,Quốc gia,,Phát triển Bất động sản,Tổ chức phát hành,Giám sát,BB-,13.0,Ổn định,False,False,False,False,,,,,https://saigonratings.com/gsxh-newco-2025/,,,,,,Tổ chức phát hành,Giám sát Xếp hạng,vnBB-,Ổn định,2026-09-20 08:47:49,saigonratings_xhtn_20260920.csv
Saigon Ratings,25/11/2025,2025-11-25,Công Ty TNHH Dịch Vụ Thương Mại Tổng Hợp An Thịnh,Quốc gia,,Phát triển Bất động sản,Tổ chức phát hành,Giám sát,BB,12.0,Ổn định,False,False,False,False,,,,,https://saigonratings.com/gsxhtn-an_thinh-2025/,,,,,,Tổ chức phát hành,Giám sát Xếp hạng,vnBB,Ổn định,2026-09-20 08:47:49,saigonratings_xhtn_20260920.csv
Saigon Ratings,21/11/2025,2025-11-21,Công ty TNHH Liên doanh Đầu tư Xây dựng Tam Trinh,Quốc gia,,Phát triển Bất động sản,Tổ chức phát hành,Lần đầu,BB-,13.0,Ổn định,False,False,False,False,,,,,https://saigonratings.com/xhtn-tamtrinh-2025/,,,,,,Tổ chức phát hành,Xếp hạng lần đầu,vnBB-,Ổn định,2026-09-20 08:47:49,saigonratings_xhtn_20260920.csv
VIS Rating,21/11/2025,2025-11-21,Ngân hàng TMCP Tiên Phong,Quốc gia,Định chế tài chính,,Tổ chức phát hành,Giám sát,AA-,4.0,Ổn định,False,False,False,False,,,Dài hạn,,,,,https://visrating.com/ket-qua-xep-hang-tin-nhiem/to-chuc/ngan-hang-tmcp-tien-phong.4.html,4.0,Định chế tài chính,Doanh nghiệp,Giám sát theo dõi,AA-,Ổn định,2026-09-20 08:47:45,visrating_xhtn_20260920.csv
Saigon Ratings,20/11/2025,2025-11-20,Công ty Cổ phần Đầu tư Hạ tầng Kỹ thuật TPHCM (CII),Quốc gia,,Hạ tầng kỹ thuật,Tổ chức phát hành,Giám sát,AA-,4.0,Ổn định,False,False,False,False,,,,,https://saigonratings.com/kqgsxh6t-cii-2025/,,,,,,Tổ chức phát hành,Giám sát Xếp hạng,vnAA-,Ổn định,2026-09-20 08:47:49,saigonratings_xhtn_20260920.csv
Saigon Ratings,18/11/2025,2025-11-18,Công ty Cổ phần Thương mại và Dịch vụ Quốc tế Thiso,Quốc gia,,Bán lẻ,Tổ chức phát hành,Lần đầu,A-,7.0,Ổn định,False,False,False,False,,,,,https://saigonratings.com/ket-qua-xep-hang-thiso-2025/,,,,,,Tổ chức phát hành,Xếp hạng lần đầu,vnA-,Ổn định,2026-09-20 08:47:49,saigonratings_xhtn_20260920.csv
Saigon Ratings,14/11/2025,2025-11-14,Công ty Cổ phần Tập đoàn Đầu tư I.P.A,Quốc gia,,Tổng Công ty Đầu tư,Tổ chức phát hành,Giám sát,A-,7.0,Ổn định,False,False,False,False,,,,,https://saigonratings.com/gsxh6t-ipa-2025/,,,,,,Tổ chức phát hành,Giám sát Xếp hạng,vnA-,Ổn định,2026-09-20 08:47:49,saigonratings_xhtn_20260920.csv
VIS Rating,14/11/2025,2025-11-14,Công ty Cổ phần Chứng khoán MB,Quốc gia,Định chế tài chính,,Tổ chức phát hành,Giám sát,A+,5.0,Ổn định,False,False,False,False,,,Dài hạn,,,,,https://visrating.com/ket-qua-xep-hang-tin-nhiem/to-chuc/cong-ty-co-phan-chung-khoan-mb.15.html,15.0,Định chế tài chính,Doanh nghiệp,Giám sát theo dõi,A+,Ổn định,2026-09-20 08:47:45,visrating_xhtn_20260920.csv
VIS Rating,14/11/2025,2025-11-14,Công ty Cổ phần Chứng khoán UP,Quốc gia,Định chế tài chính,,Tổ chức phát hành,Giám sát,BBB-,10.0,Ổn định,False,False,False,False,,,Dài hạn,,,,,https://visrating.com/ket-qua-xep-hang-tin-nhiem/to-chuc/cong-ty-co-phan-chung-khoan-up.14.html,14.0,Định chế tài chính,Doanh nghiệp,Giám sát theo dõi,BBB-,Ổn định,2026-09-20 08:47:45,visrating_xhtn_20260920.csv
VIS Rating,14/11/2025,2025-11-14,Công ty Cổ phần Chứng khoán VNDIRECT,Quốc gia,Định chế tài chính,,Tổ chức phát hành,Giám sát,A-,7.0,Ổn định,False,False,False,False,,,Dài hạn,,,,,https://visrating.com/ket-qua-xep-hang-tin-nhiem/to-chuc/cong-ty-co-phan-chung-khoan-vndirect.13.html,13.0,Định chế tài chính,Doanh nghiệp,Giám sát theo dõi,A-,Ổn định,2026-09-20 08:47:45,visrating_xhtn_20260920.csv
VIS Rating,14/11/2025,2025-11-14,Ngân hàng TMCP Phương Đông,Quốc gia,Định chế tài chính,,Tổ chức phát hành,Giám sát,A+,5.0,Ổn định,False,False,False,False,,,Dài hạn,,,,,https://visrating.com/ket-qua-xep-hang-tin-nhiem/to-chuc/ngan-hang-tmcp-phuong-dong.3.html,3.0,Định chế tài chính,Doanh nghiệp,Giám sát theo dõi,A+,Ổn định,2026-09-20 08:47:45,visrating_xhtn_20260920.csv
Fitch Ratings,13/11/2025,2025-11-13,ANZ Bank (Vietnam) Limited,Quốc tế,,,Tổ chức phát hành,Giữ nguyên,BB+,11.0,Ổn định,False,False,False,False,,,Dài hạn,Long Term Issuer Default Rating,,,,https://www.fitchratings.com/entity/anz-bank-vietnam-limited-96835456,96835456.0,,Tổ chức phát hành,Affirmed,BB+,Stable,2026-09-20 08:48:11,fitch_xhtn_20260920.csv
Fitch Ratings,13/11/2025,2025-11-13,HSBC Bank (Vietnam) Ltd.,Quốc tế,,,Tổ chức phát hành,Giữ nguyên,BB+,11.0,Ổn định,False,False,False,False,,,Dài hạn,Long Term Issuer Default Rating,,,,https://www.fitchratings.com/entity/hsbc-bank-vietnam-ltd-97450504,97450504.0,,Tổ chức phát hành,Affirmed,BB+,Stable,2026-09-20 08:48:11,fitch_xhtn_20260920.csv
Fitch Ratings,13/11/2025,2025-11-13,Standard Chartered Bank (Vietnam) Limited,Quốc tế,,,Tổ chức phát hành,Giữ nguyên,BB+,11.0,Ổn định,False,False,False,False,,,Dài hạn,Long Term Issuer Default Rating,,,,https://www.fitchratings.com/entity/standard-chartered-bank-vietnam-limited-97093538,97093538.0,,Tổ chức phát hành,Affirmed,BB+,Stable,2026-09-20 08:48:11,fitch_xhtn_20260920.csv
FiinRatings,11/11/2025,2025-11-11,Công ty TNHH Chứng khoán ACB,Quốc gia,,Dịch vụ tài chính,Tổ chức phát hành,Lần đầu,A,6.0,Ổn định,False,False,False,False,,,,,,,,https://fiinratings.vn/vi/ratings-fr/cong-ty-tnhh-chung-khoan-acb-id2738.html,2738.0,,XHTN Tổ chức phát hành,XHTN Lần đầu,A,Ổn định,2026-09-20 08:47:39,fiinratings_xhtn_20260920.csv
Fitch Ratings,10/11/2025,2025-11-10,Vietnam Technological and Commercial Joint Stock Bank,Quốc tế,,,Tổ chức phát hành,Lần đầu,BB-,13.0,Tích cực,False,False,False,False,,,Dài hạn,Long Term Issuer Default Rating,,,,https://www.fitchratings.com/entity/vietnam-technological-commercial-joint-stock-bank-97582606,97582606.0,,Tổ chức phát hành,Publish,BB-,Positive,2026-09-20 08:48:11,fitch_xhtn_20260920.csv
VIS Rating,08/11/2025,2025-11-08,Ngân hàng TMCP Lộc Phát Việt Nam,Quốc gia,Định chế tài chính,,Tổ chức phát hành,Giám sát,A+,5.0,Ổn định,False,False,False,False,,,Dài hạn,,,,,https://visrating.com/ket-qua-xep-hang-tin-nhiem/to-chuc/ngan-hang-tmcp-loc-phat-viet-nam.2.html,2.0,Định chế tài chính,Doanh nghiệp,Giám sát theo dõi,A+,Ổn định,2026-09-20 08:47:45,visrating_xhtn_20260920.csv
FiinRatings,07/11/2025,2025-11-07,"Công ty Cổ Phần Xây Dựng, Đầu Tư Bất Động Sản Việt Minh Hoàng",Quốc gia,,Bất động sản,Tổ chức phát hành,Cập nhật,BB,12.0,Ổn định,False,False,False,False,,,,,,,,https://fiinratings.vn/vi/ratings-fr/cong-ty-co-phan-xay-dung--daa-tu-bat-dong-san-viet-minh-hoang-id795017.html,795017.0,,XHTN Tổ chức phát hành,Cập nhật kết quả XHTN,BB,Ổn định,2026-09-20 08:47:39,fiinratings_xhtn_20260920.csv
Fitch Ratings,07/11/2025,2025-11-07,MB Shinsei Consumer Credit Finance Limited Liability Company,Quốc tế,,,Tổ chức phát hành,Giữ nguyên,B+,14.0,Ổn định,False,False,False,False,,,Dài hạn,Long Term Issuer Default Rating,,,,https://www.fitchratings.com/entity/mb-shinsei-finance-limited-liability-company-97386845,97386845.0,,Tổ chức phát hành,Affirmed,B+,Stable,2026-09-20 08:48:11,fitch_xhtn_20260920.csv
Fitch Ratings,06/11/2025,2025-11-06,Asia Commercial Joint Stock Bank,Quốc tế,,,Tổ chức phát hành,Giữ nguyên,BB-,13.0,Tích cực,False,False,False,False,,,Dài hạn,Long Term Issuer Default Rating,,,,https://www.fitchratings.com/entity/asia-commercial-joint-stock-bank-80362281,80362281.0,,Tổ chức phát hành,Affirmed,BB-,Positive,2026-09-20 08:48:11,fitch_xhtn_20260920.csv
Fitch Ratings,06/11/2025,2025-11-06,Military Commercial Joint Stock Bank,Quốc tế,,,Tổ chức phát hành,Giữ nguyên,BB,12.0,Ổn định,False,False,False,False,,,Dài hạn,Long Term Issuer Default Rating,,,,https://www.fitchratings.com/entity/military-commercial-joint-stock-bank-95639290,95639290.0,,Tổ chức phát hành,Affirmed,BB,Stable,2026-09-20 08:48:11,fitch_xhtn_20260920.csv
Fitch Ratings,06/11/2025,2025-11-06,Saigon - Hanoi Commercial Joint Stock Bank,Quốc tế,,,Tổ chức phát hành,Giữ nguyên,BB-,13.0,Ổn định,False,False,False,False,,,Dài hạn,Long Term Issuer Default Rating,,,,https://www.fitchratings.com/entity/saigon-hanoi-commercial-joint-stock-bank-94255895,94255895.0,,Tổ chức phát hành,Affirmed,BB-,Stable,2026-09-20 08:48:11,fitch_xhtn_20260920.csv
TMR,04/11/2025,2025-11-04,Công ty TNHH Miza Nghi Sơn,Quốc gia,Doanh nghiệp,,Tổ chức phát hành,Lần đầu,BBB-,10.0,Ổn định,False,False,False,False,,,,,https://tmr.vn/wp-content/uploads/2025/11/RN0001-01-202511-BCMZNS.pdf,,,,,Doanh nghiệp,Tổ chức phát hành,Xếp hạng lần đầu,BBB-,Ổn định,2026-09-20 08:47:54,tmr_xhtn_20260920.csv
Fitch Ratings,03/11/2025,2025-11-03,Joint Stock Commercial Bank For Foreign Trade of Vietnam,Quốc tế,,,Tổ chức phát hành,Giữ nguyên,BB+,11.0,Ổn định,False,False,False,False,,,Dài hạn,Long Term Issuer Default Rating,,,,https://www.fitchratings.com/entity/joint-stock-commercial-bank-for-foreign-trade-of-vietnam-80090442,80090442.0,,Tổ chức phát hành,Affirmed,BB+,Stable,2026-09-20 08:48:11,fitch_xhtn_20260920.csv
Fitch Ratings,03/11/2025,2025-11-03,Vietnam Bank for Agriculture and Rural Development,Quốc tế,,,Tổ chức phát hành,Giữ nguyên,BB+,11.0,Ổn định,False,False,False,False,,,Dài hạn,Long Term Issuer Default Rating,,,,https://www.fitchratings.com/entity/vietnam-bank-for-agriculture-rural-development-80092047,80092047.0,,Tổ chức phát hành,Affirmed,BB+,Stable,2026-09-20 08:48:11,fitch_xhtn_20260920.csv
Fitch Ratings,03/11/2025,2025-11-03,Vietnam Joint Stock Commercial Bank for Industry and Trade,Quốc tế,,,Tổ chức phát hành,Giữ nguyên,BB+,11.0,Ổn định,False,False,False,False,,,Dài hạn,Long Term Issuer Default Rating,,,,https://www.fitchratings.com/entity/vietnam-joint-stock-commercial-bank-for-industry-trade-80092048,80092048.0,,Tổ chức phát hành,Affirmed,BB+,Stable,2026-09-20 08:48:11,fitch_xhtn_20260920.csv
Saigon Ratings,03/11/2025,2025-11-03,Công ty Cổ phần Kinh doanh và Phát triển Bình Dương,Quốc gia,,Phát triển Bất động sản,Tổ chức phát hành,Lần đầu,BBB,9.0,Ổn định,True,False,False,False,,,,,https://saigonratings.com/ket-qua-xep-hang-cong-ty-tdc-2025/,,,,,,Tổ chức phát hành,Xếp hạng lần đầu (hết hạn),vnBBB,Ổn định,2026-09-20 08:47:49,saigonratings_xhtn_20260920.csv
FiinRatings,31/10/2025,2025-10-31,Công ty Cổ Phần Phát Triển Tn,Quốc gia,,Bất động sản,Công cụ nợ,Lần đầu,BB-,13.0,Ổn định,False,False,False,False,,TND12501,,,,,,https://fiinratings.vn/vi/ratings-fr/cong-ty-co-phan-phat-trien-tn-id6147.html,6147.0,,XHTN Công cụ nợ,XHTN Lần đầu,BB-,Ổn định,2026-09-20 08:47:39,fiinratings_xhtn_20260920.csv
FiinRatings,31/10/2025,2025-10-31,Ngân hàng Thương mại Cổ phần Kỹ thương Việt Nam,Quốc gia,,Ngân hàng,Tổ chức phát hành,Cập nhật,AA-,4.0,Tích cực,False,False,False,False,,,,,,,,https://fiinratings.vn/vi/ratings-fr/ngan-hang-thuong-aại-co-phan-ky-thuong-viet-naa-id3842.html,3842.0,,XHTN Tổ chức phát hành,Cập nhật kết quả XHTN,AA-,Thuận lợi,2026-09-20 08:47:39,fiinratings_xhtn_20260920.csv
Saigon Ratings,30/10/2025,2025-10-30,Công ty Cổ phần In và Bao bì Goldsun,Quốc gia,,Bao bì,Tổ chức phát hành,Lần đầu,BBB-,10.0,Ổn định,False,False,False,False,,,,,https://saigonratings.com/ket-qua-xep-hang-goldsun-2025/,,,,,,Tổ chức phát hành,Xếp hạng lần đầu,vnBBB-,Ổn định,2026-09-20 08:47:49,saigonratings_xhtn_20260920.csv
FiinRatings,29/10/2025,2025-10-29,Công ty Cổ phần Chứng khoán Vietcap,Quốc gia,,Dịch vụ tài chính,Tổ chức phát hành,Lần đầu,A,6.0,Ổn định,False,False,False,False,,,,,,,,https://fiinratings.vn/vi/ratings-fr/cong-ty-co-phan-chung-khoan-vietcap-id4089.html,4089.0,,XHTN Tổ chức phát hành,XHTN Lần đầu,A,Ổn định,2026-09-20 08:47:39,fiinratings_xhtn_20260920.csv
FiinRatings,25/10/2025,2025-10-25,Công ty Cổ phần Đầu tư Nam Long,Quốc gia,,Bất động sản,Tổ chức phát hành,Cập nhật,A-,7.0,Ổn định,False,False,False,False,,,,,,,,https://fiinratings.vn/vi/ratings-fr/cong-ty-co-phan-daa-tu-naa-long-id3448.html,3448.0,,XHTN Tổ chức phát hành,Cập nhật kết quả XHTN,A-,Ổn định,2026-09-20 08:47:39,fiinratings_xhtn_20260920.csv
FiinRatings,25/10/2025,2025-10-25,Công ty Tài Chính Trách Nhiệm Hữu Hạn Một Thành Viên Home Credit Việt Nam,Quốc gia,,Dịch vụ tài chính,Tổ chức phát hành,Cập nhật,A,6.0,Ổn định,False,False,False,False,,,,,,,,https://fiinratings.vn/vi/ratings-fr/cong-ty-tai-chinh-trach-nhiea-hữa-hạn-mot-thanh-vien-hoae-credit-viet-naa-id593806.html,593806.0,,XHTN Tổ chức phát hành,Cập nhật kết quả XHTN,A,Ổn định,2026-09-20 08:47:39,fiinratings_xhtn_20260920.csv
VIS Rating,24/10/2025,2025-10-24,Công ty Cổ phần Tập đoàn Gelex,Quốc gia,Doanh nghiệp,,Tổ chức phát hành,Giám sát,A,6.0,Ổn định,False,False,False,False,,,Dài hạn,,,,,https://visrating.com/ket-qua-xep-hang-tin-nhiem/to-chuc/cong-ty-co-phan-tap-doan-gelex.7.html,7.0,Doanh nghiệp,Doanh nghiệp,Giám sát theo dõi,A,Ổn định,2026-09-20 08:47:45,visrating_xhtn_20260920.csv
VIS Rating,22/10/2025,2025-10-22,Ngân hàng TMCP An Bình,Quốc gia,Định chế tài chính,,Tổ chức phát hành,Cập nhật,A-,7.0,Ổn định,False,False,False,False,,,Dài hạn,,https://visrating.com/ket-qua-xep-hang-tin-nhiem/bao-cao/20251022_abb_rating_announcement_vn-pdf.78.html,https://visrating.com/rating-results/report/20251022_abb_rating_announcement_en-pdf.78.html,,https://visrating.com/ket-qua-xep-hang-tin-nhiem/to-chuc/ngan-hang-tmcp-an-binh.6.html,6.0,Định chế tài chính,Doanh nghiệp,Cập nhật,A-,Ổn định,2026-09-20 08:47:45,visrating_xhtn_20260920.csv
VIS Rating,22/10/2025,2025-10-22,Ngân hàng TMCP Việt Á,Quốc gia,Định chế tài chính,,Tổ chức phát hành,Giám sát,A-,7.0,Ổn định,False,False,False,False,,,Dài hạn,,,,,https://visrating.com/ket-qua-xep-hang-tin-nhiem/to-chuc/ngan-hang-tmcp-viet-a.12.html,12.0,Định chế tài chính,Doanh nghiệp,Giám sát theo dõi,A-,Ổn định,2026-09-20 08:47:45,visrating_xhtn_20260920.csv
VIS Rating,21/10/2025,2025-10-21,Công ty Cổ phần Tasco Auto,Quốc gia,Doanh nghiệp,,Tổ chức phát hành,Lần đầu,BBB+,8.0,Ổn định,False,False,False,False,,,Dài hạn,,https://visrating.com/ket-qua-xep-hang-tin-nhiem/bao-cao/251020_tasco-auto_rating_announcement_vn-pdf.76.html,https://visrating.com/rating-results/report/202510_tasco-auto_rating_announcement_en-pdf.76.html,,https://visrating.com/ket-qua-xep-hang-tin-nhiem/to-chuc/cong-ty-co-phan-tasco-auto.28.html,28.0,Doanh nghiệp,Doanh nghiệp,Xếp hạng lần đầu,BBB+,Ổn định,2026-09-20 08:47:45,visrating_xhtn_20260920.csv
FiinRatings,20/10/2025,2025-10-20,Công ty Cổ phần Phát triển Bất động sản Văn Phú,Quốc gia,,Bất động sản,Tổ chức phát hành,Cập nhật,BB+,11.0,Ổn định,False,False,False,False,,,,,,,,https://fiinratings.vn/vi/ratings-fr/cong-ty-co-phan-phat-trien-bat-dong-san-van-phu-id6328.html,6328.0,,XHTN Tổ chức phát hành,Cập nhật kết quả XHTN,BB+,Ổn định,2026-09-20 08:47:39,fiinratings_xhtn_20260920.csv
Saigon Ratings,20/10/2025,2025-10-20,Công ty Cổ phần Thành Thành Công - Biên Hòa (SBT),Quốc gia,,Sản xuất đường,Tổ chức phát hành,Giám sát,A+,5.0,Ổn định,False,False,False,False,,,,,https://saigonratings.com/gsxh6t-sbt-2025/,,,,,,Tổ chức phát hành,Giám sát Xếp hạng,vnA+,Ổn định,2026-09-20 08:47:49,saigonratings_xhtn_20260920.csv
Saigon Ratings,16/10/2025,2025-10-16,Công ty TNHH MTV VIPICO,Quốc gia,,Phát triển Bất động sản,Tổ chức phát hành,Lần đầu,BBB-,10.0,Ổn định,False,False,False,False,,,,,https://saigonratings.com/xhtn-vipico-2025/,,,,,,Tổ chức phát hành,Xếp hạng lần đầu,vnBBB-,Ổn định,2026-09-20 08:47:49,saigonratings_xhtn_20260920.csv
FiinRatings,11/10/2025,2025-10-11,Ngân hàng Thương mại Cổ phần Quốc tế Việt Nam,Quốc gia,,Ngân hàng,Tổ chức phát hành,Cập nhật,A,6.0,Tích cực,False,False,False,False,,,,,,,,https://fiinratings.vn/vi/ratings-fr/ngan-hang-thuong-aại-co-phan-qaoc-te-viet-naa-id4062.html,4062.0,,XHTN Tổ chức phát hành,Cập nhật kết quả XHTN,A,Thuận lợi,2026-09-20 08:47:39,fiinratings_xhtn_20260920.csv
FiinRatings,10/10/2025,2025-10-10,Công ty Cổ phần Kinh doanh F88,Quốc gia,,Dịch vụ tài chính,Tổ chức phát hành,Cập nhật,BBB,9.0,Ổn định,False,False,False,False,,,,,,,,https://fiinratings.vn/vi/ratings-fr/cong-ty-co-phan-kinh-doanh-f88-id7766.html,7766.0,,XHTN Tổ chức phát hành,Cập nhật kết quả XHTN,BBB,Ổn định,2026-09-20 08:47:39,fiinratings_xhtn_20260920.csv
Saigon Ratings,10/10/2025,2025-10-10,Công ty Cổ phần Đầu tư và Phát triển Hạ tầng Nam Quang,Quốc gia,,Phát triển Bất động sản,Tổ chức phát hành,Lần đầu,BBB-,10.0,Ổn định,False,False,False,False,,,,,https://saigonratings.com/xhtn-nam_quang-2025/,,,,,,Tổ chức phát hành,Xếp hạng lần đầu,vnBBB-,Ổn định,2026-09-20 08:47:49,saigonratings_xhtn_20260920.csv
FiinRatings,08/10/2025,2025-10-08,Công Ty TNHH Truyền Dẫn Nước Sạch Xuân Mai - Hà Nội,Quốc gia,,Nước và tiện ích,Công cụ nợ,Cập nhật,AAA,1.0,Ổn định,False,False,False,False,,XMH12501,,,,,,https://fiinratings.vn/vi/ratings-fr/cong-ty-tnhh-trayen-dan-nuoc-sạch-xaan-mai---ha-noi-id2176657.html,2176657.0,,XHTN Công cụ nợ,Cập nhật kết quả XHTN,AAA,Ổn định,2026-09-20 08:47:39,fiinratings_xhtn_20260920.csv
Saigon Ratings,08/10/2025,2025-10-08,Công ty Cổ phần AAC Việt Nam,Quốc gia,,Phát triển Bất động sản,Tổ chức phát hành,Giám sát,BBB-,10.0,Ổn định,True,False,False,False,,,,,https://saigonratings.com/gsxh6t-aac-2025/,,,,,,Tổ chức phát hành,Giám sát Xếp hạng (hết hạn),vnBBB-,Ổn định,2026-09-20 08:47:49,saigonratings_xhtn_20260920.csv
FiinRatings,03/10/2025,2025-10-03,Công ty Cổ Phần Phát Triển Tn,Quốc gia,,Bất động sản,Tổ chức phát hành,Lần đầu,B,15.0,Ổn định,False,False,False,False,,,,,,,,https://fiinratings.vn/vi/ratings-fr/cong-ty-co-phan-phat-trien-tn-id6147.html,6147.0,,XHTN Tổ chức phát hành,XHTN Lần đầu,B,Ổn định,2026-09-20 08:47:39,fiinratings_xhtn_20260920.csv
Saigon Ratings,03/10/2025,2025-10-03,Công ty Cổ phần Nông nghiệp BAF Việt Nam,Quốc gia,,Chăn nuôi,Tổ chức phát hành,Lần đầu,A,6.0,Ổn định,False,False,False,False,,,,,https://saigonratings.com/ket-qua-xep-hang-baf-2025/,,,,,,Tổ chức phát hành,Xếp hạng lần đầu,vnA,Ổn định,2026-09-20 08:47:49,saigonratings_xhtn_20260920.csv
Saigon Ratings,03/10/2025,2025-10-03,Công ty Cổ phần Đầu tư Phát triển Bất động sản Thành Vinh,Quốc gia,,Phát triển Bất động sản,Tổ chức phát hành,Giám sát,BBB-,10.0,Ổn định,True,False,False,False,,,,,https://saigonratings.com/gsxh6t-thanhvinh-2025/,,,,,,Tổ chức phát hành,Giám sát Xếp hạng (hết hạn),vnBBB-,Ổn định,2026-09-20 08:47:49,saigonratings_xhtn_20260920.csv
VIS Rating,03/10/2025,2025-10-03,Tổng công ty cổ phần Bảo hiểm Ngân hàng TMCP Công Thương Việt Nam,Quốc gia,Định chế tài chính,,Tổ chức phát hành,Lần đầu,A+,5.0,Ổn định,False,False,False,False,,,Dài hạn,,https://visrating.com/ket-qua-xep-hang-tin-nhiem/bao-cao/visrating_vbi_bao_cao_ket_qua_xhtn_03102025-pdf.66.html,https://visrating.com/rating-results/report/visrating_vbi_rating_announcement_03102025-pdf.66.html,,https://visrating.com/ket-qua-xep-hang-tin-nhiem/to-chuc/tong-cong-ty-co-phan-bao-hiem-ngan-hang-tmcp-cong-thuong-viet-nam.22.html,22.0,Định chế tài chính,Doanh nghiệp,Xếp hạng lần đầu,A+,Ổn định,2026-09-20 08:47:45,visrating_xhtn_20260920.csv
FiinRatings,02/10/2025,2025-10-02,Công Ty TNHH Truyền Dẫn Nước Sạch Xuân Mai - Hà Nội,Quốc gia,,Nước và tiện ích,Tổ chức phát hành,Cập nhật,BB,12.0,Ổn định,False,False,False,False,,,,,,,,https://fiinratings.vn/vi/ratings-fr/cong-ty-tnhh-trayen-dan-nuoc-sạch-xaan-mai---ha-noi-id2176657.html,2176657.0,,XHTN Tổ chức phát hành,Cập nhật kết quả XHTN,BB,Ổn định,2026-09-20 08:47:39,fiinratings_xhtn_20260920.csv
VIS Rating,02/10/2025,2025-10-02,Công ty Cổ phần Chứng khoán Sài Gòn - Hà Nội,Quốc gia,Định chế tài chính,,Tổ chức phát hành,Lần đầu,A,6.0,Ổn định,False,False,False,False,,,Dài hạn,,https://visrating.com/ket-qua-xep-hang-tin-nhiem/bao-cao/20251002-shs-bao-cao-xhtn-pdf.65.html,https://visrating.com/rating-results/report/20251002-shs-rating-announcement-en-pdf.65.html,,https://visrating.com/ket-qua-xep-hang-tin-nhiem/to-chuc/cong-ty-co-phan-chung-khoan-sai-gon-ha-noi.25.html,25.0,Định chế tài chính,Doanh nghiệp,Xếp hạng lần đầu,A,Ổn định,2026-09-20 08:47:45,visrating_xhtn_20260920.csv
FiinRatings,01/10/2025,2025-10-01,Ngân hàng Thương mại Cổ phần Bắc Á,Quốc gia,,Ngân hàng,Tổ chức phát hành,Cập nhật,A-,7.0,Ổn định,False,False,False,False,,,,,,,,https://fiinratings.vn/vi/ratings-fr/ngan-hang-thuong-aại-co-phan-bac-a-id3422.html,3422.0,,XHTN Tổ chức phát hành,Cập nhật kết quả XHTN,A-,Ổn định,2026-09-20 08:47:39,fiinratings_xhtn_20260920.csv
Saigon Ratings,01/10/2025,2025-10-01,Công ty Cổ phần Di chuyển Xanh và Thông minh GSM,Quốc gia,,Vận tải,Tổ chức phát hành,Lần đầu,BBB,9.0,Ổn định,False,False,False,False,,,,,https://saigonratings.com/xhtn-gsm-2025/,,,,,,Tổ chức phát hành,Xếp hạng lần đầu,vnBBB,Ổn định,2026-09-20 08:47:49,saigonratings_xhtn_20260920.csv
Saigon Ratings,30/09/2025,2025-09-30,Công ty Cổ phần Năng lượng Bắc Hà,Quốc gia,,Sản xuất điện,Tổ chức phát hành,Giám sát,A-,7.0,Ổn định,False,False,False,False,,,,,https://saigonratings.com/gsxh6t-bac_ha-2025/,,,,,,Tổ chức phát hành,Giám sát Xếp hạng,vnA-,Ổn định,2026-09-20 08:47:49,saigonratings_xhtn_20260920.csv
Saigon Ratings,30/09/2025,2025-09-30,Công ty Cổ phần Đầu tư Xây dựng Thái Sơn,Quốc gia,,Phát triển Bất động sản,Tổ chức phát hành,Lần đầu,A-,7.0,Ổn định,False,False,False,False,,,,,https://saigonratings.com/xhtn-thai_son-2025/,,,,,,Tổ chức phát hành,Xếp hạng lần đầu,vnA-,Ổn định,2026-09-20 08:47:49,saigonratings_xhtn_20260920.csv
FiinRatings,29/09/2025,2025-09-29,Ngân hàng Thương mại Cổ phần Phát Triển Thành phố Hồ Chí Minh,Quốc gia,,Ngân hàng,Tổ chức phát hành,Cập nhật,A,6.0,Tích cực,False,False,False,False,,,,,,,,https://fiinratings.vn/vi/ratings-fr/ngan-hang-thuong-aại-co-phan-phat-trien-thanh-pho-hồ-chi-minh-id3101.html,3101.0,,XHTN Tổ chức phát hành,Cập nhật kết quả XHTN,A,Thuận lợi,2026-09-20 08:47:39,fiinratings_xhtn_20260920.csv
Saigon Ratings,26/09/2025,2025-09-26,Công ty Cổ phần Phát triển Khu Công nghiệp và Đô thị Thủ Thừa,Quốc gia,,Cho thuê Bất động sản,Tổ chức phát hành,Lần đầu,BBB,9.0,Ổn định,False,False,False,False,,,,,https://saigonratings.com/xhtn-thu_thua-2025/,,,,,,Tổ chức phát hành,Xếp hạng lần đầu,vnBBB,Ổn định,2026-09-20 08:47:49,saigonratings_xhtn_20260920.csv
VIS Rating,26/09/2025,2025-09-26,Công ty Cổ phần Dịch vụ Cáp treo Bà Nà,Quốc gia,Doanh nghiệp,,Tổ chức phát hành,Lần đầu,BBB+,8.0,Ổn định,False,False,False,False,,,Dài hạn,,https://visrating.com/ket-qua-xep-hang-tin-nhiem/bao-cao/20250926_bnc_rating_announcement_vn-pdf.64.html,https://visrating.com/rating-results/report/20250926_bnc_rating_announcement_en-pdf.64.html,,https://visrating.com/ket-qua-xep-hang-tin-nhiem/to-chuc/cong-ty-co-phan-cap-treo-ba-na.24.html,24.0,Doanh nghiệp,Doanh nghiệp,Xếp hạng lần đầu,BBB+,Ổn định,2026-09-20 08:47:45,visrating_xhtn_20260920.csv
FiinRatings,25/09/2025,2025-09-25,Tập đoàn Vingroup - Công ty CP,Quốc gia,,Đa ngành,Tổ chức phát hành,Lần đầu,A-,7.0,Ổn định,False,False,False,False,,,,,,,,https://fiinratings.vn/vi/ratings-fr/tap-doan-vingroap---cong-ty-cp-id4400.html,4400.0,,XHTN Tổ chức phát hành,XHTN Lần đầu,A-,Ổn định,2026-09-20 08:47:39,fiinratings_xhtn_20260920.csv
Saigon Ratings,22/09/2025,2025-09-22,Công ty Cổ phần Tư Vấn và Kinh Doanh Bất động sản TCO,Quốc gia,,Phát triển Bất động sản,Tổ chức phát hành,Giám sát,BB-,13.0,Ổn định,False,False,False,False,,,,,https://saigonratings.com/gsxhtn-tco-2025/,,,,,,Tổ chức phát hành,Giám sát Xếp hạng,vnBB-,Ổn định,2026-09-20 08:47:49,saigonratings_xhtn_20260920.csv
Saigon Ratings,19/09/2025,2025-09-19,Công ty Cổ phần Tập đoàn Khải Hoàn Land,Quốc gia,,Dịch vụ - Phát triển Bất động sản,Tổ chức phát hành,Giám sát,BBB-,10.0,Ổn định,False,False,False,False,,,,,https://saigonratings.com/gia-han-giam-sat-khai_hoan_land-2025/,,,,,,Tổ chức phát hành,Gia hạn Giám sát Xếp hạng,vnBBB-,Ổn định,2026-09-20 08:47:49,saigonratings_xhtn_20260920.csv
Saigon Ratings,19/09/2025,2025-09-19,Công ty TNHH Hưng Phát Invest Hà Nội,Quốc gia,,Phát triển Bất động sản,Tổ chức phát hành,Lần đầu,BB+,11.0,Ổn định,False,False,False,False,,,,,https://saigonratings.com/xhtn-hung_phat-2025/,,,,,,Tổ chức phát hành,Xếp hạng lần đầu,vnBB+,Ổn định,2026-09-20 08:47:49,saigonratings_xhtn_20260920.csv
Saigon Ratings,18/09/2025,2025-09-18,Công ty Cổ phần Thời đại mới T&T,Quốc gia,,Phát triển Bất động sản,Tổ chức phát hành,Lần đầu,BB+,11.0,Ổn định,False,False,False,False,,,,,https://saigonratings.com/xhtn-t_t-2025/,,,,,,Tổ chức phát hành,Xếp hạng lần đầu,vnBB+,Ổn định,2026-09-20 08:47:49,saigonratings_xhtn_20260920.csv
Saigon Ratings,17/09/2025,2025-09-17,Công ty Cổ phần Thuận Đức,Quốc gia,,Bao bì,Tổ chức phát hành,Giám sát,BBB,9.0,Ổn định,False,False,False,False,,,,,https://saigonratings.com/giahan-thuan_duc-2025/,,,,,,Tổ chức phát hành,Gia hạn Giám sát Xếp hạng,vnBBB,Ổn định,2026-09-20 08:47:49,saigonratings_xhtn_20260920.csv
FiinRatings,16/09/2025,2025-09-16,Ngân hàng Thương mại Cổ phần Nam Á,Quốc gia,,Ngân hàng,Tổ chức phát hành,Lần đầu,A-,7.0,Ổn định,False,False,False,False,,,,,,,,https://fiinratings.vn/vi/ratings-fr/ngan-hang-thuong-aại-co-phan-naa-a-id3362.html,3362.0,,XHTN Tổ chức phát hành,XHTN Lần đầu,A-,Ổn định,2026-09-20 08:47:39,fiinratings_xhtn_20260920.csv
VIS Rating,16/09/2025,2025-09-16,Công ty Cổ phần Tập đoàn Phượng Hoàng Xanh A&A,Quốc gia,Doanh nghiệp,,Tổ chức phát hành,Cập nhật,A,6.0,Ổn định,False,False,False,False,,,Dài hạn,,https://visrating.com/ket-qua-xep-hang-tin-nhiem/bao-cao/202509_phenikaa_rating_announcement_vn-pdf.63.html,https://visrating.com/rating-results/report/202509_phenikaa_rating_announcement_en-pdf.63.html,,https://visrating.com/ket-qua-xep-hang-tin-nhiem/to-chuc/cong-ty-co-phan-tap-doan-phuong-hoang-xanh-aanda.5.html,5.0,Doanh nghiệp,Doanh nghiệp,Cập nhật,A,Ổn định,2026-09-20 08:47:45,visrating_xhtn_20260920.csv
Saigon Ratings,15/09/2025,2025-09-15,Công ty TNHH Đầu tư Marina Center,Quốc gia,,Cho thuê Bất động sản,Tổ chức phát hành,Lần đầu,BBB+,8.0,Ổn định,False,False,False,False,,,,,https://saigonratings.com/xhtn-marina_center-2025/,,,,,,Tổ chức phát hành,Xếp hạng lần đầu,vnBBB+,Ổn định,2026-09-20 08:47:49,saigonratings_xhtn_20260920.csv
Saigon Ratings,12/09/2025,2025-09-12,Công ty Cổ Phần Đầu Tư Xây Dựng NEW TECH,Quốc gia,,Phát triển Bất động sản,Tổ chức phát hành,Giám sát,BB,12.0,Ổn định,False,False,False,False,,,,,https://saigonratings.com/gsxh6t-newtech-2025/,,,,,,Tổ chức phát hành,Giám sát Xếp hạng,vnBB,Ổn định,2026-09-20 08:47:49,saigonratings_xhtn_20260920.csv
S&I Ratings,10/09/2025,2025-09-10,Ngân Hàng TMCP Phương Đông,Quốc gia,Định chế tài chính,Ngân hàng,,Giám sát,A+,5.0,Ổn định,False,False,False,False,,,,,,,,https://sniratings.com.vn/?rating=ngan-hang-tmcp-phuong-dong,4941.0,Tổ chức tài chính,,Giám sát Xếp hạng,A+,Ổn định,2026-09-20 08:47:55,sniratings_xhtn_20260920.csv
Saigon Ratings,10/09/2025,2025-09-10,Công Ty Cổ phần Hàng Không VIETJET (VIETJET AIR),Quốc gia,,Hàng không,Tổ chức phát hành,Giám sát,BBB,9.0,Ổn định,False,False,False,False,,,,,https://saigonratings.com/gsxh-vietjet-2025/,,,,,,Tổ chức phát hành,Giám sát Xếp hạng,vnBBB,Ổn định,2026-09-20 08:47:49,saigonratings_xhtn_20260920.csv
FiinRatings,09/09/2025,2025-09-09,Ngân hàng Thương mại Cổ phần Á Châu,Quốc gia,,Ngân hàng,Tổ chức phát hành,Cập nhật,AA+,2.0,Ổn định,False,False,False,False,,,,,,,,https://fiinratings.vn/vi/ratings-fr/ngan-hang-thuong-aại-co-phan-a-chaa-id2739.html,2739.0,,XHTN Tổ chức phát hành,Cập nhật kết quả XHTN,AA+,Ổn định,2026-09-20 08:47:39,fiinratings_xhtn_20260920.csv
VIS Rating,05/09/2025,2025-09-05,Công ty Cổ phần Chứng khoán Tiên Phong,Quốc gia,Định chế tài chính,,Tổ chức phát hành,Lần đầu,BBB,9.0,Ổn định,False,False,False,False,,,Dài hạn,,https://visrating.com/ket-qua-xep-hang-tin-nhiem/bao-cao/20250905-tps-bao-cao-xhtn-pdf.62.html,https://visrating.com/rating-results/report/20250905-tps-rating-announcement-pdf.62.html,,https://visrating.com/ket-qua-xep-hang-tin-nhiem/to-chuc/tien-phong-securities-corporation.21.html,21.0,Định chế tài chính,Doanh nghiệp,Xếp hạng lần đầu,BBB,Ổn định,2026-09-20 08:47:45,visrating_xhtn_20260920.csv
Saigon Ratings,04/09/2025,2025-09-04,Công ty Cổ phần Đầu tư và Xây dựng Xa lộ Hà Nội,Quốc gia,,Hạ tầng vận tải,Tổ chức phát hành,Giám sát,A+,5.0,Ổn định,True,False,False,False,,,,,https://saigonratings.com/gsxh6t-xlhn-2025/,,,,,,Tổ chức phát hành,Giám sát Xếp hạng (hết hạn),vnA+,Ổn định,2026-09-20 08:47:49,saigonratings_xhtn_20260920.csv
FiinRatings,25/08/2025,2025-08-25,Công ty Cổ phần Chứng khoán APG,Quốc gia,,Dịch vụ tài chính,Tổ chức phát hành,Lần đầu,BB-,13.0,Tích cực,False,False,False,False,,,,,,,,https://fiinratings.vn/vi/ratings-fr/cong-ty-co-phan-chung-khoan-apg-id2770.html,2770.0,,XHTN Tổ chức phát hành,XHTN Lần đầu,BB-,Thuận lợi,2026-09-20 08:47:39,fiinratings_xhtn_20260920.csv
Saigon Ratings,20/08/2025,2025-08-20,Công ty TNHH Đầu tư và Phát triển BĐS Trường Minh,Quốc gia,,Phát triển Bất động sản,Tổ chức phát hành,Lần đầu,BB,12.0,Ổn định,False,False,False,False,,,,,https://saigonratings.com/xhtn-truong_minh-2025/,,,,,,Tổ chức phát hành,Xếp hạng lần đầu,vnBB,Ổn định,2026-09-20 08:47:49,saigonratings_xhtn_20260920.csv
Saigon Ratings,19/08/2025,2025-08-19,Công ty Cổ phần May - Diêm Sài Gòn,Quốc gia,,Phát triển Bất động sản,Tổ chức phát hành,Lần đầu,BBB-,10.0,Ổn định,False,False,False,False,,,,,https://saigonratings.com/xhtn-may_diem_2025/,,,,,,Tổ chức phát hành,Xếp hạng lần đầu,vnBBB-,Ổn định,2026-09-20 08:47:49,saigonratings_xhtn_20260920.csv
Saigon Ratings,15/08/2025,2025-08-15,Công ty Cổ phần Sản xuất và Kinh doanh VinFast,Quốc gia,,Sản xuất ôtô,Tổ chức phát hành,Giám sát,BB+,11.0,Ổn định,False,False,False,False,,,,,https://saigonratings.com/gsxh-thuong_nien-vinfast-2025/,,,,,,Tổ chức phát hành,Giám sát Xếp hạng,vnBB+,Ổn định,2026-09-20 08:47:49,saigonratings_xhtn_20260920.csv
Saigon Ratings,13/08/2025,2025-08-13,Công ty Cổ Phần Bảo Hiểm Phú Hưng (PAC),Quốc gia,,Bảo hiểm phi nhân thọ,Tổ chức phát hành,Giám sát,,,,True,False,True,False,,,,,https://saigonratings.com/ket-qua-giam-sat-xep-hang-ctcp-bao-hiem-phu-hung-pac-nam-2025/,,,,,,Tổ chức phát hành,Giám sát Xếp hạng (hết hạn),Bảo mật,Bảo mật,2026-09-20 08:47:49,saigonratings_xhtn_20260920.csv
Saigon Ratings,12/08/2025,2025-08-12,Công ty Cổ phần Đầu tư Thành Thành Công (TTCI),Quốc gia,,Tổng công ty đầu tư,Tổ chức phát hành,Giám sát,A+,5.0,Ổn định,False,False,False,False,,,,,https://saigonratings.com/gsxh-ttci-2025/,,,,,,Tổ chức phát hành,Giám sát Xếp hạng,vnA+,Ổn định,2026-09-20 08:47:49,saigonratings_xhtn_20260920.csv
Saigon Ratings,09/08/2025,2025-08-09,Công ty TNHH Allgreen-Vượng Thành-Trùng Dương,Quốc gia,,Phát triển Bất động sản,Tổ chức phát hành,Giám sát,,,,False,False,True,False,,,,,https://saigonratings.com/gsxh-thuong_nien-avt-2025/,,,,,,Tổ chức phát hành,Giám sát Xếp hạng,Bảo mật,Bảo mật,2026-09-20 08:47:49,saigonratings_xhtn_20260920.csv
Saigon Ratings,04/08/2025,2025-08-04,Công Ty Xây Dựng Và Kinh Doanh Cơ Sở Hạ Tầng Khu Công Nghiệp Hà Nội - Đài Tư,Quốc gia,,Cho thuê Bất động sản,Tổ chức phát hành,Lần đầu,BBB-,10.0,Ổn định,True,False,False,False,,,,,https://saigonratings.com/xhtn-dai_tu-2025/,,,,,,Tổ chức phát hành,Xếp hạng lần đầu (hết hạn),vnBBB-,Ổn định,2026-09-20 08:47:49,saigonratings_xhtn_20260920.csv
VIS Rating,01/08/2025,2025-08-01,Tập đoàn Đầu tư và Phát triển Công nghiệp Becamex - CTCP,Quốc gia,Doanh nghiệp,,Tổ chức phát hành,Lần đầu,A,6.0,Ổn định,False,False,False,False,,,Dài hạn,,https://visrating.com/ket-qua-xep-hang-tin-nhiem/bao-cao/20250801_bcm_rating_announcement_vn-pdf.61.html,https://visrating.com/rating-results/report/20250801_bcm_rating_announcement_en-pdf.61.html,,https://visrating.com/ket-qua-xep-hang-tin-nhiem/to-chuc/tap-doan-dau-tu-va-phat-trien-cong-nghiep-becamex-ctcp.19.html,19.0,Doanh nghiệp,Doanh nghiệp,Xếp hạng lần đầu,A,Ổn định,2026-09-20 08:47:45,visrating_xhtn_20260920.csv
Saigon Ratings,31/07/2025,2025-07-31,Công ty Cổ phần Chứng khoán Rồng Việt (VDS),Quốc gia,,Chứng khoán,Tổ chức phát hành,Giám sát,BBB,9.0,Ổn định,False,False,False,False,,,,,https://saigonratings.com/gsxh6t-rong_viet-2025/,,,,,,Tổ chức phát hành,Giám sát Xếp hạng,vnBBB,Ổn định,2026-09-20 08:47:49,saigonratings_xhtn_20260920.csv
Saigon Ratings,22/07/2025,2025-07-22,Công ty TNHH Đầu tư & Phát triển Bất động sản Hải Đăng,Quốc gia,,Phát triển Bất động sản,Tổ chức phát hành,Giám sát,BB+,11.0,Ổn định,False,False,False,False,,,,,https://saigonratings.com/gsxh-hai_dang_2025/,,,,,,Tổ chức phát hành,Giám sát Xếp hạng,vnBB+,Ổn định,2026-09-20 08:47:49,saigonratings_xhtn_20260920.csv
Saigon Ratings,11/07/2025,2025-07-11,Công ty Cổ phần Đầu tư Tiền Phong Thái Bình,Quốc gia,,Phát triển Bất động sản,Tổ chức phát hành,Lần đầu,BB,12.0,Ổn định,True,False,False,False,,,,,https://saigonratings.com/xhtn-tien-phong-thai-binh-2025/,,,,,,Tổ chức phát hành,Xếp hạng lần đầu (hết hạn),vnBB,Ổn định,2026-09-20 08:47:49,saigonratings_xhtn_20260920.csv
Saigon Ratings,10/07/2025,2025-07-10,Công ty Cổ phần Khu công nghiệp Thành Thành Công (TTC IZ),Quốc gia,,Cho thuê Bất động sản,Tổ chức phát hành,Giám sát,A,6.0,Tích cực,False,False,False,False,,,,,https://saigonratings.com/gsxh-ttciz-2025/,,,,,,Tổ chức phát hành,Giám sát Xếp hạng,vnA,Tích cực,2026-09-20 08:47:49,saigonratings_xhtn_20260920.csv
Saigon Ratings,10/07/2025,2025-07-10,Công ty Cổ phần Mua bán nợ và Quản lý tài sản HDBank,Quốc gia,,Dịch vụ mua bán nợ,Tổ chức phát hành,Giám sát,BB+,11.0,Ổn định,False,False,False,False,,,,,https://saigonratings.com/gsxh6t-hdamc-2025/,,,,,,Tổ chức phát hành,Giám sát Xếp hạng,vnBB+,Ổn định,2026-09-20 08:47:49,saigonratings_xhtn_20260920.csv
Saigon Ratings,09/07/2025,2025-07-09,Công ty Cổ phần Tập đoàn Khải Hoàn Land,Quốc gia,,Dịch vụ - Phát triển Bất động sản,Tổ chức phát hành,Giám sát,BBB-,10.0,Ổn định,False,False,False,False,,,,,https://saigonratings.com/gsxh-khg-2025/,,,,,,Tổ chức phát hành,Giám sát Xếp hạng,vnBBB-,Ổn định,2026-09-20 08:47:49,saigonratings_xhtn_20260920.csv
Saigon Ratings,09/07/2025,2025-07-09,Công ty TNHH Năng lượng tái tạo,Quốc gia,,Năng lượng,Tổ chức phát hành,Giám sát,BB,12.0,Ổn định,True,False,False,False,,,,,https://saigonratings.com/gsxh6t-re-2025/,,,,,,Tổ chức phát hành,Giám sát Xếp hạng (hết hạn),vnBB,Ổn định,2026-09-20 08:47:49,saigonratings_xhtn_20260920.csv
Saigon Ratings,03/07/2025,2025-07-03,Công ty TNHH Mặt Trời Hạ Long,Quốc gia,,Dịch vụ vui chơi giải trí và Phát triển bất động sản,Tổ chức phát hành,Lần đầu,BBB+,8.0,Ổn định,True,False,False,False,,,,,https://saigonratings.com/xhtn-mthl-2025/,,,,,,Tổ chức phát hành,Xếp hạng lần đầu (hết hạn),vnBBB+,Ổn định,2026-09-20 08:47:49,saigonratings_xhtn_20260920.csv
VIS Rating,01/07/2025,2025-07-01,Công ty Cổ phần Chứng khoán AIS,Quốc gia,Định chế tài chính,,Tổ chức phát hành,Lần đầu,A-,7.0,Ổn định,False,False,False,False,,,Dài hạn,,https://visrating.com/ket-qua-xep-hang-tin-nhiem/bao-cao/20250701_ais_rating_announcement_vn-pdf.59.html,https://visrating.com/rating-results/report/20250701_ais_rating_announcement_en-pdf.59.html,,https://visrating.com/ket-qua-xep-hang-tin-nhiem/to-chuc/cong-ty-co-phan-chung-khoan-ais.18.html,18.0,Định chế tài chính,Doanh nghiệp,Xếp hạng lần đầu,A-,Ổn định,2026-09-20 08:47:45,visrating_xhtn_20260920.csv
FiinRatings,30/06/2025,2025-06-30,Tổng Công ty Cổ phần Đầu tư Phát triển Xây dựng,Quốc gia,,Bất động sản,Tổ chức phát hành,Cập nhật,BB+,11.0,Ổn định,False,False,False,False,,,,,,,,https://fiinratings.vn/vi/ratings-fr/tong-cong-ty-co-phan-daa-tu-phat-trien-xay-dung-id2623.html,2623.0,,XHTN Tổ chức phát hành,Cập nhật kết quả XHTN,BB+,Ổn định,2026-09-20 08:47:39,fiinratings_xhtn_20260920.csv
Saigon Ratings,30/06/2025,2025-06-30,Công Ty Cổ phần Địa Ốc Phú Long,Quốc gia,,Phát triển Bất động sản,Tổ chức phát hành,Giám sát,,,,False,False,True,False,,,,,https://saigonratings.com/gsxh6t-phu-long-2025/,,,,,,Tổ chức phát hành,Giám sát Xếp hạng,Bảo mật,Bảo mật,2026-09-20 08:47:49,saigonratings_xhtn_20260920.csv
Saigon Ratings,30/06/2025,2025-06-30,Công ty Cổ phần Rox Key Holdings,Quốc gia,,Dịch vụ chuyên biệt,Tổ chức phát hành,Giám sát,A-,7.0,Ổn định,True,False,False,False,,,,,https://saigonratings.com/gsxh6t-roxkey-2025/,,,,,,Tổ chức phát hành,Giám sát Xếp hạng (hết hạn),vnA-,Ổn định,2026-09-20 08:47:49,saigonratings_xhtn_20260920.csv
Saigon Ratings,26/06/2025,2025-06-26,Công ty Cổ phần Đầu tư Hạ tầng Kỹ thuật TPHCM (CII),Quốc gia,,Hạ tầng kỹ thuật,Công cụ nợ,Lần đầu,A+,5.0,Ổn định,True,False,False,False,,CII425001,,,https://saigonratings.com/xhtnccn-cii-2025/,,,,,,Công cụ nợ,Xếp hạng lần đầu (hết hạn),vnA+,Ổn định,2026-09-20 08:47:49,saigonratings_xhtn_20260920.csv
Saigon Ratings,24/06/2025,2025-06-24,Công ty TNHH Thành phố Aqua,Quốc gia,,Phát triển Bất động sản,Tổ chức phát hành,Lần đầu,BB+,11.0,Tích cực,True,False,False,False,,,,,https://saigonratings.com/kqxhtn-aquacity-2025/,,,,,,Tổ chức phát hành,Xếp hạng lần đầu (hết hạn),vnBB+,Tích cực,2026-09-20 08:47:49,saigonratings_xhtn_20260920.csv
Saigon Ratings,23/06/2025,2025-06-23,Công ty Cổ Phần Bảo Hiểm nhân thọ Phú Hưng (PHU HUNG LIFE - PHL),Quốc gia,,Bảo hiểm nhân thọ,Tổ chức phát hành,Giám sát,,,,True,False,True,False,,,,,https://saigonratings.com/gsxh-phl-2025/,,,,,,Tổ chức phát hành,Giám sát Xếp hạng (hết hạn),Bảo mật,Bảo mật,2026-09-20 08:47:49,saigonratings_xhtn_20260920.csv
FiinRatings,20/06/2025,2025-06-20,Công ty Cổ phần Đầu tư và Phát triển Du lịch Phú Quốc,Quốc gia,,Bất động sản,Tổ chức phát hành,Lần đầu,BB-,13.0,Ổn định,False,False,False,False,,,,,,,,https://fiinratings.vn/vi/ratings-fr/cong-ty-co-phan-daa-tu-va-phat-trien-da-lich-phu-qaoc-id5232.html,5232.0,,XHTN Tổ chức phát hành,XHTN Lần đầu,BB-,Ổn định,2026-09-20 08:47:39,fiinratings_xhtn_20260920.csv
FiinRatings,18/06/2025,2025-06-18,Ngân hàng Thương mại Cổ phần Hàng Hải Việt Nam,Quốc gia,,Ngân hàng,Tổ chức phát hành,Lần đầu,A,6.0,Ổn định,False,False,False,False,,,,,,,,https://fiinratings.vn/vi/ratings-fr/ngan-hang-thuong-aại-co-phan-hang-hai-viet-naa-id3375.html,3375.0,,XHTN Tổ chức phát hành,XHTN Lần đầu,A,Ổn định,2026-09-20 08:47:39,fiinratings_xhtn_20260920.csv
Saigon Ratings,17/06/2025,2025-06-17,Công ty Cổ phần Thuận Đức,Quốc gia,,Bao bì,Tổ chức phát hành,Giám sát,BBB,9.0,Ổn định,False,False,False,False,,,,,https://saigonratings.com/gsxh6t-thuan_duc-2025/,,,,,,Tổ chức phát hành,Giám sát Xếp hạng,vnBBB,Ổn định,2026-09-20 08:47:49,saigonratings_xhtn_20260920.csv
FiinRatings,16/06/2025,2025-06-16,Công ty Cổ Phần Logistics Nông Sản Xuất Khẩu Tây Nguyên,Quốc gia,,Nông nghiệp,Tổ chức phát hành,Lần đầu,B-,16.0,Ổn định,False,False,False,False,,,,,,,,https://fiinratings.vn/vi/ratings-fr/cong-ty-co-phan-logistics-nong-san-xaat-khaa-tay-ngayen-id1971244.html,1971244.0,,XHTN Tổ chức phát hành,XHTN Lần đầu,B-,Ổn định,2026-09-20 08:47:39,fiinratings_xhtn_20260920.csv
FiinRatings,16/06/2025,2025-06-16,Công ty Cổ phần Xây dựng Coteccons,Quốc gia,,Xây dựng,Tổ chức phát hành,Cập nhật,BBB+,8.0,Ổn định,False,False,False,False,,,,,,,,https://fiinratings.vn/vi/ratings-fr/cong-ty-co-phan-xay-dung-coteccons-id2564.html,2564.0,,XHTN Tổ chức phát hành,Cập nhật kết quả XHTN,BBB+,Ổn định,2026-09-20 08:47:39,fiinratings_xhtn_20260920.csv
Saigon Ratings,13/06/2025,2025-06-13,Công ty Cổ phần Crystal Bay Việt Nam,Quốc gia,,Dịch vụ du lịch lữ hành,Tổ chức phát hành,Lần đầu,BB,12.0,Ổn định,False,False,False,False,,,,,https://saigonratings.com/xhtn-crystalbay-2025/,,,,,,Tổ chức phát hành,Xếp hạng lần đầu,vnBB,Ổn định,2026-09-20 08:47:49,saigonratings_xhtn_20260920.csv
VIS Rating,12/06/2025,2025-06-12,Công ty Tài chính tín dụng tiêu dùng TNHH MB Shinsei,Quốc gia,Định chế tài chính,,Tổ chức phát hành,Lần đầu,A-,7.0,Ổn định,False,False,False,False,,,Dài hạn,,https://visrating.com/ket-qua-xep-hang-tin-nhiem/bao-cao/20250612-rating-announcement-mcredit-vn-pdf.55.html,https://visrating.com/rating-results/report/20250612-rating-announcement-mcredit-en-pdf.55.html,,https://visrating.com/ket-qua-xep-hang-tin-nhiem/to-chuc/cong-ty-tai-chinh-tin-dung-tieu-dung-tnhh-mb-shinsei.17.html,17.0,Định chế tài chính,Doanh nghiệp,Xếp hạng lần đầu,A-,Ổn định,2026-09-20 08:47:45,visrating_xhtn_20260920.csv
VIS Rating,12/06/2025,2025-06-12,Ngân hàng TMCP Việt Á,Quốc gia,Định chế tài chính,,Công cụ nợ,Lần đầu,BBB+,8.0,Ổn định,False,False,False,False,,VABCLH2330001,Dài hạn,,https://visrating.com/ket-qua-xep-hang-tin-nhiem/bao-cao/visrating-vab-trai-phieu-kqxhtn-12062025vn.145.html,https://visrating.com/rating-results/report/visrating-vab-bond-announcement-12062025en.145.html,,https://visrating.com/ket-qua-xep-hang-tin-nhiem/to-chuc/ngan-hang-tmcp-viet-a.12.html,12.0,Định chế tài chính,Công cụ nợ,Xếp hạng lần đầu,BBB+,Ổn định,2026-09-20 08:47:45,visrating_xhtn_20260920.csv
VIS Rating,12/06/2025,2025-06-12,Ngân hàng TMCP Việt Á,Quốc gia,Định chế tài chính,,Công cụ nợ,Lần đầu,BBB+,8.0,Ổn định,False,False,False,False,,VABCLH2431001,Dài hạn,,https://visrating.com/ket-qua-xep-hang-tin-nhiem/bao-cao/visrating-vab-trai-phieu-kqxhtn-12062025vn.144.html,https://visrating.com/rating-results/report/visrating-vab-bond-announcement-12062025en.144.html,,https://visrating.com/ket-qua-xep-hang-tin-nhiem/to-chuc/ngan-hang-tmcp-viet-a.12.html,12.0,Định chế tài chính,Công cụ nợ,Xếp hạng lần đầu,BBB+,Ổn định,2026-09-20 08:47:45,visrating_xhtn_20260920.csv
VIS Rating,12/06/2025,2025-06-12,Ngân hàng TMCP Việt Á,Quốc gia,Định chế tài chính,,Công cụ nợ,Lần đầu,BBB+,8.0,Ổn định,False,False,False,False,,VABLH2431002,Dài hạn,,https://visrating.com/ket-qua-xep-hang-tin-nhiem/bao-cao/visrating-vab-trai-phieu-kqxhtn-12062025vn.58.html,https://visrating.com/rating-results/report/visrating-vab-bond-announcement-12062025en.58.html,,https://visrating.com/ket-qua-xep-hang-tin-nhiem/to-chuc/ngan-hang-tmcp-viet-a.12.html,12.0,Định chế tài chính,Công cụ nợ,Xếp hạng lần đầu,BBB+,Ổn định,2026-09-20 08:47:45,visrating_xhtn_20260920.csv
S&I Ratings,10/06/2025,2025-06-10,Công ty Cổ phần Chứng khoán DNSE,Quốc gia,Định chế tài chính,Chứng khoán,Tổ chức phát hành,Lần đầu,BBB,9.0,Ổn định,False,False,False,False,,,,,https://sni-rating.s3.ap-southeast-1.amazonaws.com/wp-content/uploads/2025/06/10143529/DNSE-Credit-Report-Summary.pdf,,,https://sniratings.com.vn/?rating=cong-ty-co-phan-chung-khoan-dnse,4708.0,Tổ chức tài chính,Tổ chức phát hành,Lần đầu,BBB,Ổn định,2026-09-20 08:47:55,sniratings_xhtn_20260920.csv
FiinRatings,04/06/2025,2025-06-04,Công ty Cổ phần Chứng khoán Kỹ Thương,Quốc gia,,Dịch vụ tài chính,Tổ chức phát hành,Lần đầu,AA-,4.0,Ổn định,False,False,False,False,,,,,,,,https://fiinratings.vn/vi/ratings-fr/cong-ty-co-phan-chung-khoan-ky-thuong-id3843.html,3843.0,,XHTN Tổ chức phát hành,XHTN Lần đầu,AA-,Ổn định,2026-09-20 08:47:39,fiinratings_xhtn_20260920.csv
Saigon Ratings,04/06/2025,2025-06-04,Công ty Cổ phần Dịch vụ Cao ốc Masterise Lumiere Office,Quốc gia,,Phát triển Bất động sản,Tổ chức phát hành,Giám sát,,,,False,False,True,False,,,,,https://saigonratings.com/gsxh-mlo-2025/,,,,,,Tổ chức phát hành,Giám sát Xếp hạng,Bảo mật,Bảo mật,2026-09-20 08:47:49,saigonratings_xhtn_20260920.csv
VIS Rating,04/06/2025,2025-06-04,Công ty Cổ phần Tasco,Quốc gia,Doanh nghiệp,,Tổ chức phát hành,Giám sát,BBB+,8.0,Ổn định,False,False,False,False,,,Dài hạn,,,,,https://visrating.com/ket-qua-xep-hang-tin-nhiem/to-chuc/cong-ty-co-phan-tasco.8.html,8.0,Doanh nghiệp,Doanh nghiệp,Giám sát theo dõi,BBB+,Ổn định,2026-09-20 08:47:45,visrating_xhtn_20260920.csv
FiinRatings,03/06/2025,2025-06-03,Công ty TNHH Nước sạch Hòa Bình - Xuân Mai,Quốc gia,,Nước và tiện ích,Công cụ nợ,Cập nhật,AAA,1.0,Ổn định,False,False,False,False,,HBXCH2444001,,,,,,https://fiinratings.vn/vi/ratings-fr/cong-ty-tnhh-nuoc-sạch-hoa-binh---xaan-mai-id1881003.html,1881003.0,,XHTN Công cụ nợ,Cập nhật kết quả XHTN,AAA,Ổn định,2026-09-20 08:47:39,fiinratings_xhtn_20260920.csv
FiinRatings,30/05/2025,2025-05-30,Công ty TNHH Dịch vụ Du lịch Cáp treo Fansipan Sa Pa,Quốc gia,,Du lịch và Giải trí,Tổ chức phát hành,Cập nhật,BB-,13.0,Ổn định,False,False,False,False,,,,,,,,https://fiinratings.vn/vi/ratings-fr/cong-ty-tnhh-dich-vu-da-lich-cap-treo-fansipan-sa-pa-id8454.html,8454.0,,XHTN Tổ chức phát hành,Cập nhật kết quả XHTN,BB-,Ổn định,2026-09-20 08:47:39,fiinratings_xhtn_20260920.csv
VIS Rating,29/05/2025,2025-05-29,Công ty Cổ phần Đầu tư Kinh doanh Bất động sản Hà An,Quốc gia,Doanh nghiệp,,Tổ chức phát hành,Kết thúc,WR,,,True,False,False,False,Đã rút xếp hạng,,Dài hạn,,https://visrating.com/ket-qua-xep-hang-tin-nhiem/bao-cao/20250529-ha-an-rating-withdrawal-vn-pdf.54.html,https://visrating.com/rating-results/report/20250529_ha_an_rating_withdrawal-en-pdf.54.html,,https://visrating.com/ket-qua-xep-hang-tin-nhiem/to-chuc/cong-ty-co-phan-dau-tu-kinh-doanh-bat-dong-san-ha-an.1.html,1.0,Doanh nghiệp,Doanh nghiệp,Kết thúc,WR,,2026-09-20 08:47:45,visrating_xhtn_20260920.csv
FiinRatings,27/05/2025,2025-05-27,Công ty Cổ phần Chứng khoán Dầu khí,Quốc gia,,Dịch vụ tài chính,Tổ chức phát hành,Cập nhật,BB+,11.0,Ổn định,False,False,False,False,,,,,,,,https://fiinratings.vn/vi/ratings-fr/cong-ty-co-phan-chung-khoan-daa-khi-id3658.html,3658.0,,XHTN Tổ chức phát hành,Cập nhật kết quả XHTN,BB+,Ổn định,2026-09-20 08:47:39,fiinratings_xhtn_20260920.csv
Saigon Ratings,23/05/2025,2025-05-23,Công Ty Cổ Phần Đầu Tư Và Phát Triển Newco,Quốc gia,,Phát triển Bất động sản,Tổ chức phát hành,Giám sát,BB-,13.0,Ổn định,False,False,False,False,,,,,https://saigonratings.com/gsxh6t-newco-2025/,,,,,,Tổ chức phát hành,Giám sát Xếp hạng,vnBB-,Ổn định,2026-09-20 08:47:49,saigonratings_xhtn_20260920.csv
Saigon Ratings,21/05/2025,2025-05-21,Công Ty TNHH Dịch Vụ Thương Mại Tổng Hợp An Thịnh,Quốc gia,,Phát triển Bất động sản,Tổ chức phát hành,Giám sát,BB,12.0,Ổn định,False,False,False,False,,,,,https://saigonratings.com/gsxh6t-an_thinh-2025/,,,,,,Tổ chức phát hành,Giám sát Xếp hạng,vnBB,Ổn định,2026-09-20 08:47:49,saigonratings_xhtn_20260920.csv
Saigon Ratings,21/05/2025,2025-05-21,Công ty Cổ phần Xuất Nhập Khẩu Sài Gòn Xanh,Quốc gia,,Phát triển Bất động sản,Tổ chức phát hành,Giám sát,BB,12.0,Ổn định,True,False,False,False,,,,,https://saigonratings.com/gsxh6t-saigon_xanh-2025/,,,,,,Tổ chức phát hành,Giám sát Xếp hạng (hết hạn),vnBB,Ổn định,2026-09-20 08:47:49,saigonratings_xhtn_20260920.csv
Saigon Ratings,21/05/2025,2025-05-21,Công ty Cổ phần Đầu tư Hạ tầng Kỹ thuật TPHCM (CII),Quốc gia,,Hạ tầng vận tải,Tổ chức phát hành,Giám sát,AA-,4.0,Ổn định,False,False,False,False,,,,,https://saigonratings.com/gsxh-cii-2025/,,,,,,Tổ chức phát hành,Giám sát Xếp hạng,vnAA-,Ổn định,2026-09-20 08:47:49,saigonratings_xhtn_20260920.csv
VIS Rating,21/05/2025,2025-05-21,Ngân hàng TMCP Tiên Phong,Quốc gia,Định chế tài chính,,Tổ chức phát hành,Cập nhật,AA-,4.0,Ổn định,False,False,False,False,,,Dài hạn,,https://visrating.com/ket-qua-xep-hang-tin-nhiem/bao-cao/visrating_tpb_bao_cao_ket_qua_xhtn_21052025-pdf.53.html,https://visrating.com/rating-results/report/visrating_tpb_rating_announcement_21052025-pdf.53.html,,https://visrating.com/ket-qua-xep-hang-tin-nhiem/to-chuc/ngan-hang-tmcp-tien-phong.4.html,4.0,Định chế tài chính,Doanh nghiệp,Cập nhật,AA-,Ổn định,2026-09-20 08:47:45,visrating_xhtn_20260920.csv
FiinRatings,19/05/2025,2025-05-19,Công ty Cổ phần Nước Biwase - Long An,Quốc gia,,Nước và tiện ích,Công cụ nợ,Cập nhật,AAA,1.0,Ổn định,False,False,False,False,,BWLCH2434001,,,,,,https://fiinratings.vn/vi/ratings-fr/cong-ty-co-phan-nuoc-biwase---long-an-id7305.html,7305.0,,XHTN Công cụ nợ,Cập nhật kết quả XHTN,AAA,Ổn định,2026-09-20 08:47:39,fiinratings_xhtn_20260920.csv
Saigon Ratings,16/05/2025,2025-05-16,Công ty Cổ phần Tập đoàn Đầu tư I.P.A,Quốc gia,,Tổng Công ty Đầu tư,Tổ chức phát hành,Giám sát,A-,7.0,Ổn định,False,False,False,False,,,,,https://saigonratings.com/giam-sat-thuong-nien-ipa-2025/,,,,,,Tổ chức phát hành,Giám sát Xếp hạng,vnA-,Ổn định,2026-09-20 08:47:49,saigonratings_xhtn_20260920.csv
VIS Rating,15/05/2025,2025-05-15,Công ty Cổ phần Chứng khoán MB,Quốc gia,Định chế tài chính,,Tổ chức phát hành,Lần đầu,A+,5.0,Ổn định,False,False,False,False,,,Dài hạn,,https://visrating.com/ket-qua-xep-hang-tin-nhiem/bao-cao/visrating_mbs_bao_cao_ket_qua_xhtn_15052025-pdf.52.html,https://visrating.com/rating-results/report/visrating_mbs_rating_announcement_15052025-pdf.52.html,,https://visrating.com/ket-qua-xep-hang-tin-nhiem/to-chuc/cong-ty-co-phan-chung-khoan-mb.15.html,15.0,Định chế tài chính,Doanh nghiệp,Xếp hạng lần đầu,A+,Ổn định,2026-09-20 08:47:45,visrating_xhtn_20260920.csv
VIS Rating,15/05/2025,2025-05-15,Công ty Cổ phần Chứng khoán UP,Quốc gia,Định chế tài chính,,Tổ chức phát hành,Lần đầu,BBB-,10.0,Ổn định,False,False,False,False,,,Dài hạn,,https://visrating.com/ket-qua-xep-hang-tin-nhiem/bao-cao/visrating-ups-bao-cao-ket-qua-xhtn-15052025-pdf.51.html,https://visrating.com/rating-results/report/visrating-ups-rating-announcement-15052025-pdf.51.html,,https://visrating.com/ket-qua-xep-hang-tin-nhiem/to-chuc/cong-ty-co-phan-chung-khoan-up.14.html,14.0,Định chế tài chính,Doanh nghiệp,Xếp hạng lần đầu,BBB-,Ổn định,2026-09-20 08:47:45,visrating_xhtn_20260920.csv
VIS Rating,15/05/2025,2025-05-15,Ngân hàng TMCP Phương Đông,Quốc gia,Định chế tài chính,,Tổ chức phát hành,Cập nhật,A-,7.0,Ổn định,False,False,False,False,,,Dài hạn,,https://visrating.com/ket-qua-xep-hang-tin-nhiem/bao-cao/visrating-ocb-bao-cao-ket-qua-xhtn-15052025-pdf.50.html,https://visrating.com/rating-results/report/visrating-ocb-rating-announcement-15052025-pdf.50.html,,https://visrating.com/ket-qua-xep-hang-tin-nhiem/to-chuc/ngan-hang-tmcp-phuong-dong.3.html,3.0,Định chế tài chính,Doanh nghiệp,Cập nhật,A-,Ổn định,2026-09-20 08:47:45,visrating_xhtn_20260920.csv
VIS Rating,14/05/2025,2025-05-14,Công ty Cổ phần Chứng khoán VNDIRECT,Quốc gia,Định chế tài chính,,Tổ chức phát hành,Lần đầu,A-,7.0,Ổn định,False,False,False,False,,,Dài hạn,,https://visrating.com/ket-qua-xep-hang-tin-nhiem/bao-cao/20250624_vnd_rating_announcement_vn-pdf.49.html,https://visrating.com/rating-results/report/20250624_vnd_rating_announcement_en-pdf.49.html,,https://visrating.com/ket-qua-xep-hang-tin-nhiem/to-chuc/cong-ty-co-phan-chung-khoan-vndirect.13.html,13.0,Định chế tài chính,Doanh nghiệp,Xếp hạng lần đầu,A-,Ổn định,2026-09-20 08:47:45,visrating_xhtn_20260920.csv
FiinRatings,13/05/2025,2025-05-13,Công ty TNHH Nước sạch Hòa Bình - Xuân Mai,Quốc gia,,Nước và tiện ích,Tổ chức phát hành,Cập nhật,BB,12.0,Ổn định,False,False,False,False,,,,,,,,https://fiinratings.vn/vi/ratings-fr/cong-ty-tnhh-nuoc-sạch-hoa-binh---xaan-mai-id1881003.html,1881003.0,,XHTN Tổ chức phát hành,Cập nhật kết quả XHTN,BB,Ổn định,2026-09-20 08:47:39,fiinratings_xhtn_20260920.csv
Saigon Ratings,12/05/2025,2025-05-12,Công ty Cổ phần Tư Vấn và Kinh Doanh Bất động sản TCO,Quốc gia,,Phát triển Bất động sản,Tổ chức phát hành,Giám sát,BB-,13.0,Ổn định,False,False,False,False,,,,,https://saigonratings.com/gsxh6t-tco-2025/,,,,,,Tổ chức phát hành,Giám sát Xếp hạng,vnBB-,Ổn định,2026-09-20 08:47:49,saigonratings_xhtn_20260920.csv
VIS Rating,08/05/2025,2025-05-08,Ngân hàng TMCP Lộc Phát Việt Nam,Quốc gia,Định chế tài chính,,Tổ chức phát hành,Cập nhật,A+,5.0,Ổn định,False,False,False,False,,,Dài hạn,,https://visrating.com/ket-qua-xep-hang-tin-nhiem/bao-cao/bao-cao-ket-qua-xep-hang-tin-nhiem-lpbank-08052025.140.html,https://visrating.com/rating-results/report/rating-announcement-lpbank-08052025.140.html,,https://visrating.com/ket-qua-xep-hang-tin-nhiem/to-chuc/ngan-hang-tmcp-loc-phat-viet-nam.2.html,2.0,Định chế tài chính,Doanh nghiệp,Cập nhật,A+,Ổn định,2026-09-20 08:47:45,visrating_xhtn_20260920.csv
FiinRatings,07/05/2025,2025-05-07,"Công ty Cổ Phần Xây Dựng, Đầu Tư Bất Động Sản Việt Minh Hoàng",Quốc gia,,Bất động sản,Tổ chức phát hành,Lần đầu,BB,12.0,Ổn định,False,False,False,False,,,,,,,,https://fiinratings.vn/vi/ratings-fr/cong-ty-co-phan-xay-dung--daa-tu-bat-dong-san-viet-minh-hoang-id795017.html,795017.0,,XHTN Tổ chức phát hành,XHTN Lần đầu,BB,Ổn định,2026-09-20 08:47:39,fiinratings_xhtn_20260920.csv
FiinRatings,30/04/2025,2025-04-30,Công ty Cổ phần Dịch vụ Quản lý Tài sản Việt Nam,Quốc gia,,Bất động sản,Tổ chức phát hành,Cập nhật,B,15.0,Ổn định,False,False,False,False,,,,,,,,https://fiinratings.vn/vi/ratings-fr/cong-ty-co-phan-dich-vu-qaan-ly-tai-san-viet-naa-id143597.html,143597.0,,XHTN Tổ chức phát hành,Cập nhật kết quả XHTN,B,Ổn định,2026-09-20 08:47:39,fiinratings_xhtn_20260920.csv
FiinRatings,30/04/2025,2025-04-30,Công ty Cổ phần Dịch vụ Quản lý Tài sản Việt Nam,Quốc gia,,Bất động sản,Công cụ nợ,Cập nhật,BB-,13.0,Ổn định,False,False,False,False,,VPMCH2431001,,,,,,https://fiinratings.vn/vi/ratings-fr/cong-ty-co-phan-dich-vu-qaan-ly-tai-san-viet-naa-id143597.html,143597.0,,XHTN Công cụ nợ,Cập nhật kết quả XHTN,BB-,Ổn định,2026-09-20 08:47:39,fiinratings_xhtn_20260920.csv
FiinRatings,29/04/2025,2025-04-29,Ngân hàng Thương mại Cổ phần Kỹ thương Việt Nam,Quốc gia,,Ngân hàng,Tổ chức phát hành,Cập nhật,AA-,4.0,Ổn định,False,False,False,False,,,,,,,,https://fiinratings.vn/vi/ratings-fr/ngan-hang-thuong-aại-co-phan-ky-thuong-viet-naa-id3842.html,3842.0,,XHTN Tổ chức phát hành,Cập nhật kết quả XHTN,AA-,Ổn định,2026-09-20 08:47:39,fiinratings_xhtn_20260920.csv
FiinRatings,25/04/2025,2025-04-25,Công ty Cổ phần Nước Biwase - Long An,Quốc gia,,Nước và tiện ích,Tổ chức phát hành,Cập nhật,BBB,9.0,Ổn định,False,False,False,False,,,,,,,,https://fiinratings.vn/vi/ratings-fr/cong-ty-co-phan-nuoc-biwase---long-an-id7305.html,7305.0,,XHTN Tổ chức phát hành,Cập nhật kết quả XHTN,BBB,Ổn định,2026-09-20 08:47:39,fiinratings_xhtn_20260920.csv
FiinRatings,25/04/2025,2025-04-25,Công ty Cổ phần Đầu tư Nam Long,Quốc gia,,Bất động sản,Tổ chức phát hành,Cập nhật,A-,7.0,Ổn định,False,False,False,False,,,,,,,,https://fiinratings.vn/vi/ratings-fr/cong-ty-co-phan-daa-tu-naa-long-id3448.html,3448.0,,XHTN Tổ chức phát hành,Cập nhật kết quả XHTN,A-,Ổn định,2026-09-20 08:47:39,fiinratings_xhtn_20260920.csv
FiinRatings,25/04/2025,2025-04-25,Công ty Tài Chính Trách Nhiệm Hữu Hạn Một Thành Viên Home Credit Việt Nam,Quốc gia,,Dịch vụ tài chính,Tổ chức phát hành,Lần đầu,A,6.0,Ổn định,False,False,False,False,,,,,,,,https://fiinratings.vn/vi/ratings-fr/cong-ty-tai-chinh-trach-nhiea-hữa-hạn-mot-thanh-vien-hoae-credit-viet-naa-id593806.html,593806.0,,XHTN Tổ chức phát hành,XHTN Lần đầu,A,Ổn định,2026-09-20 08:47:39,fiinratings_xhtn_20260920.csv
VIS Rating,25/04/2025,2025-04-25,Công ty Cổ phần Tập đoàn Gelex,Quốc gia,Doanh nghiệp,,Tổ chức phát hành,Giám sát,A,6.0,Ổn định,False,False,False,False,,,Dài hạn,,,,,https://visrating.com/ket-qua-xep-hang-tin-nhiem/to-chuc/cong-ty-co-phan-tap-doan-gelex.7.html,7.0,Doanh nghiệp,Doanh nghiệp,Giám sát theo dõi,A,Ổn định,2026-09-20 08:47:45,visrating_xhtn_20260920.csv
Saigon Ratings,24/04/2025,2025-04-24,Công ty Cổ phần Thành Thành Công - Biên Hòa (SBT),Quốc gia,,Sản xuất đường,Tổ chức phát hành,Lần đầu,A+,5.0,Ổn định,False,False,False,False,,,,,https://saigonratings.com/xhtn-sbt-2025/,,,,,,Tổ chức phát hành,Xếp hạng lần đầu,vnA+,Ổn định,2026-09-20 08:47:49,saigonratings_xhtn_20260920.csv
VIS Rating,22/04/2025,2025-04-22,Ngân hàng TMCP Việt Á,Quốc gia,Định chế tài chính,,Tổ chức phát hành,Lần đầu,A-,7.0,Ổn định,False,False,False,False,,,Dài hạn,,https://visrating.com/ket-qua-xep-hang-tin-nhiem/bao-cao/visrating-vab-bao-cao-kqxhtn-22042025vn-pdf.134.html,https://visrating.com/rating-results/report/visrating-vab-rating-announcement-22042025en-pdf.134.html,,https://visrating.com/ket-qua-xep-hang-tin-nhiem/to-chuc/ngan-hang-tmcp-viet-a.12.html,12.0,Định chế tài chính,Doanh nghiệp,Xếp hạng lần đầu,A-,Ổn định,2026-09-20 08:47:45,visrating_xhtn_20260920.csv
VIS Rating,21/04/2025,2025-04-21,Ngân hàng TMCP An Bình,Quốc gia,Định chế tài chính,,Tổ chức phát hành,Giám sát,A-,7.0,Ổn định,False,False,False,False,,,Dài hạn,,,,,https://visrating.com/ket-qua-xep-hang-tin-nhiem/to-chuc/ngan-hang-tmcp-an-binh.6.html,6.0,Định chế tài chính,Doanh nghiệp,Giám sát theo dõi,A-,Ổn định,2026-09-20 08:47:45,visrating_xhtn_20260920.csv
FiinRatings,12/04/2025,2025-04-12,Ngân hàng Thương mại Cổ phần Quốc tế Việt Nam,Quốc gia,,Ngân hàng,Tổ chức phát hành,Cập nhật,A,6.0,Tích cực,False,False,False,False,,,,,,,,https://fiinratings.vn/vi/ratings-fr/ngan-hang-thuong-aại-co-phan-qaoc-te-viet-naa-id4062.html,4062.0,,XHTN Tổ chức phát hành,Cập nhật kết quả XHTN,A,Thuận lợi,2026-09-20 08:47:39,fiinratings_xhtn_20260920.csv
FiinRatings,10/04/2025,2025-04-10,Công ty Cổ phần Đầu tư và Du lịch Vạn Hương,Quốc gia,,Bất động sản,Tổ chức phát hành,Cập nhật,B,15.0,Ổn định,False,False,False,False,,,,,,,,https://fiinratings.vn/vi/ratings-fr/cong-ty-co-phan-daa-tu-va-da-lich-vạn-huong-id10968.html,10968.0,,XHTN Tổ chức phát hành,Cập nhật kết quả XHTN,B,Ổn định,2026-09-20 08:47:39,fiinratings_xhtn_20260920.csv
Saigon Ratings,10/04/2025,2025-04-10,Công ty Cổ phần Đầu tư Năm Bảy Bảy,Quốc gia,,Phát triển Bất động sản,Tổ chức phát hành,Giám sát,,,,True,False,True,False,,,,,https://saigonratings.com/gsxh6t-nam_bay_bay-2025/,,,,,,Tổ chức phát hành,Giám sát Xếp hạng (hết hạn),Bảo mật,Bảo mật,2026-09-20 08:47:49,saigonratings_xhtn_20260920.csv
FiinRatings,09/04/2025,2025-04-09,Công Ty TNHH Truyền Dẫn Nước Sạch Xuân Mai - Hà Nội,Quốc gia,,Nước và tiện ích,Công cụ nợ,Lần đầu,AAA,1.0,Ổn định,False,False,False,False,,XMH12501,,,,,,https://fiinratings.vn/vi/ratings-fr/cong-ty-tnhh-trayen-dan-nuoc-sạch-xaan-mai---ha-noi-id2176657.html,2176657.0,,XHTN Công cụ nợ,XHTN Lần đầu,AAA,Ổn định,2026-09-20 08:47:39,fiinratings_xhtn_20260920.csv
Saigon Ratings,08/04/2025,2025-04-08,Công ty Cổ phần AAC Việt Nam,Quốc gia,,Phát triển Bất động sản,Tổ chức phát hành,Lần đầu,BBB-,10.0,Ổn định,True,False,False,False,,,,,https://saigonratings.com/xhtn-aac-2025/,,,,,,Tổ chức phát hành,Xếp hạng lần đầu (hết hạn),vnBBB-,Ổn định,2026-09-20 08:47:49,saigonratings_xhtn_20260920.csv
FiinRatings,03/04/2025,2025-04-03,Công Ty TNHH Truyền Dẫn Nước Sạch Xuân Mai - Hà Nội,Quốc gia,,Nước và tiện ích,Tổ chức phát hành,Lần đầu,BB,12.0,Ổn định,False,False,False,False,,,,,,,,https://fiinratings.vn/vi/ratings-fr/cong-ty-tnhh-trayen-dan-nuoc-sạch-xaan-mai---ha-noi-id2176657.html,2176657.0,,XHTN Tổ chức phát hành,XHTN Lần đầu,BB,Ổn định,2026-09-20 08:47:39,fiinratings_xhtn_20260920.csv
Saigon Ratings,03/04/2025,2025-04-03,Công ty Cổ phần Đầu tư Phát triển Bất động sản Thành Vinh,Quốc gia,,Phát triển Bất động sản,Tổ chức phát hành,Lần đầu,BBB-,10.0,Ổn định,True,False,False,False,,,,,https://saigonratings.com/?p=7530&preview=true,,,,,,Tổ chức phát hành,Xếp hạng lần đầu (hết hạn),vnBBB-,Ổn định,2026-09-20 08:47:49,saigonratings_xhtn_20260920.csv
FiinRatings,02/04/2025,2025-04-02,Công ty Cổ phần Kinh doanh F88,Quốc gia,,Dịch vụ tài chính,Tổ chức phát hành,Cập nhật,BBB-,10.0,Tích cực,False,False,False,False,,,,,,,,https://fiinratings.vn/vi/ratings-fr/cong-ty-co-phan-kinh-doanh-f88-id7766.html,7766.0,,XHTN Tổ chức phát hành,Cập nhật kết quả XHTN,BBB-,Thuận lợi,2026-09-20 08:47:39,fiinratings_xhtn_20260920.csv
FiinRatings,01/04/2025,2025-04-01,Ngân hàng Thương mại Cổ phần Bắc Á,Quốc gia,,Ngân hàng,Tổ chức phát hành,Cập nhật,A-,7.0,Ổn định,False,False,False,False,,,,,,,,https://fiinratings.vn/vi/ratings-fr/ngan-hang-thuong-aại-co-phan-bac-a-id3422.html,3422.0,,XHTN Tổ chức phát hành,Cập nhật kết quả XHTN,A-,Ổn định,2026-09-20 08:47:39,fiinratings_xhtn_20260920.csv
Saigon Ratings,31/03/2025,2025-03-31,Công ty Cổ phần Dịch vụ Cao ốc Masterise Lumiere Office,Quốc gia,,Phát triển Bất động sản,Tổ chức phát hành,Giám sát,,,,False,False,True,False,,,,,https://saigonratings.com/gsxh6t-mlo-2025/,,,,,,Tổ chức phát hành,Giám sát Xếp hạng,Bảo mật,Bảo mật,2026-09-20 08:47:49,saigonratings_xhtn_20260920.csv
Saigon Ratings,31/03/2025,2025-03-31,Công ty Cổ phần Năng lượng Bắc Hà,Quốc gia,,Sản xuất điện,Tổ chức phát hành,Lần đầu,A-,7.0,Ổn định,False,False,False,False,,,,,https://saigonratings.com/kqxh-bacha-2025/,,,,,,Tổ chức phát hành,Xếp hạng lần đầu,vnA-,Ổn định,2026-09-20 08:47:49,saigonratings_xhtn_20260920.csv
FiinRatings,29/03/2025,2025-03-29,Ngân hàng Thương mại Cổ phần Phát Triển Thành phố Hồ Chí Minh,Quốc gia,,Ngân hàng,Tổ chức phát hành,Cập nhật,A,6.0,Tích cực,False,False,False,False,,,,,,,,https://fiinratings.vn/vi/ratings-fr/ngan-hang-thuong-aại-co-phan-phat-trien-thanh-pho-hồ-chi-minh-id3101.html,3101.0,,XHTN Tổ chức phát hành,Cập nhật kết quả XHTN,A,Thuận lợi,2026-09-20 08:47:39,fiinratings_xhtn_20260920.csv
Saigon Ratings,27/03/2025,2025-03-27,Công ty Cổ phần Đầu tư và Phát triển Residence,Quốc gia,,Phát triển Bất động sản,Tổ chức phát hành,Giám sát,B,15.0,Ổn định,True,False,False,False,,,,,https://saigonratings.com/gsxh6t-residence-2025/,,,,,,Tổ chức phát hành,Giám sát Xếp hạng (hết hạn),vnB,Ổn định,2026-09-20 08:47:49,saigonratings_xhtn_20260920.csv
Saigon Ratings,27/03/2025,2025-03-27,Công ty TNHH Phát triển Bất động sản Nhà Sài Gòn,Quốc gia,,Phát triển Bất động sản,Tổ chức phát hành,Giám sát,B-,16.0,Ổn định,True,False,False,False,,,,,https://saigonratings.com/gsxh6t-nha_sai_gon-2025/,,,,,,Tổ chức phát hành,Giám sát Xếp hạng (hết hạn),vnB-,Ổn định,2026-09-20 08:47:49,saigonratings_xhtn_20260920.csv
FiinRatings,21/03/2025,2025-03-21,Công ty Cổ phần Chứng khoán Tiên Phong,Quốc gia,,Dịch vụ tài chính,Tổ chức phát hành,Cập nhật,BBB-,10.0,Tiêu cực,False,False,False,False,,,,,,,,https://fiinratings.vn/vi/ratings-fr/cong-ty-co-phan-chung-khoan-tien-phong-id3542.html,3542.0,,XHTN Tổ chức phát hành,Cập nhật kết quả XHTN,BBB-,Không thuận lợi,2026-09-20 08:47:39,fiinratings_xhtn_20260920.csv
Saigon Ratings,17/03/2025,2025-03-17,Công ty Cổ Phần Đầu Tư Xây Dựng NEW TECH,Quốc gia,,Phát triển Bất động sản,Tổ chức phát hành,Lần đầu,BB,12.0,Ổn định,False,False,False,False,,,,,https://saigonratings.com/kqxh-newtech-2025/,,,,,,Tổ chức phát hành,Xếp hạng lần đầu,vnBB,Ổn định,2026-09-20 08:47:49,saigonratings_xhtn_20260920.csv
Saigon Ratings,17/03/2025,2025-03-17,Công ty Cổ phần Sản xuất và Kinh doanh VinFast,Quốc gia,,Sản xuất ôtô,Tổ chức phát hành,Giám sát,BB,12.0,Ổn định,False,False,False,False,,,,,https://saigonratings.com/gsxh6t-vinfast-2025/,,,,,,Tổ chức phát hành,Giám sát Xếp hạng,vnBB,Ổn định,2026-09-20 08:47:49,saigonratings_xhtn_20260920.csv
Saigon Ratings,17/03/2025,2025-03-17,Công ty TNHH Allgreen-Vượng Thành-Trùng Dương,Quốc gia,,Phát triển Bất động sản,Tổ chức phát hành,Giám sát,BB+,11.0,Ổn định,False,False,False,False,,,,,https://saigonratings.com/gsxh6t-avt-2025/,,,,,,Tổ chức phát hành,Giám sát Xếp hạng,vnBB+,Ổn định,2026-09-20 08:47:49,saigonratings_xhtn_20260920.csv
VIS Rating,16/03/2025,2025-03-16,Công ty Cổ phần Tập đoàn Phượng Hoàng Xanh A&A,Quốc gia,Doanh nghiệp,,Tổ chức phát hành,Giám sát,A,6.0,Ổn định,False,False,False,False,,,Dài hạn,,,,,https://visrating.com/ket-qua-xep-hang-tin-nhiem/to-chuc/cong-ty-co-phan-tap-doan-phuong-hoang-xanh-aanda.5.html,5.0,Doanh nghiệp,Doanh nghiệp,Giám sát theo dõi,A,Ổn định,2026-09-20 08:47:45,visrating_xhtn_20260920.csv
S&I Ratings,10/03/2025,2025-03-10,Ngân Hàng TMCP Phương Đông,Quốc gia,Định chế tài chính,Ngân hàng,Tổ chức phát hành,Lần đầu,A+,5.0,Ổn định,False,False,False,False,,,,,https://sni-rating.s3.ap-southeast-1.amazonaws.com/wp-content/uploads/2025/03/10163537/OCB-Credit-Report-Summary.pdf,,,https://sniratings.com.vn/?rating=ngan-hang-tmcp-an-binh,591.0,Tổ chức tài chính,Tổ chức phát hành,Lần đầu,A+,Ổn định,2026-09-20 08:47:55,sniratings_xhtn_20260920.csv
Saigon Ratings,10/03/2025,2025-03-10,Công ty Cổ phần Sunshine Sky Villa,Quốc gia,,Phát triển Bất động sản,Tổ chức phát hành,Giám sát,BBB-,10.0,Ổn định,True,False,False,False,,,,,https://saigonratings.com/gsxh6t-skyvilla-2025/,,,,,,Tổ chức phát hành,Giám sát Xếp hạng (hết hạn),vnBBB-,Ổn định,2026-09-20 08:47:49,saigonratings_xhtn_20260920.csv
FiinRatings,09/03/2025,2025-03-09,Ngân hàng Thương mại Cổ phần Á Châu,Quốc gia,,Ngân hàng,Tổ chức phát hành,Cập nhật,AA+,2.0,Ổn định,False,False,False,False,,,,,,,,https://fiinratings.vn/vi/ratings-fr/ngan-hang-thuong-aại-co-phan-a-chaa-id2739.html,2739.0,,XHTN Tổ chức phát hành,Cập nhật kết quả XHTN,AA+,Ổn định,2026-09-20 08:47:39,fiinratings_xhtn_20260920.csv
Saigon Ratings,05/03/2025,2025-03-05,Công ty Cổ phần Đầu tư và Xây dựng Xa lộ Hà Nội,Quốc gia,,Hạ tầng vận tải,Tổ chức phát hành,Giám sát,A+,5.0,Ổn định,True,False,False,False,,,,,https://saigonratings.com/gsxh-xlhn-2025/,,,,,,Tổ chức phát hành,Giám sát Xếp hạng (hết hạn),vnA+,Ổn định,2026-09-20 08:47:49,saigonratings_xhtn_20260920.csv
FiinRatings,03/03/2025,2025-03-03,Công ty Cổ phần Phát triển Bất động sản Văn Phú,Quốc gia,,Bất động sản,Tổ chức phát hành,Cập nhật,BB+,11.0,Ổn định,False,False,False,False,,,,,,,,https://fiinratings.vn/vi/ratings-fr/cong-ty-co-phan-phat-trien-bat-dong-san-van-phu-id6328.html,6328.0,,XHTN Tổ chức phát hành,Cập nhật kết quả XHTN,BB+,Ổn định,2026-09-20 08:47:39,fiinratings_xhtn_20260920.csv
FiinRatings,28/02/2025,2025-02-28,Công ty Cổ phần Tập đoàn Hà Đô,Quốc gia,,Đa ngành,Tổ chức phát hành,Cập nhật,A,6.0,Ổn định,False,False,False,False,,,,,,,,https://fiinratings.vn/vi/ratings-fr/cong-ty-co-phan-tap-doan-ha-do-id3116.html,3116.0,,XHTN Tổ chức phát hành,Cập nhật kết quả XHTN,A,Ổn định,2026-09-20 08:47:39,fiinratings_xhtn_20260920.csv
Saigon Ratings,20/02/2025,2025-02-20,Công ty Cổ phần Đầu tư Thành Thành Công (TTCI),Quốc gia,,Tổng công ty đầu tư,Tổ chức phát hành,Giám sát,A+,5.0,Ổn định,False,False,False,False,,,,,https://saigonratings.com/gsxh6t-ttci-2025/,,,,,,Tổ chức phát hành,Giám sát Xếp hạng,vnA+,Ổn định,2026-09-20 08:47:49,saigonratings_xhtn_20260920.csv
Saigon Ratings,10/02/2025,2025-02-10,Công ty Cổ phần Đầu tư Hoàng Đông Dương,Quốc gia,,Phát triển Bất động sản,Tổ chức phát hành,Giám sát,BB,12.0,Ổn định,True,False,False,False,,,,,https://saigonratings.com/gsxh6t-hoang-dong-duong-2025/,,,,,,Tổ chức phát hành,Giám sát Xếp hạng (hết hạn),vnBB,Ổn định,2026-09-20 08:47:49,saigonratings_xhtn_20260920.csv
Saigon Ratings,03/02/2025,2025-02-03,Công ty Cổ phần Đầu tư Hạ tầng Kỹ thuật TPHCM (CII),Quốc gia,,Hạ tầng vận tải,Tổ chức phát hành,Giám sát,A+,5.0,Ổn định,False,False,False,False,,,,,https://saigonratings.com/?p=7300&preview=true,,,,,,Tổ chức phát hành,Giám sát Xếp hạng,vnA+,Ổn định,2026-09-20 08:47:49,saigonratings_xhtn_20260920.csv
Saigon Ratings,24/01/2025,2025-01-24,Công ty TNHH Công nghiệp - Bất động sản và Xây dựng Song Phương,Quốc gia,,Phát triển Bất động sản,Tổ chức phát hành,Giám sát,BBB-,10.0,Ổn định,True,False,False,False,,,,,https://saigonratings.com/gsxh6t-song-phuong-2025/,,,,,,Tổ chức phát hành,Giám sát Xếp hạng (hết hạn),vnBBB-,Ổn định,2026-09-20 08:47:49,saigonratings_xhtn_20260920.csv
Saigon Ratings,22/01/2025,2025-01-22,Công ty TNHH Đầu tư & Phát triển Bất động sản Hải Đăng,Quốc gia,,Phát triển Bất động sản,Tổ chức phát hành,Giám sát,BB+,11.0,Ổn định,False,False,False,False,,,,,https://saigonratings.com/gsxh6t-hai_dang-2025/,,,,,,Tổ chức phát hành,Giám sát Xếp hạng,vnBB+,Ổn định,2026-09-20 08:47:49,saigonratings_xhtn_20260920.csv
Saigon Ratings,17/01/2025,2025-01-17,Công ty Cổ phần Huy Dương Group,Quốc gia,,Phát triển Bất động sản,Tổ chức phát hành,Giám sát,BB-,13.0,Ổn định,True,False,False,False,,,,,https://saigonratings.com/gsxh6t-hdgr-2025/,,,,,,Tổ chức phát hành,Giám sát Xếp hạng (hết hạn),vnBB-,Ổn định,2026-09-20 08:47:49,saigonratings_xhtn_20260920.csv
FiinRatings,15/01/2025,2025-01-15,Công ty Cổ phần Chứng Khoán VPS,Quốc gia,,Dịch vụ tài chính,Tổ chức phát hành,Lần đầu,A,6.0,Ổn định,False,False,False,False,,,,,,,,https://fiinratings.vn/vi/ratings-fr/cong-ty-co-phan-chung-khoan-vps-id4273.html,4273.0,,XHTN Tổ chức phát hành,XHTN Lần đầu,A,Ổn định,2026-09-20 08:47:39,fiinratings_xhtn_20260920.csv
FiinRatings,15/01/2025,2025-01-15,Công ty Cổ phần Xây dựng Coteccons,Quốc gia,,Xây dựng,Tổ chức phát hành,Cập nhật,BBB+,8.0,Ổn định,False,False,False,False,,,,,,,,https://fiinratings.vn/vi/ratings-fr/cong-ty-co-phan-xay-dung-coteccons-id2564.html,2564.0,,XHTN Tổ chức phát hành,Cập nhật kết quả XHTN,BBB+,Ổn định,2026-09-20 08:47:39,fiinratings_xhtn_20260920.csv
FiinRatings,10/01/2025,2025-01-10,Công Ty TNHH Đảo Ngọc Xanh Kỳ Sơn,Quốc gia,,Bất động sản,Tổ chức phát hành,Cập nhật,B-,16.0,Ổn định,False,False,False,False,,,,,,,,https://fiinratings.vn/vi/ratings-fr/cong-ty-tnhh-dao-ngoc-xanh-ky-son-id1933320.html,1933320.0,,XHTN Tổ chức phát hành,Cập nhật kết quả XHTN,B-,Ổn định,2026-09-20 08:47:39,fiinratings_xhtn_20260920.csv
Saigon Ratings,02/01/2025,2025-01-02,Công ty Cổ phần Chứng khoán Rồng Việt (VDS),Quốc gia,,Chứng khoán,Tổ chức phát hành,Giám sát,BBB,9.0,Ổn định,False,False,False,False,,,,,https://saigonratings.com/gsxh-rong-viet-2025/,,,,,,Tổ chức phát hành,Giám sát Xếp hạng,vnBBB,Ổn định,2026-09-20 08:47:49,saigonratings_xhtn_20260920.csv
FiinRatings,31/12/2024,2024-12-31,Tổng Công ty Cổ phần Đầu tư Phát triển Xây dựng,Quốc gia,,Bất động sản,Tổ chức phát hành,Cập nhật,BB+,11.0,Ổn định,False,False,False,False,,,,,,,,https://fiinratings.vn/vi/ratings-fr/tong-cong-ty-co-phan-daa-tu-phat-trien-xay-dung-id2623.html,2623.0,,XHTN Tổ chức phát hành,Cập nhật kết quả XHTN,BB+,Ổn định,2026-09-20 08:47:39,fiinratings_xhtn_20260920.csv
Saigon Ratings,31/12/2024,2024-12-31,Công Ty Cổ phần Địa Ốc Phú Long,Quốc gia,,Phát triển Bất động sản,Tổ chức phát hành,Lần đầu,,,,False,False,True,True,,,,,https://saigonratings.com/kqxhtn-phu_long-2024/,,,,,,Tổ chức phát hành,Xếp hạng lần đầu,Bảo mật,Bảo mật,2026-09-20 08:47:49,saigonratings_xhtn_20260920.csv
Saigon Ratings,31/12/2024,2024-12-31,Công ty Cổ phần Khu công nghiệp Thành Thành Công (TTC IZ),Quốc gia,,Cho thuê Bất động sản,Tổ chức phát hành,Giám sát,A,6.0,Ổn định,False,False,False,False,,,,,https://saigonratings.com/gsxh6t-ttc_kcn-2024/,,,,,,Tổ chức phát hành,Giám sát Xếp hạng,vnA,Ổn định,2026-09-20 08:47:49,saigonratings_xhtn_20260920.csv
Saigon Ratings,31/12/2024,2024-12-31,Công ty Cổ phần Sovico,Quốc gia,,Tổng Công ty Đầu tư (IHC),Tổ chức phát hành,Lần đầu,,,,True,False,True,False,,,,,https://saigonratings.com/kqxhtn-sovico-2024/,,,,,,Tổ chức phát hành,Xếp hạng lần đầu (hết hạn),Bảo mật,Bảo mật,2026-09-20 08:47:49,saigonratings_xhtn_20260920.csv
Saigon Ratings,31/12/2024,2024-12-31,Công ty Cổ phần Tập đoàn Sovico,Quốc gia,,Tập đoàn đa ngành,Tổ chức phát hành,Lần đầu,,,,True,False,True,True,,,,,https://saigonratings.com/kqxhtn-tap_doan_sovico-2024/,,,,,,Tổ chức phát hành,Xếp hạng lần đầu (hết hạn),Bảo mật,Bảo mật,2026-09-20 08:47:49,saigonratings_xhtn_20260920.csv
FiinRatings,27/12/2024,2024-12-27,Công ty Cổ phần Chứng khoán Dầu khí,Quốc gia,,Dịch vụ tài chính,Tổ chức phát hành,Cập nhật,BB+,11.0,Ổn định,False,False,False,False,,,,,,,,https://fiinratings.vn/vi/ratings-fr/cong-ty-co-phan-chung-khoan-daa-khi-id3658.html,3658.0,,XHTN Tổ chức phát hành,Cập nhật kết quả XHTN,BB+,Ổn định,2026-09-20 08:47:39,fiinratings_xhtn_20260920.csv
FiinRatings,27/12/2024,2024-12-27,Công ty Cổ phần Chứng khoán Tiên Phong,Quốc gia,,Dịch vụ tài chính,Tổ chức phát hành,Cập nhật,BBB-,10.0,Ổn định,False,False,False,False,,,,,,,,https://fiinratings.vn/vi/ratings-fr/cong-ty-co-phan-chung-khoan-tien-phong-id3542.html,3542.0,,XHTN Tổ chức phát hành,Cập nhật kết quả XHTN,BBB-,Ổn định,2026-09-20 08:47:39,fiinratings_xhtn_20260920.csv
FiinRatings,27/12/2024,2024-12-27,Công ty TNHH Đầu Tư Xây Dựng Thiên Hà - Băng Dương,Quốc gia,,Bất động sản,Tổ chức phát hành,Cập nhật,B,15.0,Tiêu cực,False,False,False,False,,,,,,,,https://fiinratings.vn/vi/ratings-fr/cong-ty-tnhh-daa-tu-xay-dung-thien-ha---bang-duong-id1287041.html,1287041.0,,XHTN Tổ chức phát hành,Cập nhật kết quả XHTN,B,Không thuận lợi,2026-09-20 08:47:39,fiinratings_xhtn_20260920.csv
Saigon Ratings,27/12/2024,2024-12-27,Công ty Cổ phần Mua bán nợ và Quản lý tài sản HDBank,Quốc gia,,Dịch vụ mua bán nợ,Tổ chức phát hành,Lần đầu,BB+,11.0,Ổn định,False,False,False,False,,,,,https://saigonratings.com/kqxhtn-hdamc-2024/,,,,,,Tổ chức phát hành,Xếp hạng lần đầu,vnBB+,Ổn định,2026-09-20 08:47:49,saigonratings_xhtn_20260920.csv
Saigon Ratings,27/12/2024,2024-12-27,Công ty Cổ phần Xuất Nhập Khẩu Sài Gòn Xanh,Quốc gia,,Phát triển Bất động sản,Tổ chức phát hành,Giám sát,BB,12.0,Ổn định,True,False,False,False,,,,,https://saigonratings.com/gsxh-sgx-2024/,,,,,,Tổ chức phát hành,Giám sát Xếp hạng (hết hạn),vnBB,Ổn định,2026-09-20 08:47:49,saigonratings_xhtn_20260920.csv
Saigon Ratings,26/12/2024,2024-12-26,Công Ty Cổ phần Hàng Không VIETJET (VIETJET AIR),Quốc gia,,Hàng không,Tổ chức phát hành,Giám sát,BBB-,10.0,Ổn định,False,False,False,False,,,,,https://saigonratings.com/gsxh6t-vjc-2024/,,,,,,Tổ chức phát hành,Giám sát Xếp hạng,vnBBB-,Ổn định,2026-09-20 08:47:49,saigonratings_xhtn_20260920.csv
FiinRatings,24/12/2024,2024-12-24,Ngân hàng Thương mại Cổ phần Kỹ thương Việt Nam,Quốc gia,,Ngân hàng,Tổ chức phát hành,Cập nhật,AA-,4.0,Ổn định,False,False,False,False,,,,,,,,https://fiinratings.vn/vi/ratings-fr/ngan-hang-thuong-aại-co-phan-ky-thuong-viet-naa-id3842.html,3842.0,,XHTN Tổ chức phát hành,Cập nhật kết quả XHTN,AA-,Ổn định,2026-09-20 08:47:39,fiinratings_xhtn_20260920.csv
Saigon Ratings,21/12/2024,2024-12-21,Công ty TNHH Năng lượng tái tạo,Quốc gia,,Năng lượng,Tổ chức phát hành,Lần đầu,BB,12.0,Ổn định,True,False,False,False,,,,,https://saigonratings.com/kqxhtn-re-2024/,,,,,,Tổ chức phát hành,Xếp hạng lần đầu (hết hạn),vnBB,Ổn định,2026-09-20 08:47:49,saigonratings_xhtn_20260920.csv
Saigon Ratings,16/12/2024,2024-12-16,Công ty Cổ phần Tập đoàn Khải Hoàn Land,Quốc gia,,Dịch vụ - Phát triển Bất động sản,Tổ chức phát hành,Giám sát,BBB-,10.0,Ổn định,False,False,False,False,,,,,https://saigonratings.com/gsxh-khai_hoan_land-2024/,,,,,,Tổ chức phát hành,Giám sát Xếp hạng,vnBBB-,Ổn định,2026-09-20 08:47:49,saigonratings_xhtn_20260920.csv
Saigon Ratings,13/12/2024,2024-12-13,Công ty Cổ phần Tập đoàn Đầu tư I.P.A,Quốc gia,,Tổng Công ty Đầu tư (IHC),Tổ chức phát hành,Giám sát,BBB+,8.0,Ổn định,False,False,False,False,,,,,https://saigonratings.com/gsxh6t-ipa-2024/,,,,,,Tổ chức phát hành,Giám sát Xếp hạng,vnBBB+,Ổn định,2026-09-20 08:47:49,saigonratings_xhtn_20260920.csv
Saigon Ratings,12/12/2024,2024-12-12,Công ty Cổ phần Thuận Đức,Quốc gia,,Bao bì,Tổ chức phát hành,Giám sát,BBB,9.0,Ổn định,False,False,False,False,,,,,https://saigonratings.com/gsxh-thuan-duc-2024/,,,,,,Tổ chức phát hành,Giám sát Xếp hạng,vnBBB,Ổn định,2026-09-20 08:47:49,saigonratings_xhtn_20260920.csv
FiinRatings,09/12/2024,2024-12-09,Ngân hàng Thương mại Cổ phần Quốc tế Việt Nam,Quốc gia,,Ngân hàng,Tổ chức phát hành,Cập nhật,A,6.0,Tích cực,False,False,False,False,,,,,,,,https://fiinratings.vn/vi/ratings-fr/ngan-hang-thuong-aại-co-phan-qaoc-te-viet-naa-id4062.html,4062.0,,XHTN Tổ chức phát hành,Cập nhật kết quả XHTN,A,Thuận lợi,2026-09-20 08:47:39,fiinratings_xhtn_20260920.csv
FiinRatings,06/12/2024,2024-12-06,Ngân hàng Thương mại Cổ phần Phát Triển Thành phố Hồ Chí Minh,Quốc gia,,Ngân hàng,Tổ chức phát hành,Cập nhật,A,6.0,Tích cực,False,False,False,False,,,,,,,,https://fiinratings.vn/vi/ratings-fr/ngan-hang-thuong-aại-co-phan-phat-trien-thanh-pho-hồ-chi-minh-id3101.html,3101.0,,XHTN Tổ chức phát hành,Cập nhật kết quả XHTN,A,Thuận lợi,2026-09-20 08:47:39,fiinratings_xhtn_20260920.csv
FiinRatings,04/12/2024,2024-12-04,Công ty TNHH Nước sạch Hòa Bình - Xuân Mai,Quốc gia,,Nước và tiện ích,Công cụ nợ,Lần đầu,AAA,1.0,Ổn định,False,False,False,False,,HBXCH2444001,,,,,,https://fiinratings.vn/vi/ratings-fr/cong-ty-tnhh-nuoc-sạch-hoa-binh---xaan-mai-id1881003.html,1881003.0,,XHTN Công cụ nợ,XHTN Lần đầu,AAA,Ổn định,2026-09-20 08:47:39,fiinratings_xhtn_20260920.csv
VIS Rating,04/12/2024,2024-12-04,Công ty Cổ phần Tasco,Quốc gia,Doanh nghiệp,,Tổ chức phát hành,Lần đầu,BBB+,8.0,Ổn định,False,False,False,False,,,Dài hạn,,https://visrating.com/ket-qua-xep-hang-tin-nhiem/bao-cao/vis-rating-hut-bao-cao-ket-qua-xhtn-04122024-pdf.44.html,https://visrating.com/rating-results/report/vis-rating-hut-rating-announcement-04122024-pdf.44.html,,https://visrating.com/ket-qua-xep-hang-tin-nhiem/to-chuc/cong-ty-co-phan-tasco.8.html,8.0,Doanh nghiệp,Doanh nghiệp,Xếp hạng lần đầu,BBB+,Ổn định,2026-09-20 08:47:45,visrating_xhtn_20260920.csv
FiinRatings,30/11/2024,2024-11-30,Công ty TNHH Dịch vụ Du lịch Cáp treo Fansipan Sa Pa,Quốc gia,,Du lịch và Giải trí,Tổ chức phát hành,Lần đầu,BB+,11.0,Ổn định,False,False,False,False,,,,,,,,https://fiinratings.vn/vi/ratings-fr/cong-ty-tnhh-dich-vu-da-lich-cap-treo-fansipan-sa-pa-id8454.html,8454.0,,XHTN Tổ chức phát hành,XHTN Lần đầu,BB+,Ổn định,2026-09-20 08:47:39,fiinratings_xhtn_20260920.csv
Saigon Ratings,30/11/2024,2024-11-30,Công ty Cổ phần Du lịch Thành Thành Công,Quốc gia,,Dịch vụ Khách sạn - Nhà hàng - Giải trí,Tổ chức phát hành,Giám sát,BBB+,8.0,Ổn định,True,False,False,False,,,,,https://saigonratings.com/gsxh6t-ttcdl-2024/,,,,,,Tổ chức phát hành,Giám sát Xếp hạng (hết hạn),vnBBB+,Ổn định,2026-09-20 08:47:49,saigonratings_xhtn_20260920.csv
VIS Rating,29/11/2024,2024-11-29,Công ty Cổ phần Đầu tư Kinh doanh Bất động sản Hà An,Quốc gia,Doanh nghiệp,,Tổ chức phát hành,Giám sát,BBB,9.0,Ổn định,False,False,False,False,,,Dài hạn,,,,,https://visrating.com/ket-qua-xep-hang-tin-nhiem/to-chuc/cong-ty-co-phan-dau-tu-kinh-doanh-bat-dong-san-ha-an.1.html,1.0,Doanh nghiệp,Doanh nghiệp,Giám sát theo dõi,BBB,Ổn định,2026-09-20 08:47:45,visrating_xhtn_20260920.csv
Saigon Ratings,28/11/2024,2024-11-28,Công ty Cổ phần Rox Key Holdings,Quốc gia,,Dịch vụ chuyên biệt,Tổ chức phát hành,Lần đầu,A-,7.0,Ổn định,True,False,False,False,,,,,https://saigonratings.com/kqxhtn-rox_key_holdings-2024/,,,,,,Tổ chức phát hành,Xếp hạng lần đầu (hết hạn),vnA-,Ổn định,2026-09-20 08:47:49,saigonratings_xhtn_20260920.csv
Saigon Ratings,25/11/2024,2024-11-25,Công Ty Cổ Phần Đầu Tư Và Phát Triển Newco,Quốc gia,,Phát triển Bất động sản,Tổ chức phát hành,Lần đầu,BB-,13.0,Ổn định,False,False,False,False,,,,,https://saigonratings.com/kqxhtn-newco-2024/,,,,,,Tổ chức phát hành,Xếp hạng lần đầu,vnBB-,Ổn định,2026-09-20 08:47:49,saigonratings_xhtn_20260920.csv
Saigon Ratings,25/11/2024,2024-11-25,Công Ty TNHH Dịch Vụ Thương Mại Tổng Hợp An Thịnh,Quốc gia,,Phát triển Bất động sản,Tổ chức phát hành,Lần đầu,BB,12.0,Ổn định,False,False,False,False,,,,,https://saigonratings.com/kqxhtn-an_thinh-2024/,,,,,,Tổ chức phát hành,Xếp hạng lần đầu,vnBB,Ổn định,2026-09-20 08:47:49,saigonratings_xhtn_20260920.csv
VIS Rating,21/11/2024,2024-11-21,Ngân hàng TMCP Tiên Phong,Quốc gia,Định chế tài chính,,Tổ chức phát hành,Giám sát,AA-,4.0,Ổn định,False,False,False,False,,,Dài hạn,,,,,https://visrating.com/ket-qua-xep-hang-tin-nhiem/to-chuc/ngan-hang-tmcp-tien-phong.4.html,4.0,Định chế tài chính,Doanh nghiệp,Giám sát theo dõi,AA-,Ổn định,2026-09-20 08:47:45,visrating_xhtn_20260920.csv
FiinRatings,19/11/2024,2024-11-19,Công ty Cổ phần Nước Biwase - Long An,Quốc gia,,Nước và tiện ích,Công cụ nợ,Lần đầu,AAA,1.0,Ổn định,False,False,False,False,,BWLCH2434001,,,,,,https://fiinratings.vn/vi/ratings-fr/cong-ty-co-phan-nuoc-biwase---long-an-id7305.html,7305.0,,XHTN Công cụ nợ,XHTN Lần đầu,AAA,Ổn định,2026-09-20 08:47:39,fiinratings_xhtn_20260920.csv
FiinRatings,17/11/2024,2024-11-17,Công ty TNHH Hoàng Trúc My,Quốc gia,,Bất động sản,Tổ chức phát hành,Cập nhật,B,15.0,Tiêu cực,False,False,False,False,,,,,,,,https://fiinratings.vn/vi/ratings-fr/cong-ty-tnhh-hoang-truc-my-id1958231.html,1958231.0,,XHTN Tổ chức phát hành,Cập nhật kết quả XHTN,B,Không thuận lợi,2026-09-20 08:47:39,fiinratings_xhtn_20260920.csv
VIS Rating,15/11/2024,2024-11-15,Ngân hàng TMCP Phương Đông,Quốc gia,Định chế tài chính,,Tổ chức phát hành,Giám sát,A+,5.0,Ổn định,False,False,False,False,,,Dài hạn,,,,,https://visrating.com/ket-qua-xep-hang-tin-nhiem/to-chuc/ngan-hang-tmcp-phuong-dong.3.html,3.0,Định chế tài chính,Doanh nghiệp,Giám sát theo dõi,A+,Ổn định,2026-09-20 08:47:45,visrating_xhtn_20260920.csv
FiinRatings,13/11/2024,2024-11-13,Công ty TNHH Nước sạch Hòa Bình - Xuân Mai,Quốc gia,,Nước và tiện ích,Tổ chức phát hành,Lần đầu,BB,12.0,Ổn định,False,False,False,False,,,,,,,,https://fiinratings.vn/vi/ratings-fr/cong-ty-tnhh-nuoc-sạch-hoa-binh---xaan-mai-id1881003.html,1881003.0,,XHTN Tổ chức phát hành,XHTN Lần đầu,BB,Ổn định,2026-09-20 08:47:39,fiinratings_xhtn_20260920.csv
Saigon Ratings,12/11/2024,2024-11-12,Công ty Cổ phần Xuất Nhập Khẩu Sài Gòn Xanh,Quốc gia,,Phát triển Bất động sản,Tổ chức phát hành,Lần đầu,,,,True,False,True,False,,,,,https://saigonratings.com/kqxhtn-saigonxanh-2024/,,,,,,Tổ chức phát hành,Xếp hạng lần đầu (hết hạn),Bảo mật,Bảo mật,2026-09-20 08:47:49,saigonratings_xhtn_20260920.csv
VIS Rating,08/11/2024,2024-11-08,Ngân hàng TMCP Lộc Phát Việt Nam,Quốc gia,Định chế tài chính,,Tổ chức phát hành,Giám sát,A+,5.0,Ổn định,False,False,False,False,,,Dài hạn,,,,,https://visrating.com/ket-qua-xep-hang-tin-nhiem/to-chuc/ngan-hang-tmcp-loc-phat-viet-nam.2.html,2.0,Định chế tài chính,Doanh nghiệp,Giám sát theo dõi,A+,Ổn định,2026-09-20 08:47:45,visrating_xhtn_20260920.csv
Saigon Ratings,06/11/2024,2024-11-06,Công ty Cổ phần Tư Vấn và Kinh Doanh Bất động sản TCO,Quốc gia,,Phát triển Bất động sản,Tổ chức phát hành,Lần đầu,BB-,13.0,Ổn định,False,False,False,False,,,,,https://saigonratings.com/kqxhtn-tco-2024/,,,,,,Tổ chức phát hành,Xếp hạng lần đầu,vnBB-,Ổn định,2026-09-20 08:47:49,saigonratings_xhtn_20260920.csv
FiinRatings,30/10/2024,2024-10-30,Công ty Cổ phần Dịch vụ Quản lý Tài sản Việt Nam,Quốc gia,,Bất động sản,Tổ chức phát hành,Lần đầu,B,15.0,Ổn định,False,False,False,False,,,,,,,,https://fiinratings.vn/vi/ratings-fr/cong-ty-co-phan-dich-vu-qaan-ly-tai-san-viet-naa-id143597.html,143597.0,,XHTN Tổ chức phát hành,XHTN Lần đầu,B,Ổn định,2026-09-20 08:47:39,fiinratings_xhtn_20260920.csv
FiinRatings,30/10/2024,2024-10-30,Công ty Cổ phần Dịch vụ Quản lý Tài sản Việt Nam,Quốc gia,,Bất động sản,Công cụ nợ,Lần đầu,BB-,13.0,Ổn định,False,False,False,False,,VPMCH2431001,,,,,,https://fiinratings.vn/vi/ratings-fr/cong-ty-co-phan-dich-vu-qaan-ly-tai-san-viet-naa-id143597.html,143597.0,,XHTN Công cụ nợ,XHTN Lần đầu,BB-,Ổn định,2026-09-20 08:47:39,fiinratings_xhtn_20260920.csv
FiinRatings,25/10/2024,2024-10-25,Công ty Cổ phần Nước Biwase - Long An,Quốc gia,,Nước và tiện ích,Tổ chức phát hành,Lần đầu,BBB,9.0,Ổn định,False,False,False,False,,,,,,,,https://fiinratings.vn/vi/ratings-fr/cong-ty-co-phan-nuoc-biwase---long-an-id7305.html,7305.0,,XHTN Tổ chức phát hành,XHTN Lần đầu,BBB,Ổn định,2026-09-20 08:47:39,fiinratings_xhtn_20260920.csv
FiinRatings,25/10/2024,2024-10-25,Công ty Cổ phần Đầu tư Nam Long,Quốc gia,,Bất động sản,Tổ chức phát hành,Cập nhật,A-,7.0,Ổn định,False,False,False,False,,,,,,,,https://fiinratings.vn/vi/ratings-fr/cong-ty-co-phan-daa-tu-naa-long-id3448.html,3448.0,,XHTN Tổ chức phát hành,Cập nhật kết quả XHTN,A-,Ổn định,2026-09-20 08:47:39,fiinratings_xhtn_20260920.csv
VIS Rating,25/10/2024,2024-10-25,Công ty Cổ phần Tập đoàn Gelex,Quốc gia,Doanh nghiệp,,Tổ chức phát hành,Lần đầu,A,6.0,Ổn định,False,False,False,False,,,Dài hạn,,https://visrating.com/ket-qua-xep-hang-tin-nhiem/bao-cao/vis-rating-gex-bao-cao-ket-qua-xep-hang-tin-nhiem-25102024-pdf.35.html,https://visrating.com/rating-results/report/vis-rating-gex-rating-announcement-25102024-pdf.35.html,,https://visrating.com/ket-qua-xep-hang-tin-nhiem/to-chuc/cong-ty-co-phan-tap-doan-gelex.7.html,7.0,Doanh nghiệp,Doanh nghiệp,Xếp hạng lần đầu,A,Ổn định,2026-09-20 08:47:45,visrating_xhtn_20260920.csv
Saigon Ratings,23/10/2024,2024-10-23,Công ty Cổ phần Phát triển Nhiên liệu Sinh học Việt Nam,Quốc gia,,Hóa chất,Tổ chức phát hành,Giám sát,CCC+,17.0,Tiêu cực,True,False,False,False,,,,,https://saigonratings.com/gsxh6t-nhien-lieu-sinh-hoc-2024/,,,,,,Tổ chức phát hành,Giám sát Xếp hạng (hết hạn),vnCCC+,Tiêu cực,2026-09-20 08:47:49,saigonratings_xhtn_20260920.csv
Saigon Ratings,23/10/2024,2024-10-23,Công ty TNHH Aqua City Hòa Bình,Quốc gia,,Phát triển Bất động sản,Tổ chức phát hành,Giám sát,BB-,13.0,Ổn định,True,False,False,False,,,,,https://saigonratings.com/gsxh6t-aquacity-2024/,,,,,,Tổ chức phát hành,Giám sát Xếp hạng (hết hạn),vnBB-,Ổn định,2026-09-20 08:47:49,saigonratings_xhtn_20260920.csv
Saigon Ratings,23/10/2024,2024-10-23,Công ty TNHH Khu Đô thị mới Trung Minh,Quốc gia,,Phát triển Bất động sản,Tổ chức phát hành,Giám sát,BB-,13.0,Ổn định,True,False,False,False,,,,,https://saigonratings.com/gsxh6t-trung_minh-2024/,,,,,,Tổ chức phát hành,Giám sát Xếp hạng (hết hạn),vnBB-,Ổn định,2026-09-20 08:47:49,saigonratings_xhtn_20260920.csv
FiinRatings,21/10/2024,2024-10-21,Công ty Cổ phần Phát triển Bất động sản Văn Phú,Quốc gia,,Bất động sản,Tổ chức phát hành,Cập nhật,BB+,11.0,Ổn định,False,False,False,False,,,,,,,,https://fiinratings.vn/vi/ratings-fr/cong-ty-co-phan-phat-trien-bat-dong-san-van-phu-id6328.html,6328.0,,XHTN Tổ chức phát hành,Cập nhật kết quả XHTN,BB+,Ổn định,2026-09-20 08:47:39,fiinratings_xhtn_20260920.csv
VIS Rating,21/10/2024,2024-10-21,Ngân hàng TMCP An Bình,Quốc gia,Định chế tài chính,,Tổ chức phát hành,Lần đầu,A-,7.0,Ổn định,False,False,False,False,,,Dài hạn,,https://visrating.com/ket-qua-xep-hang-tin-nhiem/bao-cao/vis-rating-abb-bao-cao-ket-qua-xep-hang-tin-nhiem-21102024-pdf.32.html,https://visrating.com/rating-results/report/vis-rating-abb-rating-announcement-21102024-pdf.32.html,,https://visrating.com/ket-qua-xep-hang-tin-nhiem/to-chuc/ngan-hang-tmcp-an-binh.6.html,6.0,Định chế tài chính,Doanh nghiệp,Xếp hạng lần đầu,A-,Ổn định,2026-09-20 08:47:45,visrating_xhtn_20260920.csv
FiinRatings,12/10/2024,2024-10-12,Công ty Cổ phần Kinh doanh F88,Quốc gia,,Dịch vụ tài chính,Tổ chức phát hành,Cập nhật,BBB-,10.0,Ổn định,False,False,False,False,,,,,,,,https://fiinratings.vn/vi/ratings-fr/cong-ty-co-phan-kinh-doanh-f88-id7766.html,7766.0,,XHTN Tổ chức phát hành,Cập nhật kết quả XHTN,BBB-,Ổn định,2026-09-20 08:47:39,fiinratings_xhtn_20260920.csv
FiinRatings,01/10/2024,2024-10-01,Ngân hàng Thương mại Cổ phần Bắc Á,Quốc gia,,Ngân hàng,Tổ chức phát hành,Cập nhật,A-,7.0,Ổn định,False,False,False,False,,,,,,,,https://fiinratings.vn/vi/ratings-fr/ngan-hang-thuong-aại-co-phan-bac-a-id3422.html,3422.0,,XHTN Tổ chức phát hành,Cập nhật kết quả XHTN,A-,Ổn định,2026-09-20 08:47:39,fiinratings_xhtn_20260920.csv
FiinRatings,27/09/2024,2024-09-27,Công ty Cổ phần Xây dựng Coteccons,Quốc gia,,Xây dựng,Tổ chức phát hành,Cập nhật,BBB+,8.0,Ổn định,False,False,False,False,,,,,,,,https://fiinratings.vn/vi/ratings-fr/cong-ty-co-phan-xay-dung-coteccons-id2564.html,2564.0,,XHTN Tổ chức phát hành,Cập nhật kết quả XHTN,BBB+,Ổn định,2026-09-20 08:47:39,fiinratings_xhtn_20260920.csv
Saigon Ratings,27/09/2024,2024-09-27,Công ty Cổ phần Đầu tư Năm Bảy Bảy,Quốc gia,,Phát triển Bất động sản,Tổ chức phát hành,Lần đầu,,,,True,False,True,False,,,,,https://saigonratings.com/kqxhtn-nambaybay-2024/,,,,,,Tổ chức phát hành,Xếp hạng lần đầu (hết hạn),Bảo mật,Bảo mật,2026-09-20 08:47:49,saigonratings_xhtn_20260920.csv
Saigon Ratings,27/09/2024,2024-09-27,Công ty Cổ phần Đầu tư và Phát triển Residence,Quốc gia,,Phát triển Bất động sản,Tổ chức phát hành,Lần đầu,B,15.0,Ổn định,True,False,False,False,,,,,https://saigonratings.com/kqxhtn-residence-2024/,,,,,,Tổ chức phát hành,Xếp hạng lần đầu (hết hạn),vnB,Ổn định,2026-09-20 08:47:49,saigonratings_xhtn_20260920.csv
Saigon Ratings,27/09/2024,2024-09-27,Công ty TNHH Phát triển Bất động sản Nhà Sài Gòn,Quốc gia,,Phát triển Bất động sản,Tổ chức phát hành,Lần đầu,B-,16.0,Ổn định,True,False,False,False,,,,,https://saigonratings.com/kqxhtn-nha_sai_gon-2024/,,,,,,Tổ chức phát hành,Xếp hạng lần đầu (hết hạn),vnB-,Ổn định,2026-09-20 08:47:49,saigonratings_xhtn_20260920.csv
Saigon Ratings,23/09/2024,2024-09-23,Công ty Cổ phần Dịch vụ Cao ốc Masterise Lumiere Office,Quốc gia,,Phát triển Bất động sản,Tổ chức phát hành,Lần đầu,,,,False,False,True,False,,,,,https://saigonratings.com/kqxhtn-mlo-2024/,,,,,,Tổ chức phát hành,Xếp hạng lần đầu,Bảo mật,Bảo mật,2026-09-20 08:47:49,saigonratings_xhtn_20260920.csv
Saigon Ratings,16/09/2024,2024-09-16,Công ty Cổ phần Sản xuất và Kinh doanh VinFast,Quốc gia,,Sản xuất ôtô,Tổ chức phát hành,Lần đầu,BB,12.0,Ổn định,False,False,False,False,,,,,https://saigonratings.com/kqxhtn-vinfast-2024/,,,,,,Tổ chức phát hành,Xếp hạng lần đầu,vnBB,Ổn định,2026-09-20 08:47:49,saigonratings_xhtn_20260920.csv
VIS Rating,16/09/2024,2024-09-16,Công ty Cổ phần Tập đoàn Phượng Hoàng Xanh A&A,Quốc gia,Doanh nghiệp,,Tổ chức phát hành,Lần đầu,A,6.0,Ổn định,False,False,False,False,,,Dài hạn,,https://visrating.com/ket-qua-xep-hang-tin-nhiem/bao-cao/vis-rating-phenikaa-bao-cao-ket-qua-xep-hang-tin-nhiem-16092024-pdf.31.html,https://visrating.com/rating-results/report/vis-rating-phenikaa-rating-announcement-16092024-pdf.31.html,,https://visrating.com/ket-qua-xep-hang-tin-nhiem/to-chuc/cong-ty-co-phan-tap-doan-phuong-hoang-xanh-aanda.5.html,5.0,Doanh nghiệp,Doanh nghiệp,Xếp hạng lần đầu,A,Ổn định,2026-09-20 08:47:45,visrating_xhtn_20260920.csv
Saigon Ratings,12/09/2024,2024-09-12,Công ty Cổ phần Sunshine Sky Villa,Quốc gia,,Phát triển Bất động sản,Tổ chức phát hành,Lần đầu,BBB-,10.0,Ổn định,True,False,False,False,,,,,https://saigonratings.com/kqxhtn-sunshine-sky-villa-2024/,,,,,,Tổ chức phát hành,Xếp hạng lần đầu (hết hạn),vnBBB-,Ổn định,2026-09-20 08:47:49,saigonratings_xhtn_20260920.csv
FiinRatings,10/09/2024,2024-09-10,Ngân hàng Thương mại Cổ phần Á Châu,Quốc gia,,Ngân hàng,Tổ chức phát hành,Lần đầu,AA+,2.0,Ổn định,False,False,False,False,,,,,,,,https://fiinratings.vn/vi/ratings-fr/ngan-hang-thuong-aại-co-phan-a-chaa-id2739.html,2739.0,,XHTN Tổ chức phát hành,XHTN Lần đầu,AA+,Ổn định,2026-09-20 08:47:39,fiinratings_xhtn_20260920.csv
Saigon Ratings,10/09/2024,2024-09-10,Công ty Cổ phần Di chuyển Xanh và Thông minh GSM,Quốc gia,,Vận tải,Tổ chức phát hành,Lần đầu,BB,12.0,Ổn định,True,False,False,False,,,,,https://saigonratings.com/kqxhtn-gsm-2024/,,,,,,Tổ chức phát hành,Xếp hạng lần đầu (hết hạn),vnBB,Ổn định,2026-09-20 08:47:49,saigonratings_xhtn_20260920.csv
FiinRatings,28/08/2024,2024-08-28,Công ty Cổ phần Tập đoàn Hà Đô,Quốc gia,,Đa ngành,Tổ chức phát hành,Cập nhật,A,6.0,Ổn định,False,False,False,False,,,,,,,,https://fiinratings.vn/vi/ratings-fr/cong-ty-co-phan-tap-doan-ha-do-id3116.html,3116.0,,XHTN Tổ chức phát hành,Cập nhật kết quả XHTN,A,Ổn định,2026-09-20 08:47:39,fiinratings_xhtn_20260920.csv
Saigon Ratings,19/08/2024,2024-08-19,Công ty TNHH Logisvalley Bắc Ninh (FDI),Quốc gia,,Cho thuê Bất động sản,Tổ chức phát hành,Giám sát,BBB-,10.0,Ổn định,True,False,False,False,,,,,https://saigonratings.com/gsxh6t-logisvalley_bacninh-2024/,,,,,,Tổ chức phát hành,Giám sát Xếp hạng (hết hạn),vnBBB-,Ổn định,2026-09-20 08:47:49,saigonratings_xhtn_20260920.csv
Saigon Ratings,19/08/2024,2024-08-19,Công ty TNHH Logisvalley Vina (FDI),Quốc gia,,Cho thuê Bất động sản,Tổ chức phát hành,Giám sát,BB+,11.0,Ổn định,True,False,False,False,,,,,https://saigonratings.com/gsxh6t-logisvalley_vina-2024/,,,,,,Tổ chức phát hành,Giám sát Xếp hạng (hết hạn),vnBB+,Ổn định,2026-09-20 08:47:49,saigonratings_xhtn_20260920.csv
Saigon Ratings,13/08/2024,2024-08-13,Công ty Cổ Phần Bảo Hiểm Phú Hưng (PAC),Quốc gia,,Bảo hiểm phi nhân thọ,Tổ chức phát hành,Giám sát,,,,True,False,True,False,,,,,https://saigonratings.com/gsxh-pac-2024/,,,,,,Tổ chức phát hành,Giám sát Xếp hạng (hết hạn),Bảo mật,Bảo mật,2026-09-20 08:47:49,saigonratings_xhtn_20260920.csv
Saigon Ratings,09/08/2024,2024-08-09,Công ty TNHH Allgreen-Vượng Thành-Trùng Dương,Quốc gia,,Phát triển Bất động sản,Tổ chức phát hành,Lần đầu,BB+,11.0,Ổn định,False,False,False,False,,,,,https://saigonratings.com/kqxhtn-trung-duong-2024/,,,,,,Tổ chức phát hành,Xếp hạng lần đầu,vnBB+,Ổn định,2026-09-20 08:47:49,saigonratings_xhtn_20260920.csv
FiinRatings,02/08/2024,2024-08-02,Ngân hàng Thương mại Cổ phần Kỹ thương Việt Nam,Quốc gia,,Ngân hàng,Tổ chức phát hành,Cập nhật,AA-,4.0,Ổn định,False,False,False,False,,,,,,,,https://fiinratings.vn/vi/ratings-fr/ngan-hang-thuong-aại-co-phan-ky-thuong-viet-naa-id3842.html,3842.0,,XHTN Tổ chức phát hành,Cập nhật kết quả XHTN,AA-,Ổn định,2026-09-20 08:47:39,fiinratings_xhtn_20260920.csv
Saigon Ratings,31/07/2024,2024-07-31,Công ty Cổ phần Bệnh viện Quốc tế Thái Nguyên,Quốc gia,,Dịch vụ y tế,Tổ chức phát hành,Giám sát,A+,5.0,Ổn định,True,False,False,False,,,,,https://saigonratings.com/gsxh6t-benh-vien-tnh-2024/,,,,,,Tổ chức phát hành,Giám sát Xếp hạng (hết hạn),vnA+,Ổn định,2026-09-20 08:47:49,saigonratings_xhtn_20260920.csv
Saigon Ratings,31/07/2024,2024-07-31,Công ty Cổ phần Chứng khoán Rồng Việt (VDS),Quốc gia,,Chứng khoán,Tổ chức phát hành,Giám sát,BBB,9.0,Ổn định,False,False,False,False,,,,,https://saigonratings.com/gsxh6t-rong-viet-2024/,,,,,,Tổ chức phát hành,Giám sát Xếp hạng,vnBBB,Ổn định,2026-09-20 08:47:49,saigonratings_xhtn_20260920.csv
Saigon Ratings,30/07/2024,2024-07-30,Công ty Cổ phần Thương mại Du Lịch Lạc Hồng,Quốc gia,,Dịch vụ lưu trú,Tổ chức phát hành,Giám sát,BBB,9.0,Ổn định,True,False,False,False,,,,,https://saigonratings.com/gsxh6t-lac-hong-2024/,,,,,,Tổ chức phát hành,Giám sát Xếp hạng (hết hạn),vnBBB,Ổn định,2026-09-20 08:47:49,saigonratings_xhtn_20260920.csv
Saigon Ratings,30/07/2024,2024-07-30,Công ty Cổ phần Đầu tư Hoàng Đông Dương,Quốc gia,,Phát triển Bất động sản,Tổ chức phát hành,Lần đầu,BB,12.0,Ổn định,True,False,False,False,,,,,https://saigonratings.com/kqxhtn-hoang-dong-duong-2024/,,,,,,Tổ chức phát hành,Xếp hạng lần đầu (hết hạn),vnBB,Ổn định,2026-09-20 08:47:49,saigonratings_xhtn_20260920.csv
Saigon Ratings,22/07/2024,2024-07-22,Công ty TNHH Đầu tư & Phát triển Bất động sản Hải Đăng,Quốc gia,,Phát triển Bất động sản,Tổ chức phát hành,Lần đầu,BB+,11.0,Ổn định,False,False,False,False,,,,,https://saigonratings.com/kqxhtn-hai-dang-2024/,,,,,,Tổ chức phát hành,Xếp hạng lần đầu,vnBB+,Ổn định,2026-09-20 08:47:49,saigonratings_xhtn_20260920.csv
Saigon Ratings,18/07/2024,2024-07-18,Công ty Cổ phần Dịch vụ Cáp treo Bà Nà,Quốc gia,,Vui chơi - Giải trí,Tổ chức phát hành,Giám sát,BBB-,10.0,Ổn định,True,False,False,False,,,,,https://saigonratings.com/gsxh-6t-cap-treo-ba-na-2024/,,,,,,Tổ chức phát hành,Giám sát Xếp hạng (hết hạn),vnBBB-,Ổn định,2026-09-20 08:47:49,saigonratings_xhtn_20260920.csv
Saigon Ratings,18/07/2024,2024-07-18,Công ty Cổ phần Năng lượng TNPower,Quốc gia,,Năng lượng,Tổ chức phát hành,Giám sát,,,,True,False,True,False,,,,,https://saigonratings.com/gsxhtn-tnpower-2024/,,,,,,Tổ chức phát hành,Giám sát Xếp hạng (Hết hạn),Bảo mật,Bảo mật,2026-09-20 08:47:49,saigonratings_xhtn_20260920.csv
Saigon Ratings,16/07/2024,2024-07-16,Công ty Cổ phần Huy Dương Group,Quốc gia,,Phát triển Bất động sản,Tổ chức phát hành,Lần đầu,BB-,13.0,Ổn định,True,False,False,False,,,,,https://saigonratings.com/kqxhtn-hdg-2024/,,,,,,Tổ chức phát hành,Xếp hạng lần đầu (hết hạn),vnBB-,Ổn định,2026-09-20 08:47:49,saigonratings_xhtn_20260920.csv
Saigon Ratings,15/07/2024,2024-07-15,Công ty Cổ phần Đầu tư Thành Thành Công (TTCI),Quốc gia,,Tổng công ty đầu tư,Tổ chức phát hành,Giám sát,A+,5.0,Ổn định,False,False,False,False,,,,,https://saigonratings.com/gsxhtn-ttc_dau_tu-2024/,,,,,,Tổ chức phát hành,Giám sát Xếp hạng,vnA+,Ổn định,2026-09-20 08:47:49,saigonratings_xhtn_20260920.csv
FiinRatings,12/07/2024,2024-07-12,Công ty Cổ phần Đầu tư và Du lịch Vạn Hương,Quốc gia,,Bất động sản,Tổ chức phát hành,Lần đầu,B,15.0,Ổn định,False,False,False,False,,,,,,,,https://fiinratings.vn/vi/ratings-fr/cong-ty-co-phan-daa-tu-va-da-lich-vạn-huong-id10968.html,10968.0,,XHTN Tổ chức phát hành,XHTN Lần đầu,B,Ổn định,2026-09-20 08:47:39,fiinratings_xhtn_20260920.csv
Saigon Ratings,12/07/2024,2024-07-12,Công ty Cổ phần BOT Trung Lương - Mỹ Thuận,Quốc gia,,Hạ tầng vận tải,Tổ chức phát hành,Lần đầu,A,6.0,Ổn định,True,False,False,False,,,,,https://saigonratings.com/kqxhtn-bot-trung-luong-2024/,,,,,,Tổ chức phát hành,Xếp hạng lần đầu (hết hạn),vnA,Ổn định,2026-09-20 08:47:49,saigonratings_xhtn_20260920.csv
FiinRatings,10/07/2024,2024-07-10,Công Ty TNHH Đảo Ngọc Xanh Kỳ Sơn,Quốc gia,,Bất động sản,Tổ chức phát hành,Lần đầu,B-,16.0,Ổn định,False,False,False,False,,,,,,,,https://fiinratings.vn/vi/ratings-fr/cong-ty-tnhh-dao-ngoc-xanh-ky-son-id1933320.html,1933320.0,,XHTN Tổ chức phát hành,XHTN Lần đầu,B-,Ổn định,2026-09-20 08:47:39,fiinratings_xhtn_20260920.csv
Saigon Ratings,09/07/2024,2024-07-09,Công ty Cổ phần Tập đoàn Khải Hoàn Land,Quốc gia,,Dịch vụ - Phát triển Bất động sản,Tổ chức phát hành,Giám sát,BBB-,10.0,Ổn định,False,False,False,False,,,,,https://saigonratings.com/gsxh-6t-khai-hoan-land-2024/,,,,,,Tổ chức phát hành,Giám sát Xếp hạng,vnBBB-,Ổn định,2026-09-20 08:47:49,saigonratings_xhtn_20260920.csv
Saigon Ratings,08/07/2024,2024-07-08,Công ty TNHH Công nghiệp - Bất động sản và Xây dựng Song Phương,Quốc gia,,Phát triển Bất động sản,Tổ chức phát hành,Lần đầu,BBB-,10.0,Ổn định,True,False,False,False,,,,,https://saigonratings.com/kqxhtn-song-phuong-2024/,,,,,,Tổ chức phát hành,Xếp hạng lần đầu (hết hạn),vnBBB-,Ổn định,2026-09-20 08:47:49,saigonratings_xhtn_20260920.csv
Saigon Ratings,02/07/2024,2024-07-02,Công ty Cổ phần Đầu tư và Xây dựng Xa lộ Hà Nội,Quốc gia,,Hạ tầng vận tải,Tổ chức phát hành,Giám sát,A+,5.0,Ổn định,True,False,False,False,,,,,https://saigonratings.com/gsxh-6t-xlhn-2024/,,,,,,Tổ chức phát hành,Giám sát Xếp hạng (hết hạn),vnA+,Ổn định,2026-09-20 08:47:49,saigonratings_xhtn_20260920.csv
Saigon Ratings,01/07/2024,2024-07-01,Công ty Cổ phần Đầu tư Hạ tầng Kỹ thuật TPHCM (CII),Quốc gia,,Hạ tầng vận tải,Tổ chức phát hành,Lần đầu,A+,5.0,Ổn định,False,False,False,False,,,,,https://saigonratings.com/kqxhtn-cii-2024/,,,,,,Tổ chức phát hành,Xếp hạng lần đầu,vnA+,Ổn định,2026-09-20 08:47:49,saigonratings_xhtn_20260920.csv
Saigon Ratings,01/07/2024,2024-07-01,Công ty TNHH MTV BOT Tỉnh Ninh Thuận,Quốc gia,,Hạ tầng vận tải,Tổ chức phát hành,Giám sát,A,6.0,Ổn định,True,False,False,False,,,,,https://saigonratings.com/gsxh-6t-bot-ninh-thuan-2024/,,,,,,Tổ chức phát hành,Giám sát Xếp hạng (hết hạn),vnA,Ổn định,2026-09-20 08:47:49,saigonratings_xhtn_20260920.csv
FiinRatings,30/06/2024,2024-06-30,Công ty Cổ phần Đầu Tư Và Phát Triển Xây Dựng,Quốc gia,,Bất động sản,Tổ chức phát hành,Cập nhật,BB+,11.0,Ổn định,False,False,False,False,,,,,,,,https://fiinratings.vn/vi/ratings-fr/cong-ty-co-phan-daa-tu-va-phat-trien-xay-dung-id3325.html,3325.0,,XHTN Tổ chức phát hành,Cập nhật kết quả XHTN,BB+,Ổn định,2026-09-20 08:47:39,fiinratings_xhtn_20260920.csv
Saigon Ratings,28/06/2024,2024-06-28,Công ty Cổ phần Thành Thành Công - Biên Hòa (SBT),Quốc gia,,Sản xuất đường,Tổ chức phát hành,Giám sát,A+,5.0,Ổn định,True,False,False,False,,,,,https://saigonratings.com/gsxhtn-sbt-2024/,,,,,,Tổ chức phát hành,Giám sát Xếp hạng (Hết hạn),vnA+,Ổn định,2026-09-20 08:47:49,saigonratings_xhtn_20260920.csv
FiinRatings,27/06/2024,2024-06-27,Công ty TNHH Đầu Tư Xây Dựng Thiên Hà - Băng Dương,Quốc gia,,Bất động sản,Tổ chức phát hành,Lần đầu,B,15.0,Ổn định,False,False,False,False,,,,,,,,https://fiinratings.vn/vi/ratings-fr/cong-ty-tnhh-daa-tu-xay-dung-thien-ha---bang-duong-id1287041.html,1287041.0,,XHTN Tổ chức phát hành,XHTN Lần đầu,B,Ổn định,2026-09-20 08:47:39,fiinratings_xhtn_20260920.csv
FiinRatings,26/06/2024,2024-06-26,Công ty Cổ phần Chứng khoán Dầu khí,Quốc gia,,Dịch vụ tài chính,Tổ chức phát hành,Cập nhật,BB+,11.0,Ổn định,False,False,False,False,,,,,,,,https://fiinratings.vn/vi/ratings-fr/cong-ty-co-phan-chung-khoan-daa-khi-id3658.html,3658.0,,XHTN Tổ chức phát hành,Cập nhật kết quả XHTN,BB+,Ổn định,2026-09-20 08:47:39,fiinratings_xhtn_20260920.csv
Saigon Ratings,26/06/2024,2024-06-26,Công Ty Cổ Phần Hàng Không VIETJET (VIETJET AIR),Quốc gia,,Hàng không,Tổ chức phát hành,Giám sát,BBB-,10.0,Ổn định,False,False,False,False,,,,,https://saigonratings.com/gsxhtn-vietjet-2024/,,,,,,Tổ chức phát hành,Giám sát Xếp hạng,vnBBB-,Ổn định,2026-09-20 08:47:49,saigonratings_xhtn_20260920.csv
FiinRatings,24/06/2024,2024-06-24,Công ty Cổ phần Phát Triển Tổng Hợp Hưng Thịnh Phát,Quốc gia,,Bất động sản,Tổ chức phát hành,Lần đầu,B,15.0,Ổn định,False,False,False,False,,,,,,,,https://fiinratings.vn/vi/ratings-fr/cong-ty-co-phan-phat-trien-tong-hop-hung-thinh-phat-id985517.html,985517.0,,XHTN Tổ chức phát hành,XHTN Lần đầu,B,Ổn định,2026-09-20 08:47:39,fiinratings_xhtn_20260920.csv
FiinRatings,20/06/2024,2024-06-20,Công ty Tài chính Tín dụng Tiêu dùng Trách nhiệm Hữu hạn MB Shinsei,Quốc gia,,Dịch vụ tài chính,Tổ chức phát hành,Lần đầu,A-,7.0,Ổn định,False,False,False,False,,,,,,,,https://fiinratings.vn/vi/ratings-fr/cong-ty-tai-chinh-tin-dung-tiea-dung-trach-nhiea-hữa-hạn-mb-shinsei-id6949.html,6949.0,,XHTN Tổ chức phát hành,XHTN Lần đầu,A-,Ổn định,2026-09-20 08:47:39,fiinratings_xhtn_20260920.csv
Saigon Ratings,18/06/2024,2024-06-18,Công ty Cổ phần Đầu tư và Thương mại TNG,Quốc gia,,May mặc,Tổ chức phát hành,Giám sát,A,6.0,Ổn định,True,False,False,False,,,,,https://saigonratings.com/gsxh6t-tng-may-mac-2024/,,,,,,Tổ chức phát hành,Giám sát Xếp hạng (hết hạn),vnA,Ổn định,2026-09-20 08:47:49,saigonratings_xhtn_20260920.csv
Saigon Ratings,17/06/2024,2024-06-17,Công ty Cổ phần Khu công nghiệp Thành Thành Công (TTC IZ),Quốc gia,,Cho thuê Bất động sản,Tổ chức phát hành,Giám sát,A,6.0,Ổn định,False,False,False,False,,,,,https://saigonratings.com/gsxhtn-ttc_kcn-2024/,,,,,,Tổ chức phát hành,Giám sát Xếp hạng,vnA,Ổn định,2026-09-20 08:47:49,saigonratings_xhtn_20260920.csv
Saigon Ratings,17/06/2024,2024-06-17,Công ty Cổ phần Thương mại Du lịch Tân Thành,Quốc gia,,Phát triển Bất động sản,Tổ chức phát hành,Giám sát,BBB+,8.0,Ổn định,True,False,False,False,,,,,https://saigonratings.com/gsxh6t-tan-thanh-2024/,,,,,,Tổ chức phát hành,Giám sát Xếp hạng (Hết hạn),vnBBB+,Ổn định,2026-09-20 08:47:49,saigonratings_xhtn_20260920.csv
Saigon Ratings,06/06/2024,2024-06-06,Công ty Cổ phần Thuận Đức,Quốc gia,,Bao bì,Tổ chức phát hành,Giám sát,BBB,9.0,Ổn định,False,False,False,False,,,,,https://saigonratings.com/gsxh-6t-thuan-duc-2024/,,,,,,Tổ chức phát hành,Giám sát Xếp hạng,vnBBB,Ổn định,2026-09-20 08:47:49,saigonratings_xhtn_20260920.csv
Saigon Ratings,05/06/2024,2024-06-05,Công ty Cổ Phần Bảo Hiểm nhân thọ Phú Hưng (PHU HUNG LIFE - PHL),Quốc gia,,Bảo hiểm nhân thọ,Tổ chức phát hành,Giám sát,,,,True,False,True,False,,,,,https://saigonratings.com/ket-qua-xep-hang-tin-nhiem-cong-ty-co-phan-bao-hiem-nhan-tho-phu-hung-phu-hung-life-nam-2024/,,,,,,Tổ chức phát hành,Giám sát Xếp hạng (hết hạn),Bảo mật,Bảo mật,2026-09-20 08:47:49,saigonratings_xhtn_20260920.csv
FiinRatings,03/06/2024,2024-06-03,Công ty Cổ Phần Dk Enc Việt Nam,Quốc gia,,Bất động sản,Tổ chức phát hành,Lần đầu,BB-,13.0,Ổn định,False,False,False,False,,,,,,,,https://fiinratings.vn/vi/ratings-fr/cong-ty-co-phan-dk-enc-viet-naa-id992980.html,992980.0,,XHTN Tổ chức phát hành,XHTN Lần đầu,BB-,Ổn định,2026-09-20 08:47:39,fiinratings_xhtn_20260920.csv
Saigon Ratings,31/05/2024,2024-05-31,Công ty Cổ phần Tập đoàn Đầu tư I.P.A,Quốc gia,,Tổng Công ty Đầu tư,Tổ chức phát hành,Lần đầu,BBB+,8.0,Ổn định,False,False,False,False,,,,,https://saigonratings.com/kqxhtn-ipa-2024/,,,,,,Tổ chức phát hành,Xếp hạng lần đầu,vnBBB+,Ổn định,2026-09-20 08:47:49,saigonratings_xhtn_20260920.csv
Saigon Ratings,30/05/2024,2024-05-30,Công ty Cổ phần Du lịch Thành Thành Công,Quốc gia,,Dịch vụ Khách sạn - Nhà hàng - Giải trí,Tổ chức phát hành,Lần đầu,BBB+,8.0,Ổn định,True,False,False,False,,,,,https://saigonratings.com/kqxhtn-du-lich-thanh-thanh-cong-2024/,,,,,,Tổ chức phát hành,Xếp hạng lần đầu (hết hạn),vnBBB+,Ổn định,2026-09-20 08:47:49,saigonratings_xhtn_20260920.csv
VIS Rating,29/05/2024,2024-05-29,Công ty Cổ phần Đầu tư Kinh doanh Bất động sản Hà An,Quốc gia,Doanh nghiệp,,Tổ chức phát hành,Lần đầu,BBB,9.0,Ổn định,False,False,False,False,,,Dài hạn,,https://visrating.com/ket-qua-xep-hang-tin-nhiem/bao-cao/vis-rating-ha-an-bao-cao-ket-qua-xep-hang-tin-nhiem-29052024-pdf.26.html,https://visrating.com/rating-results/report/vis-rating-ha-an-rating-announcement-29052024-pdf.26.html,,https://visrating.com/ket-qua-xep-hang-tin-nhiem/to-chuc/cong-ty-co-phan-dau-tu-kinh-doanh-bat-dong-san-ha-an.1.html,1.0,Doanh nghiệp,Doanh nghiệp,Xếp hạng lần đầu,BBB,Ổn định,2026-09-20 08:47:45,visrating_xhtn_20260920.csv
FiinRatings,24/05/2024,2024-05-24,Công ty Cổ phần Chứng khoán Tiên Phong,Quốc gia,,Dịch vụ tài chính,Tổ chức phát hành,Cập nhật,BBB-,10.0,Ổn định,False,False,False,False,,,,,,,,https://fiinratings.vn/vi/ratings-fr/cong-ty-co-phan-chung-khoan-tien-phong-id3542.html,3542.0,,XHTN Tổ chức phát hành,Cập nhật kết quả XHTN,BBB-,Ổn định,2026-09-20 08:47:39,fiinratings_xhtn_20260920.csv
FiinRatings,23/05/2024,2024-05-23,Công ty Cổ phần Kinh doanh F88,Quốc gia,,Dịch vụ tài chính,Tổ chức phát hành,Cập nhật,BBB-,10.0,Ổn định,False,False,False,False,,,,,,,,https://fiinratings.vn/vi/ratings-fr/cong-ty-co-phan-kinh-doanh-f88-id7766.html,7766.0,,XHTN Tổ chức phát hành,Cập nhật kết quả XHTN,BBB-,Ổn định,2026-09-20 08:47:39,fiinratings_xhtn_20260920.csv
VIS Rating,21/05/2024,2024-05-21,Ngân hàng TMCP Tiên Phong,Quốc gia,Định chế tài chính,,Tổ chức phát hành,Lần đầu,AA-,4.0,Ổn định,False,False,False,False,,,Dài hạn,,https://visrating.com/ket-qua-xep-hang-tin-nhiem/bao-cao/vis-rating-tpb-bao-cao-ket-qua-xep-hang-tin-nhiem-21052024-pdf.25.html,https://visrating.com/rating-results/report/vis-rating-tpb-rating-announcement-21052024-pdf.25.html,,https://visrating.com/ket-qua-xep-hang-tin-nhiem/to-chuc/ngan-hang-tmcp-tien-phong.4.html,4.0,Định chế tài chính,Doanh nghiệp,Xếp hạng lần đầu,AA-,Ổn định,2026-09-20 08:47:45,visrating_xhtn_20260920.csv
FiinRatings,17/05/2024,2024-05-17,Công ty TNHH Hoàng Trúc My,Quốc gia,,Bất động sản,Tổ chức phát hành,Cập nhật,B,15.0,Ổn định,False,False,False,False,,,,,,,,https://fiinratings.vn/vi/ratings-fr/cong-ty-tnhh-hoang-truc-my-id1958231.html,1958231.0,,XHTN Tổ chức phát hành,Cập nhật kết quả XHTN,B,Ổn định,2026-09-20 08:47:39,fiinratings_xhtn_20260920.csv
VIS Rating,15/05/2024,2024-05-15,Ngân hàng TMCP Phương Đông,Quốc gia,Định chế tài chính,,Tổ chức phát hành,Lần đầu,A+,5.0,Ổn định,False,False,False,False,,,Dài hạn,,https://visrating.com/ket-qua-xep-hang-tin-nhiem/bao-cao/vis-rating-ocb-bao-cao-ket-qua-xep-hang-tin-nhiem-15052024-pdf.24.html,https://visrating.com/rating-results/report/vis-rating-ocb-rating-announcement-15052024-pdf.24.html,,https://visrating.com/ket-qua-xep-hang-tin-nhiem/to-chuc/ngan-hang-tmcp-phuong-dong.3.html,3.0,Định chế tài chính,Doanh nghiệp,Xếp hạng lần đầu,A+,Ổn định,2026-09-20 08:47:45,visrating_xhtn_20260920.csv
VIS Rating,08/05/2024,2024-05-08,Ngân hàng TMCP Lộc Phát Việt Nam,Quốc gia,Định chế tài chính,,Tổ chức phát hành,Lần đầu,A+,5.0,Ổn định,False,False,False,False,,,Dài hạn,,https://visrating.com/ket-qua-xep-hang-tin-nhiem/bao-cao/bao-cao-ket-qua-xep-hang-tin-nhiem-lpbank-08052024.139.html,https://visrating.com/rating-results/report/rating-announcement-lpbank-08052024.139.html,,https://visrating.com/ket-qua-xep-hang-tin-nhiem/to-chuc/ngan-hang-tmcp-loc-phat-viet-nam.2.html,2.0,Định chế tài chính,Doanh nghiệp,Xếp hạng lần đầu,A+,Ổn định,2026-09-20 08:47:45,visrating_xhtn_20260920.csv
FiinRatings,29/04/2024,2024-04-29,Công ty Cổ phần Phát triển Bất động sản Văn Phú,Quốc gia,,Bất động sản,Tổ chức phát hành,Cập nhật,BB+,11.0,Ổn định,False,False,False,False,,,,,,,,https://fiinratings.vn/vi/ratings-fr/cong-ty-co-phan-phat-trien-bat-dong-san-van-phu-id6328.html,6328.0,,XHTN Tổ chức phát hành,Cập nhật kết quả XHTN,BB+,Ổn định,2026-09-20 08:47:39,fiinratings_xhtn_20260920.csv
FiinRatings,25/04/2024,2024-04-25,Công ty Cổ phần Đầu tư Nam Long,Quốc gia,,Bất động sản,Tổ chức phát hành,Lần đầu,A-,7.0,Ổn định,False,False,False,False,,,,,,,,https://fiinratings.vn/vi/ratings-fr/cong-ty-co-phan-daa-tu-naa-long-id3448.html,3448.0,,XHTN Tổ chức phát hành,XHTN Lần đầu,A-,Ổn định,2026-09-20 08:47:39,fiinratings_xhtn_20260920.csv
Saigon Ratings,17/04/2024,2024-04-17,Công ty Cổ phần Phát triển Nhiên liệu Sinh học Việt Nam,Quốc gia,,Hóa chất,Tổ chức phát hành,Lần đầu,CCC+,17.0,Tiêu cực,True,False,False,False,,,,,https://saigonratings.com/kqxhtn-nhien-lieu-sinh-hoc-2024/,,,,,,Tổ chức phát hành,Xếp hạng lần đầu (hết hạn),vnCCC+,Tiêu cực,2026-09-20 08:47:49,saigonratings_xhtn_20260920.csv
FiinRatings,12/04/2024,2024-04-12,Ngân hàng Thương mại Cổ phần Quốc tế Việt Nam,Quốc gia,,Ngân hàng,Tổ chức phát hành,Lần đầu,A,6.0,Tích cực,False,False,False,False,,,,,,,,https://fiinratings.vn/vi/ratings-fr/ngan-hang-thuong-aại-co-phan-qaoc-te-viet-naa-id4062.html,4062.0,,XHTN Tổ chức phát hành,XHTN Lần đầu,A,Tích cực,2026-09-20 08:47:39,fiinratings_xhtn_20260920.csv
Saigon Ratings,12/04/2024,2024-04-12,Công ty TNHH Aqua City Hòa Bình,Quốc gia,,Phát triển Bất động sản,Tổ chức phát hành,Lần đầu,BB-,13.0,Ổn định,True,False,False,False,,,,,https://saigonratings.com/kqxhtn-aqua-hoabinh-2024/,,,,,,Tổ chức phát hành,Xếp hạng lần đầu (hết hạn),vnBB-,Ổn định,2026-09-20 08:47:49,saigonratings_xhtn_20260920.csv
Saigon Ratings,12/04/2024,2024-04-12,Công ty TNHH Khu Đô thị mới Trung Minh,Quốc gia,,Phát triển Bất động sản,Tổ chức phát hành,Lần đầu,BB-,13.0,Ổn định,True,False,False,False,,,,,https://saigonratings.com/kqxhtn-trung-minh-2024/,,,,,,Tổ chức phát hành,Xếp hạng lần đầu (hết hạn),vnBB-,Ổn định,2026-09-20 08:47:49,saigonratings_xhtn_20260920.csv
FiinRatings,01/04/2024,2024-04-01,Ngân hàng Thương mại Cổ phần Bắc Á,Quốc gia,,Ngân hàng,Tổ chức phát hành,Lần đầu,A-,7.0,Ổn định,False,False,False,False,,,,,,,,https://fiinratings.vn/vi/ratings-fr/ngan-hang-thuong-aại-co-phan-bac-a-id3422.html,3422.0,,XHTN Tổ chức phát hành,XHTN Lần đầu,A-,Ổn định,2026-09-20 08:47:39,fiinratings_xhtn_20260920.csv
FiinRatings,29/03/2024,2024-03-29,Ngân hàng Thương mại Cổ phần Phát Triển Thành phố Hồ Chí Minh,Quốc gia,,Ngân hàng,Tổ chức phát hành,Lần đầu,A,6.0,Ổn định,False,False,False,False,,,,,,,,https://fiinratings.vn/vi/ratings-fr/ngan-hang-thuong-aại-co-phan-phat-trien-thanh-pho-hồ-chi-minh-id3101.html,3101.0,,XHTN Tổ chức phát hành,XHTN Lần đầu,A,Ổn định,2026-09-20 08:47:39,fiinratings_xhtn_20260920.csv
FiinRatings,28/02/2024,2024-02-28,Công ty Cổ phần Tập đoàn Hà Đô,Quốc gia,,Đa ngành,Tổ chức phát hành,Cập nhật,A,6.0,Ổn định,False,False,False,False,,,,,,,,https://fiinratings.vn/vi/ratings-fr/cong-ty-co-phan-tap-doan-ha-do-id3116.html,3116.0,,XHTN Tổ chức phát hành,Cập nhật kết quả XHTN,A,Ổn định,2026-09-20 08:47:39,fiinratings_xhtn_20260920.csv
Saigon Ratings,23/02/2024,2024-02-23,Công ty TNHH Logisvalley Bắc Ninh (FDI),Quốc gia,,Cho thuê Bất động sản,Tổ chức phát hành,Lần đầu,BBB-,10.0,Ổn định,True,False,False,False,,,,,https://saigonratings.com/kqxhtn-logisvalley-bacninh-2024/,,,,,,Tổ chức phát hành,Xếp hạng lần đầu (hết hạn),vnBBB-,Ổn định,2026-09-20 08:47:49,saigonratings_xhtn_20260920.csv
Saigon Ratings,23/02/2024,2024-02-23,Công ty TNHH Logisvalley Vina (FDI),Quốc gia,,Cho thuê Bất động sản,Tổ chức phát hành,Lần đầu,BB+,11.0,Ổn định,True,False,False,False,,,,,https://saigonratings.com/kqxhtn-logisvalley-vina-2024/,,,,,,Tổ chức phát hành,Xếp hạng lần đầu (hết hạn),vnBB+,Ổn định,2026-09-20 08:47:49,saigonratings_xhtn_20260920.csv
FiinRatings,01/02/2024,2024-02-01,Công ty TNHH Hoàng Trúc My,Quốc gia,,Bất động sản,Tổ chức phát hành,Lần đầu,BB-,13.0,Ổn định,False,False,False,False,,,,,,,,https://fiinratings.vn/vi/ratings-fr/cong-ty-tnhh-hoang-truc-my-id1958231.html,1958231.0,,XHTN Tổ chức phát hành,XHTN Lần đầu,BB-,Ổn định,2026-09-20 08:47:39,fiinratings_xhtn_20260920.csv
FiinRatings,31/01/2024,2024-01-31,Công ty Cổ phần Điện Gia Lai,Quốc gia,,Điện,Tổ chức phát hành,Cập nhật,A-,7.0,Ổn định,False,False,False,False,,,,,,,,https://fiinratings.vn/vi/ratings-fr/cong-ty-co-phan-dien-gia-lai-id2964.html,2964.0,,XHTN Tổ chức phát hành,Cập nhật kết quả XHTN,A-,Ổn định,2026-09-20 08:47:39,fiinratings_xhtn_20260920.csv
Saigon Ratings,23/01/2024,2024-01-23,Công ty Cổ phần Thương mại Du Lịch Lạc Hồng,Quốc gia,,Dịch vụ lưu trú,Tổ chức phát hành,Lần đầu,BBB,9.0,Ổn định,True,False,False,False,,,,,https://saigonratings.com/kqxhtn-cong-ty-du-lich-lac-hong-2024/,,,,,,Tổ chức phát hành,Xếp hạng lần đầu (hết hạn),vnBBB,Ổn định,2026-09-20 08:47:49,saigonratings_xhtn_20260920.csv
FiinRatings,15/01/2024,2024-01-15,Công ty Cổ phần Xây dựng Coteccons,Quốc gia,,Xây dựng,Tổ chức phát hành,Cập nhật,BBB,9.0,Ổn định,False,False,False,False,,,,,,,,https://fiinratings.vn/vi/ratings-fr/cong-ty-co-phan-xay-dung-coteccons-id2564.html,2564.0,,XHTN Tổ chức phát hành,Cập nhật kết quả XHTN,BBB,Ổn định,2026-09-20 08:47:39,fiinratings_xhtn_20260920.csv
Saigon Ratings,12/01/2024,2024-01-12,Công ty Cổ phần Đầu tư Thành Thành Công (TTCI),Quốc gia,,Tổng công ty đầu tư,Tổ chức phát hành,Giám sát,A+,5.0,Ổn định,False,False,False,False,,,,,https://saigonratings.com/gsxhtn-ttc_dau_tu-2023/,,,,,,Tổ chức phát hành,Giám sát Xếp hạng,vnA+,Ổn định,2026-09-20 08:47:49,saigonratings_xhtn_20260920.csv
Saigon Ratings,09/01/2024,2024-01-09,Công ty Cổ phần Đầu tư & Quản lý Khách sạn TNH,Quốc gia,,Dịch vụ lưu trú,Tổ chức phát hành,Giám sát,,,,True,False,True,False,,,,,https://saigonratings.com/ket-qua-giam-sat-xep-hang-tin-nhiem-lan-1-tnh-2023/,,,,,,Tổ chức phát hành,Giám sát Xếp hạng (Hết hạn),Bảo mật,Bảo mật,2026-09-20 08:47:49,saigonratings_xhtn_20260920.csv
Saigon Ratings,31/12/2023,2023-12-31,Công ty Cổ phần Chứng khoán Rồng Việt (VDS),Quốc gia,,Chứng khoán,Tổ chức phát hành,Lần đầu,BBB,9.0,Ổn định,False,False,False,False,,,,,https://saigonratings.com/kqxhtn-chung-khoan-rong-viet-2023/,,,,,,Tổ chức phát hành,Xếp hạng lần đầu,vnBBB,Ổn định,2026-09-20 08:47:49,saigonratings_xhtn_20260920.csv
FiinRatings,30/12/2023,2023-12-30,Công ty Cổ phần Đầu Tư Và Phát Triển Xây Dựng,Quốc gia,,Bất động sản,Tổ chức phát hành,Lần đầu,BB+,11.0,Ổn định,False,False,False,False,,,,,,,,https://fiinratings.vn/vi/ratings-fr/cong-ty-co-phan-daa-tu-va-phat-trien-xay-dung-id3325.html,3325.0,,XHTN Tổ chức phát hành,XHTN Lần đầu,BB+,Ổn định,2026-09-20 08:47:39,fiinratings_xhtn_20260920.csv
Saigon Ratings,30/12/2023,2023-12-30,Công ty Cổ phần Dịch vụ Cáp treo Bà Nà,Quốc gia,,Vui chơi - Giải trí,Tổ chức phát hành,Lần đầu,BBB-,10.0,Ổn định,True,False,False,False,,,,,https://saigonratings.com/kqxhtn-cap-treo-ba-na-2023/,,,,,,Tổ chức phát hành,Xếp hạng lần đầu (hết hạn),vnBBB-,Ổn định,2026-09-20 08:47:49,saigonratings_xhtn_20260920.csv
FiinRatings,28/12/2023,2023-12-28,Công ty Cổ phần Chứng khoán Dầu khí,Quốc gia,,Dịch vụ tài chính,Tổ chức phát hành,Cập nhật,BB+,11.0,Ổn định,False,False,False,False,,,,,,,,https://fiinratings.vn/vi/ratings-fr/cong-ty-co-phan-chung-khoan-daa-khi-id3658.html,3658.0,,XHTN Tổ chức phát hành,Cập nhật kết quả XHTN,BB+,Ổn định,2026-09-20 08:47:39,fiinratings_xhtn_20260920.csv
Saigon Ratings,25/12/2023,2023-12-25,Công ty Cổ phần Đầu tư và Xây dựng Xa lộ Hà Nội,Quốc gia,,Hạ tầng vận tải,Tổ chức phát hành,Lần đầu,A+,5.0,Ổn định,True,False,False,False,,,,,https://saigonratings.com/kqxhtn-cong-ty-xa-lo-ha-noi-2023/,,,,,,Tổ chức phát hành,Xếp hạng lần đầu (hết hạn),vnA+,Ổn định,2026-09-20 08:47:49,saigonratings_xhtn_20260920.csv
Saigon Ratings,25/12/2023,2023-12-25,Công ty TNHH MTV BOT Tỉnh Ninh Thuận,Quốc gia,,Hạ tầng vận tải,Tổ chức phát hành,Lần đầu,A,6.0,Ổn định,True,False,False,False,,,,,https://saigonratings.com/kqxhtn-bot-ninh-thuan-2023/,,,,,,Tổ chức phát hành,Xếp hạng lần đầu (hết hạn),vnA,Ổn định,2026-09-20 08:47:49,saigonratings_xhtn_20260920.csv
Saigon Ratings,21/12/2023,2023-12-21,Công ty Cổ phần Khu công nghiệp Thành Thành Công (TTC IZ),Quốc gia,,Cho thuê Bất động sản,Tổ chức phát hành,Giám sát,A,6.0,Ổn định,False,False,False,False,,,,,https://saigonratings.com/gsxhtn-ttc_kcn-2023/,,,,,,Tổ chức phát hành,Giám sát Xếp hạng,vnA,Ổn định,2026-09-20 08:47:49,saigonratings_xhtn_20260920.csv
Saigon Ratings,15/12/2023,2023-12-15,Công ty Cổ phần Tập đoàn Khải Hoàn Land,Quốc gia,,Dịch vụ - Phát triển Bất động sản,Tổ chức phát hành,Lần đầu,BBB-,10.0,Ổn định,False,False,False,False,,,,,https://saigonratings.com/ket-qua-xep-hang-tin-nhiem-cong-ty-cp-khai-hoan-land-2023/,,,,,,Tổ chức phát hành,Xếp hạng lần đầu,vnBBB-,Ổn định,2026-09-20 08:47:49,saigonratings_xhtn_20260920.csv
Saigon Ratings,12/12/2023,2023-12-12,Công ty Cổ phần Bệnh viện Quốc tế Thái Nguyên,Quốc gia,,Dịch vụ y tế,Tổ chức phát hành,Lần đầu,A+,5.0,Ổn định,True,False,False,False,,,,,https://saigonratings.com/ket-qua-xep-hang-tin-nhiem-cong-ty-cp-bv-thai-nguyen-2023/,,,,,,Tổ chức phát hành,Xếp hạng lần đầu (hết hạn),vnA+,Ổn định,2026-09-20 08:47:49,saigonratings_xhtn_20260920.csv
FiinRatings,08/12/2023,2023-12-08,Công ty Cổ phần Kinh doanh F88,Quốc gia,,Dịch vụ tài chính,Tổ chức phát hành,Cập nhật,BBB-,10.0,Tiêu cực,False,False,False,False,,,,,,,,https://fiinratings.vn/vi/ratings-fr/cong-ty-co-phan-kinh-doanh-f88-id7766.html,7766.0,,XHTN Tổ chức phát hành,Cập nhật kết quả XHTN,BBB-,Không thuận lợi,2026-09-20 08:47:39,fiinratings_xhtn_20260920.csv
Saigon Ratings,17/11/2023,2023-11-17,Công Ty Cổ Phần Hàng Không VIETJET (VIETJET AIR),Quốc gia,,Hàng không,Tổ chức phát hành,Giám sát,BBB-,10.0,Ổn định,False,False,False,False,,,,,https://saigonratings.com/ket-qua-giam-sat-xep-hang-tin-nhiem-lan-1-vietjet-2023/,,,,,,Tổ chức phát hành,Giám sát Xếp hạng,vnBBB-,Ổn định,2026-09-20 08:47:49,saigonratings_xhtn_20260920.csv
Saigon Ratings,15/11/2023,2023-11-15,Công ty Cổ phần Thương mại Du lịch Tân Thành,Quốc gia,,Phát triển Bất động Sản,Tổ chức phát hành,Lần đầu,BBB+,8.0,Ổn định,True,False,False,False,,,,,https://saigonratings.com/ket-qua-xep-hang-tin-nhiem-cong-ty-cp-tan-thanh-2023/,,,,,,Tổ chức phát hành,Xếp hạng lần đầu (Hết hạn),vnBBB+,Ổn định,2026-09-20 08:47:49,saigonratings_xhtn_20260920.csv
Saigon Ratings,02/11/2023,2023-11-02,Công ty Cổ phần Thuận Đức,Quốc gia,,Bao bì,Tổ chức phát hành,Lần đầu,BBB,9.0,Ổn định,False,False,False,False,,,,,https://saigonratings.com/ket-qua-xep-hang-tin-nhiem-cong-ty-cp-thuan-duc-2023/,,,,,,Tổ chức phát hành,Xếp hạng lần đầu,vnBBB,Ổn định,2026-09-20 08:47:49,saigonratings_xhtn_20260920.csv
FiinRatings,01/11/2023,2023-11-01,Ngân hàng Thương mại Cổ phần Kỹ thương Việt Nam,Quốc gia,,Ngân hàng,Tổ chức phát hành,Lần đầu,A+,5.0,Ổn định,False,False,False,False,,,,,,,,https://fiinratings.vn/vi/ratings-fr/ngan-hang-thuong-aại-co-phan-ky-thuong-viet-naa-id3842.html,3842.0,,XHTN Tổ chức phát hành,XHTN Lần đầu,A+,Ổn định,2026-09-20 08:47:39,fiinratings_xhtn_20260920.csv
Saigon Ratings,31/10/2023,2023-10-31,Công ty Cổ phần Đầu tư và Thương mại TNG,Quốc gia,,May mặc,Tổ chức phát hành,Lần đầu,A,6.0,Ổn định,True,False,False,False,,,,,https://saigonratings.com/ket-qua-xep-hang-tin-nhiem-cong-ty-cp-may-mac-tng-nam-2023/,,,,,,Tổ chức phát hành,Xếp hạng lần đầu (hết hạn),vnA,Ổn định,2026-09-20 08:47:49,saigonratings_xhtn_20260920.csv
FiinRatings,10/10/2023,2023-10-10,Công ty Cổ phần CAMIMEX Group,Quốc gia,,Thủy sản,Tổ chức phát hành,Cập nhật,BB,12.0,Ổn định,False,False,False,False,,,,,,,,https://fiinratings.vn/vi/ratings-fr/cong-ty-co-phan-camimex-groap-id2482.html,2482.0,,XHTN Tổ chức phát hành,Cập nhật kết quả XHTN,BB,Ổn định,2026-09-20 08:47:39,fiinratings_xhtn_20260920.csv
FiinRatings,06/10/2023,2023-10-06,Công ty Cổ phần Chứng khoán Tiên Phong,Quốc gia,,Dịch vụ tài chính,Tổ chức phát hành,Lần đầu,BBB-,10.0,Ổn định,False,False,False,False,,,,,,,,https://fiinratings.vn/vi/ratings-fr/cong-ty-co-phan-chung-khoan-tien-phong-id3542.html,3542.0,,XHTN Tổ chức phát hành,XHTN Lần đầu,BBB-,Ổn định,2026-09-20 08:47:39,fiinratings_xhtn_20260920.csv
Saigon Ratings,02/10/2023,2023-10-02,Công ty Cổ Phần Bảo Hiểm Phú Hưng (PAC),Quốc gia,,Bảo hiểm phi nhân thọ,Tổ chức phát hành,Giám sát,,,,True,False,True,False,,,,,https://saigonratings.com/ket-qua-xep-hang-tin-nhiem-cong-ty-co-phan-bao-hiem-phu-hung-phu-hung-assurance-nam-2023/,,,,,,Tổ chức phát hành,Giám sát Xếp hạng (hết hạn),Bảo mật,Bảo mật,2026-09-20 08:47:49,saigonratings_xhtn_20260920.csv
Saigon Ratings,15/09/2023,2023-09-15,Công ty Cổ phần Thành Thành Công - Biên Hòa (SBT),Quốc gia,,Sản xuất đường,Tổ chức phát hành,Giám sát,A+,5.0,Ổn định,True,False,False,False,,,,,https://saigonratings.com/ket-qua-xep-hang-tin-nhiem-cong-ty-co-phan-sbt-nam-2023/,,,,,,Tổ chức phát hành,Giám sát Xếp hạng (Hết hạn),vnA+,Ổn định,2026-09-20 08:47:49,saigonratings_xhtn_20260920.csv
FiinRatings,28/08/2023,2023-08-28,Công ty Cổ phần Tập đoàn Hà Đô,Quốc gia,,Đa ngành,Tổ chức phát hành,Lần đầu,A,6.0,Ổn định,False,False,False,False,,,,,,,,https://fiinratings.vn/vi/ratings-fr/cong-ty-co-phan-tap-doan-ha-do-id3116.html,3116.0,,XHTN Tổ chức phát hành,XHTN Lần đầu,A,Ổn định,2026-09-20 08:47:39,fiinratings_xhtn_20260920.csv
FiinRatings,01/08/2023,2023-08-01,Công ty Cổ phần Chứng khoán Rồng Việt,Quốc gia,,Dịch vụ tài chính,Tổ chức phát hành,Cập nhật,BB+,11.0,Ổn định,False,False,False,False,,,,,,,,https://fiinratings.vn/vi/ratings-fr/cong-ty-co-phan-chung-khoan-rồng-viet-id4078.html,4078.0,,XHTN Tổ chức phát hành,Cập nhật kết quả XHTN,BB+,Ổn định,2026-09-20 08:47:39,fiinratings_xhtn_20260920.csv
FiinRatings,31/07/2023,2023-07-31,Công ty Cổ phần Điện Gia Lai,Quốc gia,,Điện,Tổ chức phát hành,Lần đầu,A-,7.0,Ổn định,False,False,False,False,,,,,,,,https://fiinratings.vn/vi/ratings-fr/cong-ty-co-phan-dien-gia-lai-id2964.html,2964.0,,XHTN Tổ chức phát hành,XHTN Lần đầu,A-,Ổn định,2026-09-20 08:47:39,fiinratings_xhtn_20260920.csv
FiinRatings,14/07/2023,2023-07-14,Công ty Cổ phần Phát triển Bất động sản Văn Phú,Quốc gia,,Bất động sản,Tổ chức phát hành,Cập nhật,BB+,11.0,Tiêu cực,False,False,False,False,,,,,,,,https://fiinratings.vn/vi/ratings-fr/cong-ty-co-phan-phat-trien-bat-dong-san-van-phu-id6328.html,6328.0,,XHTN Tổ chức phát hành,Cập nhật kết quả XHTN,BB+,Không thuận lợi,2026-09-20 08:47:39,fiinratings_xhtn_20260920.csv
Saigon Ratings,10/07/2023,2023-07-10,Công ty Cổ phần Xây dựng Sao Vàng Tây Đô,Quốc gia,,Phát triển Bất động sản,Tổ chức phát hành,Giám sát,BBB,9.0,Ổn định,True,False,False,False,,,,,https://saigonratings.com/ket-qua-gsxhtn-svtd-2023/,,,,,,Tổ chức phát hành,Giám sát Xếp hạng (Hết hạn),vnBBB,Ổn định,2026-09-20 08:47:49,saigonratings_xhtn_20260920.csv
Saigon Ratings,28/06/2023,2023-06-28,Công ty Cổ phần Đầu tư Công Nghiệp Xuất Nhập Khẩu Đông Dương,Quốc gia,,Năng lượng tái tạo,Tổ chức phát hành,Lần đầu,B-,16.0,Tiêu cực,True,False,False,False,,,,,https://saigonratings.com/ket-qua-xep-hang-tin-nhiem-cong-ty-co-phan-dau-tu-dong-duong-nam-2023/,,,,,,Tổ chức phát hành,Xếp hạng lần đầu (hết hạn),vnB-,Tiêu cực,2026-09-20 08:47:49,saigonratings_xhtn_20260920.csv
FiinRatings,14/06/2023,2023-06-14,Công ty Cổ phần Xây dựng Coteccons,Quốc gia,,Xây dựng,Tổ chức phát hành,Lần đầu,BBB,9.0,Ổn định,False,False,False,False,,,,,,,,https://fiinratings.vn/vi/ratings-fr/cong-ty-co-phan-xay-dung-coteccons-id2564.html,2564.0,,XHTN Tổ chức phát hành,XHTN Lần đầu,BBB,Ổn định,2026-09-20 08:47:39,fiinratings_xhtn_20260920.csv
Saigon Ratings,12/06/2023,2023-06-12,Công ty Cổ phần Đầu tư Thành Thành Công (TTCI),Quốc gia,,Tổng công ty đầu tư,Tổ chức phát hành,Lần đầu,A+,5.0,Ổn định,False,False,False,True,,,,,https://saigonratings.com/ket-qua-xep-hang-tin-nhiem-cong-ty-co-phan-dau-tu-ttc-nam-2023/,,,,,,Tổ chức phát hành,Xếp hạng lần đầu,vnA+,Ổn định,2026-09-20 08:47:49,saigonratings_xhtn_20260920.csv
FiinRatings,09/06/2023,2023-06-09,Công Ty TNHH Khai Thác Chế Biến Khoáng Sản Núi Pháo,Quốc gia,,Khai khoáng,Tổ chức phát hành,Lần đầu,BBB,9.0,Ổn định,False,False,False,False,,,,,,,,https://fiinratings.vn/vi/ratings-fr/cong-ty-tnhh-khai-thac-che-bien-khoang-san-nui-phao-id180.html,180.0,,XHTN Tổ chức phát hành,XHTN Lần đầu,BBB,Ổn định,2026-09-20 08:47:39,fiinratings_xhtn_20260920.csv
Saigon Ratings,08/06/2023,2023-06-08,Công ty Cổ Phần Bảo Hiểm nhân thọ Phú Hưng (PHU HUNG LIFE - PHL),Quốc gia,,Bảo hiểm nhân thọ,Tổ chức phát hành,Giám sát,,,,True,False,True,False,,,,,https://saigonratings.com/ket-qua-xep-hang-tin-nhiem-cong-ty-co-phan-bao-hiem-nhan-tho-phu-hung-phu-hung-life-nam-2023/,,,,,,Tổ chức phát hành,Giám sát Xếp hạng (hết hạn),Bảo mật,Bảo mật,2026-09-20 08:47:49,saigonratings_xhtn_20260920.csv
Saigon Ratings,26/05/2023,2023-05-26,Công ty Cổ phần Khu công nghiệp Thành Thành Công (TTC IZ),Quốc gia,,Cho thuê Bất động sản,Tổ chức phát hành,Lần đầu,A,6.0,Ổn định,False,False,False,True,,,,,https://saigonratings.com/ket-qua-xep-hang-tin-nhiem-cong-ty-co-phan-kcn-ttc-nam-2023/,,,,,,Tổ chức phát hành,Xếp hạng lần đầu,vnA,Ổn định,2026-09-20 08:47:49,saigonratings_xhtn_20260920.csv
FiinRatings,12/05/2023,2023-05-12,Công ty Cổ phần Chứng khoán Dầu khí,Quốc gia,,Dịch vụ tài chính,Tổ chức phát hành,Lần đầu,BB+,11.0,Ổn định,False,False,False,False,,,,,,,,https://fiinratings.vn/vi/ratings-fr/cong-ty-co-phan-chung-khoan-daa-khi-id3658.html,3658.0,,XHTN Tổ chức phát hành,XHTN Lần đầu,BB+,Ổn định,2026-09-20 08:47:39,fiinratings_xhtn_20260920.csv
Fitch Ratings,27/04/2023,2023-04-27,Home Credit Vietnam Finance Company Limited,Quốc tế,,,Tổ chức phát hành,Kết thúc,WD,,,True,False,False,False,Đã rút xếp hạng,,Dài hạn,Long Term Issuer Default Rating,,,,https://www.fitchratings.com/entity/home-credit-vietnam-finance-company-limited-96645418,96645418.0,,Tổ chức phát hành,Withdrawn,WD,,2026-09-20 08:48:11,fitch_xhtn_20260920.csv
FiinRatings,12/04/2023,2023-04-12,Công ty Cổ phần Kinh doanh F88,Quốc gia,,Dịch vụ tài chính,Tổ chức phát hành,Cập nhật,BBB-,10.0,Tiêu cực,False,False,False,False,,,,,,,,https://fiinratings.vn/vi/ratings-fr/cong-ty-co-phan-kinh-doanh-f88-id7766.html,7766.0,,XHTN Tổ chức phát hành,Cập nhật kết quả XHTN,BBB-,Không thuận lợi,2026-09-20 08:47:39,fiinratings_xhtn_20260920.csv
FiinRatings,31/03/2023,2023-03-31,Công ty Cổ phần CAMIMEX Group,Quốc gia,,Thủy sản,Tổ chức phát hành,Lần đầu,BB,12.0,Ổn định,False,False,False,False,,,,,,,,https://fiinratings.vn/vi/ratings-fr/cong-ty-co-phan-camimex-groap-id2482.html,2482.0,,XHTN Tổ chức phát hành,XHTN Lần đầu,BB,Ổn định,2026-09-20 08:47:39,fiinratings_xhtn_20260920.csv
Saigon Ratings,27/03/2023,2023-03-27,Công Ty Cổ Phần Hàng Không VIETJET (VIETJET AIR),Quốc gia,,Hàng không,Tổ chức phát hành,Lần đầu,BB+,11.0,Ổn định,False,False,False,True,,,,,https://saigonratings.com/ket-qua-xep-hang-tin-nhiem-cong-ty-co-phan-hk-vietjet-2023/,,,,,,Tổ chức phát hành,Xếp hạng lần đầu,vnBB+,Ổn định,2026-09-20 08:47:49,saigonratings_xhtn_20260920.csv
FiinRatings,17/03/2023,2023-03-17,Công ty Cổ phần Chứng khoán Vietcap,Quốc gia,,Dịch vụ tài chính,Tổ chức phát hành,Cập nhật,A-,7.0,Ổn định,False,False,False,False,,,,,,,,https://fiinratings.vn/vi/ratings-fr/cong-ty-co-phan-chung-khoan-vietcap-id4089.html,4089.0,,XHTN Tổ chức phát hành,Cập nhật kết quả XHTN,A-,Ổn định,2026-09-20 08:47:39,fiinratings_xhtn_20260920.csv
Saigon Ratings,14/03/2023,2023-03-14,Công ty Cổ phần Bất động sản Mỹ,Quốc gia,,Phát triển Bất động Sản,Tổ chức phát hành,Lần đầu,,,,True,False,True,True,,,,,https://saigonratings.com/ket-qua-xep-hang-tin-nhiem-cong-ty-co-phan-bds-my-nam-2023/,,,,,,Tổ chức phát hành,Xếp hạng lần đầu (hết hạn),Bảo mật,Bảo mật,2026-09-20 08:47:49,saigonratings_xhtn_20260920.csv
Saigon Ratings,14/03/2023,2023-03-14,Công ty Cổ phần Thương mại Quảng cáo Xây dựng Địa ốc Việt Hân,Quốc gia,,Phát triển Bất động Sản,Tổ chức phát hành,Lần đầu,,,,True,False,True,True,,,,,https://saigonratings.com/ket-qua-xep-hang-tin-nhiem-cong-ty-co-phan-viet-han-nam-2023/,,,,,,Tổ chức phát hành,Xếp hạng lần đầu (hết hạn),Bảo mật,Bảo mật,2026-09-20 08:47:49,saigonratings_xhtn_20260920.csv
Saigon Ratings,14/03/2023,2023-03-14,Công ty Cổ phần Đầu tư & Cho thuê Tài sản TNL,Quốc gia,,Cho thuê tài sản,Tổ chức phát hành,Lần đầu,,,,True,False,True,True,,,,,https://saigonratings.com/ket-qua-xep-hang-tin-nhiem-cong-ty-co-phan-tnl-nam-2023/,,,,,,Tổ chức phát hành,Xếp hạng lần đầu (hết hạn),Bảo mật,Bảo mật,2026-09-20 08:47:49,saigonratings_xhtn_20260920.csv
FiinRatings,19/01/2023,2023-01-19,Công ty Cổ phần Chứng khoán Rồng Việt,Quốc gia,,Dịch vụ tài chính,Tổ chức phát hành,Lần đầu,BB,12.0,Ổn định,False,False,False,False,,,,,,,,https://fiinratings.vn/vi/ratings-fr/cong-ty-co-phan-chung-khoan-rồng-viet-id4078.html,4078.0,,XHTN Tổ chức phát hành,XHTN Lần đầu,BB,Ổn định,2026-09-20 08:47:39,fiinratings_xhtn_20260920.csv
Saigon Ratings,12/01/2023,2023-01-12,Công ty Cổ phần Đầu tư Phát triển Bất động sản TNR,Quốc gia,,Phát triển Bất động Sản,Tổ chức phát hành,Lần đầu,,,,True,False,True,True,,,,,https://saigonratings.com/ket-qua-xep-hang-tin-nhiem-cong-ty-tnr-nam-2022/,,,,,,Tổ chức phát hành,Xếp hạng lần đầu (Hết hạn),Bảo mật,Bảo mật,2026-09-20 08:47:49,saigonratings_xhtn_20260920.csv
Saigon Ratings,30/12/2022,2022-12-30,Công ty Cổ phần Thành Thành Công - Biên Hòa (SBT),Quốc gia,,Sản xuất đường,Tổ chức phát hành,Lần đầu,A+,5.0,Ổn định,True,False,False,True,,,,,https://saigonratings.com/ket-qua-xep-hang-tin-nhiem-cong-ty-co-phan-sbt-nam-2022/,,,,,,Tổ chức phát hành,Xếp hạng lần đầu (Hết hạn),vnA+,Ổn định,2026-09-20 08:47:49,saigonratings_xhtn_20260920.csv
Saigon Ratings,13/12/2022,2022-12-13,Công ty Cổ phần Đầu tư & Quản lý Khách sạn TNH,Quốc gia,,Dịch vụ lưu trú,Tổ chức phát hành,Giám sát,,,,True,False,True,False,,,,,https://saigonratings.com/ket-qua-giam-sat-xep-hang-tin-nhiem-lan-1-tnh-2022/,,,,,,Tổ chức phát hành,Giám sát Xếp hạng (Hết hạn),Bảo mật,Bảo mật,2026-09-20 08:47:49,saigonratings_xhtn_20260920.csv
FiinRatings,04/12/2022,2022-12-04,Công ty Cổ phần Đầu tư và Kinh doanh nhà Khang Điền,Quốc gia,,Bất động sản,Tổ chức phát hành,Cập nhật,BBB+,8.0,Ổn định,False,False,False,False,,,,,,,,https://fiinratings.vn/vi/ratings-fr/cong-ty-co-phan-daa-tu-va-kinh-doanh-nha-khang-dien-id3349.html,3349.0,,XHTN Tổ chức phát hành,Cập nhật kết quả XHTN,BBB+,Ổn định,2026-09-20 08:47:39,fiinratings_xhtn_20260920.csv
FiinRatings,30/11/2022,2022-11-30,Công ty Cổ phần Đầu tư và Phát triển Bất động sản An Gia,Quốc gia,,Bất động sản,Tổ chức phát hành,Cập nhật,BBB-,10.0,Ổn định,False,False,False,False,,,,,,,,https://fiinratings.vn/vi/ratings-fr/cong-ty-co-phan-daa-tu-va-phat-trien-bat-dong-san-an-gia-id8289.html,8289.0,,XHTN Tổ chức phát hành,Cập nhật kết quả XHTN,BBB-,Ổn định,2026-09-20 08:47:39,fiinratings_xhtn_20260920.csv
FiinRatings,23/11/2022,2022-11-23,Công ty Cổ phần Phát triển Bất động sản Văn Phú,Quốc gia,,Bất động sản,Tổ chức phát hành,Cập nhật,BB+,11.0,Ổn định,False,False,False,False,,,,,,,,https://fiinratings.vn/vi/ratings-fr/cong-ty-co-phan-phat-trien-bat-dong-san-van-phu-id6328.html,6328.0,,XHTN Tổ chức phát hành,Cập nhật kết quả XHTN,BB+,Ổn định,2026-09-20 08:47:39,fiinratings_xhtn_20260920.csv
FiinRatings,21/11/2022,2022-11-21,Công ty Cổ phần Chứng khoán MB,Quốc gia,,Dịch vụ tài chính,Tổ chức phát hành,Cập nhật,A-,7.0,Ổn định,False,False,False,False,,,,,,,,https://fiinratings.vn/vi/ratings-fr/cong-ty-co-phan-chung-khoan-mb-id3944.html,3944.0,,XHTN Tổ chức phát hành,Cập nhật kết quả XHTN,A-,Ổn định,2026-09-20 08:47:39,fiinratings_xhtn_20260920.csv
Saigon Ratings,16/11/2022,2022-11-16,Công ty Cổ phần Năng lượng TNPower,Quốc gia,,Năng lượng,Tổ chức phát hành,Lần đầu,,,,True,False,True,True,,,,,https://saigonratings.com/ket-qua-xep-hang-tin-nhiem-cong-ty-co-phan-nang-luong-tnpower-nam-2022/,,,,,,Tổ chức phát hành,Xếp hạng lần đầu (Hết hạn),Bảo mật,Bảo mật,2026-09-20 08:47:49,saigonratings_xhtn_20260920.csv
FiinRatings,08/11/2022,2022-11-08,Công ty Cổ phần Kinh doanh F88,Quốc gia,,Dịch vụ tài chính,Tổ chức phát hành,Cập nhật,BBB-,10.0,Ổn định,False,False,False,False,,,,,,,,https://fiinratings.vn/vi/ratings-fr/cong-ty-co-phan-kinh-doanh-f88-id7766.html,7766.0,,XHTN Tổ chức phát hành,Cập nhật kết quả XHTN,BBB-,Ổn định,2026-09-20 08:47:39,fiinratings_xhtn_20260920.csv
Saigon Ratings,05/10/2022,2022-10-05,Công ty Cổ phần Xây dựng Sao Vàng Tây Đô,Quốc gia,,Phát triển Bất động sản,Tổ chức phát hành,Lần đầu,BBB,9.0,Ổn định,True,False,False,True,,,,,https://saigonratings.com/ket-qua-xep-hang-tin-nhiem-cong-ty-co-phan-xay-dung-sao-vang-tay-do-nam-2022/,,,,,,Tổ chức phát hành,Xếp hạng lần đầu (Hết hạn),vnBBB,Ổn định,2026-09-20 08:47:49,saigonratings_xhtn_20260920.csv
FiinRatings,19/09/2022,2022-09-19,Công ty Cổ phần Chứng khoán Vietcap,Quốc gia,,Dịch vụ tài chính,Tổ chức phát hành,Lần đầu,A-,7.0,Ổn định,False,False,False,False,,,,,,,,https://fiinratings.vn/vi/ratings-fr/cong-ty-co-phan-chung-khoan-vietcap-id4089.html,4089.0,,XHTN Tổ chức phát hành,XHTN Lần đầu,A-,Ổn định,2026-09-20 08:47:39,fiinratings_xhtn_20260920.csv
Saigon Ratings,13/09/2022,2022-09-13,Công ty Cổ Phần Bảo Hiểm Phú Hưng (PAC),Quốc gia,,Bảo hiểm phi nhân thọ,Tổ chức phát hành,Giám sát,,,,True,False,True,False,,,,,https://saigonratings.com/ket-qua-xep-hang-tin-nhiem-cong-ty-co-phan-bao-hiem-phu-hung-phu-hung-assurance-nam-2022/,,,,,,Tổ chức phát hành,Giám sát Xếp hạng (hết hạn),Bảo mật,Bảo mật,2026-09-20 08:47:49,saigonratings_xhtn_20260920.csv
Saigon Ratings,06/09/2022,2022-09-06,Công ty Cổ phần AAC Việt Nam,Quốc gia,,Phát triển Bất động sản,Tổ chức phát hành,Lần đầu,,,,True,False,True,True,,,,,https://saigonratings.com/ket-qua-xep-hang-tin-nhiem-cong-ty-co-phan-aac-viet-nam-nam-2022/,,,,,,Tổ chức phát hành,Xếp hạng lần đầu (Hết hạn),Bảo mật,Bảo mật,2026-09-20 08:47:49,saigonratings_xhtn_20260920.csv
Saigon Ratings,06/09/2022,2022-09-06,Công ty Cổ phần bất động sản HANO-VID,Quốc gia,,Phát triển Bất động sản,Tổ chức phát hành,Lần đầu,,,,True,False,True,True,,,,,https://saigonratings.com/ket-qua-xep-hang-tin-nhiem-cong-ty-co-phan-bat-dong-san-hano-vid-nam-2022/,,,,,,Tổ chức phát hành,Xếp hạng lần đầu (Hết hạn),Bảo mật,Bảo mật,2026-09-20 08:47:49,saigonratings_xhtn_20260920.csv
Saigon Ratings,06/09/2022,2022-09-06,Công ty Cổ phần Đầu tư & Quản lý Khách sạn TNH,Quốc gia,,Dịch vụ lưu trú,Tổ chức phát hành,Lần đầu,,,,True,False,True,True,,,,,https://saigonratings.com/ket-qua-xep-hang-tin-nhiem-cong-ty-co-phan-dau-tu-quan-ly-khach-san-tnh-nam-2022/,,,,,,Tổ chức phát hành,Xếp hạng lần đầu (Hết hạn),Bảo mật,Bảo mật,2026-09-20 08:47:49,saigonratings_xhtn_20260920.csv
FiinRatings,28/06/2022,2022-06-28,Công ty Cổ phần Tập đoàn Bamboo Capital,Quốc gia,,Đa ngành,Tổ chức phát hành,Cập nhật,BB,12.0,Ổn định,False,False,False,False,,,,,,,,https://fiinratings.vn/vi/ratings-fr/cong-ty-co-phan-tap-doan-baaboo-capital-id2791.html,2791.0,,XHTN Tổ chức phát hành,Cập nhật kết quả XHTN,BB,Ổn định,2026-09-20 08:47:39,fiinratings_xhtn_20260920.csv
FiinRatings,21/06/2022,2022-06-21,Công ty Cổ phần Kinh doanh F88,Quốc gia,,Dịch vụ tài chính,Tổ chức phát hành,Cập nhật,BBB-,10.0,Ổn định,False,False,False,False,,,,,,,,https://fiinratings.vn/vi/ratings-fr/cong-ty-co-phan-kinh-doanh-f88-id7766.html,7766.0,,XHTN Tổ chức phát hành,Cập nhật kết quả XHTN,BBB-,Ổn định,2026-09-20 08:47:39,fiinratings_xhtn_20260920.csv
Saigon Ratings,07/06/2022,2022-06-07,Công ty Cổ Phần Bảo Hiểm nhân thọ Phú Hưng (PHU HUNG LIFE - PHL),Quốc gia,,Bảo hiểm nhân thọ,Tổ chức phát hành,Giám sát,,,,True,False,True,False,,,,,https://saigonratings.com/ket-qua-xep-hang-tin-nhiem-cong-ty-co-phan-bao-hiem-nhan-tho-phu-hung-phu-hung-life-nam-2022/,,,,,,Tổ chức phát hành,Giám sát Xếp hạng (hết hạn),Bảo mật,Bảo mật,2026-09-20 08:47:49,saigonratings_xhtn_20260920.csv
Saigon Ratings,10/05/2022,2022-05-10,Công ty TNHH Kirby Đông Nam Á,Quốc gia,,Vật liệu xây dựng,Tổ chức phát hành,Lần đầu,A-,7.0,Ổn định,True,False,False,False,,,,,https://saigonratings.com/ket-qua-xep-hang-tin-nhiem-cong-ty-tnhh-kirby-dong-nam-a-nam-2022/,,,,,,Tổ chức phát hành,Xếp hạng lần đầu (hết hạn),vnA-,Ổn định,2026-09-20 08:47:49,saigonratings_xhtn_20260920.csv
FiinRatings,25/04/2022,2022-04-25,Công ty Cổ phần Chứng khoán MB,Quốc gia,,Dịch vụ tài chính,Tổ chức phát hành,Lần đầu,A-,7.0,Ổn định,False,False,False,False,,,,,,,,https://fiinratings.vn/vi/ratings-fr/cong-ty-co-phan-chung-khoan-mb-id3944.html,3944.0,,XHTN Tổ chức phát hành,XHTN Lần đầu,A-,Ổn định,2026-09-20 08:47:39,fiinratings_xhtn_20260920.csv
FiinRatings,20/04/2022,2022-04-20,Công ty Cổ phần Phát triển Bất động sản Văn Phú,Quốc gia,,Bất động sản,Tổ chức phát hành,Lần đầu,BB+,11.0,Ổn định,False,False,False,False,,,,,,,,https://fiinratings.vn/vi/ratings-fr/cong-ty-co-phan-phat-trien-bat-dong-san-van-phu-id6328.html,6328.0,,XHTN Tổ chức phát hành,XHTN Lần đầu,BB+,Ổn định,2026-09-20 08:47:39,fiinratings_xhtn_20260920.csv
FiinRatings,04/04/2022,2022-04-04,Công ty Cổ phần Đầu tư và Kinh doanh nhà Khang Điền,Quốc gia,,Bất động sản,Tổ chức phát hành,Lần đầu,BBB+,8.0,Ổn định,False,False,False,False,,,,,,,,https://fiinratings.vn/vi/ratings-fr/cong-ty-co-phan-daa-tu-va-kinh-doanh-nha-khang-dien-id3349.html,3349.0,,XHTN Tổ chức phát hành,XHTN Lần đầu,BBB+,Ổn định,2026-09-20 08:47:39,fiinratings_xhtn_20260920.csv
FiinRatings,29/03/2022,2022-03-29,Công ty Cổ phần Đầu tư và Phát triển Bất động sản An Gia,Quốc gia,,Bất động sản,Tổ chức phát hành,Lần đầu,BBB-,10.0,Ổn định,False,False,False,False,,,,,,,,https://fiinratings.vn/vi/ratings-fr/cong-ty-co-phan-daa-tu-va-phat-trien-bat-dong-san-an-gia-id8289.html,8289.0,,XHTN Tổ chức phát hành,XHTN Lần đầu,BBB-,Ổn định,2026-09-20 08:47:39,fiinratings_xhtn_20260920.csv
FiinRatings,26/01/2022,2022-01-26,Công ty Tài chính Tổng hợp cổ phần Tín Việt,Quốc gia,,Dịch vụ tài chính,Tổ chức phát hành,Cập nhật,BBB-,10.0,Tiêu cực,False,True,False,False,,,,,,,,https://fiinratings.vn/vi/ratings-fr/cong-ty-tai-chinh-tong-hop-co-phan-tin-viet-id2474.html,2474.0,,XHTN Tổ chức phát hành,Cập nhật kết quả XHTN,BBB-,Theo dõi ngắn hạn XHTN: Không thuận lợi,2026-09-20 08:47:39,fiinratings_xhtn_20260920.csv
FiinRatings,12/10/2021,2021-10-12,Công ty Cổ phần Kinh doanh F88,Quốc gia,,Dịch vụ tài chính,Tổ chức phát hành,Lần đầu,BBB-,10.0,Ổn định,False,False,False,False,,,,,,,,https://fiinratings.vn/vi/ratings-fr/cong-ty-co-phan-kinh-doanh-f88-id7766.html,7766.0,,XHTN Tổ chức phát hành,XHTN Lần đầu,BBB-,Ổn định,2026-09-20 08:47:39,fiinratings_xhtn_20260920.csv
FiinRatings,16/08/2021,2021-08-16,Công ty Cổ phần Tập đoàn Bamboo Capital,Quốc gia,,Đa ngành,Tổ chức phát hành,Lần đầu,BB,12.0,Tích cực,False,False,False,False,,,,,,,,https://fiinratings.vn/vi/ratings-fr/cong-ty-co-phan-tap-doan-baaboo-capital-id2791.html,2791.0,,XHTN Tổ chức phát hành,XHTN Lần đầu,BB,Tích cực,2026-09-20 08:47:39,fiinratings_xhtn_20260920.csv
Saigon Ratings,27/07/2021,2021-07-27,Công ty Cổ Phần Bảo Hiểm Phú Hưng (PAC),Quốc gia,,Bảo hiểm phi nhân thọ,Tổ chức phát hành,Giám sát,,,,True,False,True,True,,,,,https://saigonratings.com/ket-qua-xep-hang-tin-nhiem-cong-ty-co-phan-bao-hiem-phu-hung-phu-hung-assurance-nam-2021/,,,,,,Tổ chức phát hành,Giám sát Xếp hạng (hết hạn),Bảo mật,Bảo mật,2026-09-20 08:47:49,saigonratings_xhtn_20260920.csv
Saigon Ratings,08/06/2021,2021-06-08,Công ty Cổ Phần Bảo Hiểm nhân thọ Phú Hưng (PHU HUNG LIFE - PHL),Quốc gia,,Bảo hiểm nhân thọ,Tổ chức phát hành,Giám sát,,,,True,False,True,True,,,,,https://saigonratings.com/ket-qua-xep-hang-tin-nhiem-cong-ty-co-phan-bao-hiem-nhan-tho-phu-hung-phu-hung-life-nam-2021/,,,,,,Tổ chức phát hành,Giám sát Xếp hạng (hết hạn),Bảo mật,Bảo mật,2026-09-20 08:47:49,saigonratings_xhtn_20260920.csv
FiinRatings,19/05/2021,2021-05-19,Công ty Tài chính Tổng hợp cổ phần Tín Việt,Quốc gia,,Dịch vụ tài chính,Tổ chức phát hành,Lần đầu,BBB-,10.0,Ổn định,False,False,False,False,,,,,,,,https://fiinratings.vn/vi/ratings-fr/cong-ty-tai-chinh-tong-hop-co-phan-tin-viet-id2474.html,2474.0,,XHTN Tổ chức phát hành,XHTN Lần đầu,BBB-,Ổn định,2026-09-20 08:47:39,fiinratings_xhtn_20260920.csv
Saigon Ratings,14/10/2020,2020-10-14,Công ty Cổ Phần Bảo Hiểm Phú Hưng (PAC),Quốc gia,,Bảo hiểm phi nhân thọ,Tổ chức phát hành,Giám sát,,,,True,False,True,True,,,,,https://saigonratings.com/ket-qua-xep-hang-tin-nhiem-cong-ty-co-phan-bao-hiem-phu-hung-phu-hung-assurance-nam-2020/,,,,,,Tổ chức phát hành,Giám sát Xếp hạng (hết hạn),Bảo mật,Bảo mật,2026-09-20 08:47:49,saigonratings_xhtn_20260920.csv
Saigon Ratings,03/06/2020,2020-06-03,Công ty Cổ Phần Bảo Hiểm nhân thọ Phú Hưng (PHU HUNG LIFE - PHL),Quốc gia,,Bảo hiểm nhân thọ,Tổ chức phát hành,Giám sát,,,,True,False,True,True,,,,,https://saigonratings.com/ket-qua-xep-hang-tin-nhiem-cong-ty-co-phan-bao-hiem-nhan-tho-phu-hung-phu-hung-life-nam-2020/,,,,,,Tổ chức phát hành,Giám sát Xếp hạng (hết hạn),Bảo mật,Bảo mật,2026-09-20 08:47:49,saigonratings_xhtn_20260920.csv
Saigon Ratings,28/11/2019,2019-11-28,Công ty Cổ Phần Bảo Hiểm Phú Hưng (PAC),Quốc gia,,Bảo hiểm phi nhân thọ,Tổ chức phát hành,Lần đầu,,,,True,False,True,True,,,,,https://saigonratings.com/ket-qua-xep-hang-tin-nhiem-cong-ty-co-phan-bao-hiem-phu-hung-phu-hung-assurance-nam-2019/,,,,,,Tổ chức phát hành,Xếp hạng lần đầu (hết hạn),Bảo mật,Bảo mật,2026-09-20 08:47:49,saigonratings_xhtn_20260920.csv
Saigon Ratings,12/09/2019,2019-09-12,Công Ty Cổ Phần Free Land,Quốc gia,,Phát triển Bất động sản,Tổ chức phát hành,Lần đầu,A,6.0,Ổn định,True,False,False,True,,,,,https://saigonratings.com/ket-qua-xep-hang-tin-nhiem-cong-ty-co-phan-free-land-nam-2019/,,,,,,Tổ chức phát hành,Xếp hạng lần đầu (hết hạn),A,Ổn định,2026-09-20 08:47:49,saigonratings_xhtn_20260920.csv
Saigon Ratings,26/06/2019,2019-06-26,Công ty Cổ Phần Bảo Hiểm nhân thọ Phú Hưng (PHU HUNG LIFE - PHL),Quốc gia,,Bảo hiểm nhân thọ,Tổ chức phát hành,Lần đầu,,,,True,False,True,True,,,,,https://saigonratings.com/ket-qua-xep-hang-tin-nhiem-cong-ty-co-phan-bao-hiem-nhan-tho-phu-hung-phu-hung-life-nam-2019/,,,,,,Tổ chức phát hành,Xếp hạng lần đầu (hết hạn),Bảo mật,Bảo mật,2026-09-20 08:47:49,saigonratings_xhtn_20260920.csv
Saigon Ratings,20/03/2019,2019-03-20,Công ty TNHH Kirby Đông Nam Á,Quốc gia,,Vật liệu xây dựng,Tổ chức phát hành,Lần đầu,A,6.0,Ổn định,True,False,False,True,,,,,https://saigonratings.com/ket-qua-xep-hang-tin-nhiem-cong-ty-tnhh-kirby-dong-nam-a-nam-2019/,,,,,,Tổ chức phát hành,Xếp hạng lần đầu (hết hạn),A,Ổn định,2026-09-20 08:47:49,saigonratings_xhtn_20260920.csv
Saigon Ratings,,,Công ty Cổ phần Tập đoàn APEC Group,Quốc gia,,Hạ tầng kỹ thuật,Tổ chức phát hành,Không thực hiện,,,,True,False,False,False,,,,,,,,,,,Tổ chức phát hành,Không tiếp tục thực hiện Xếp hạng lần đầu,,,2026-09-20 08:47:49,saigonratings_xhtn_20260920.csv
Saigon Ratings,,,Công ty Cổ phần Tập đoàn Ngọc Thiên Global,Quốc gia,,Sản xuất kim loại,Tổ chức phát hành,Không thực hiện,,,,True,False,False,False,,,,,,,,,,,Tổ chức phát hành,Không tiếp tục thực hiện Xếp hạng lần đầu,,,2026-09-20 08:47:49,saigonratings_xhtn_20260920.csv
Saigon Ratings,,,Công ty TNHH Mũi Né Xanh,Quốc gia,,Dịch vụ lưu trú,Tổ chức phát hành,Không thực hiện,,,,True,False,False,False,,,,,,,,,,,Tổ chức phát hành,Không tiếp tục thực hiện Xếp hạng lần đầu,,,2026-09-20 08:47:49,saigonratings_xhtn_20260920.csv
Saigon Ratings,,,Công ty TNHH Phú Hưng Phát,Quốc gia,,Phát triển Bất động sản,Tổ chức phát hành,Không thực hiện,,,,True,False,False,False,,,,,,,,,,,Tổ chức phát hành,Không tiếp tục thực hiện Xếp hạng lần đầu,,,2026-09-20 08:47:49,saigonratings_xhtn_20260920.csv
